id,sectionId,rowNumber,seatNumber,status,version
SEAT000001,ST001_S01,1,1,BOOKED,1
SEAT000002,ST001_S01,1,2,AVAILABLE,0
SEAT000003,ST001_S01,1,3,AVAILABLE,0
SEAT000004,ST001_S01,1,4,AVAILABLE,0
SEAT000005,ST001_S01,1,5,AVAILABLE,0
SEAT000006,ST001_S01,1,6,AVAILABLE,0
SEAT000007,ST001_S01,1,7,AVAILABLE,0
SEAT000008,ST001_S01,1,8,AVAILABLE,0
SEAT000009,ST001_S01,1,9,AVAILABLE,0
SEAT000010,ST001_S01,1,10,AVAILABLE,0
SEAT000011,ST001_S01,1,11,AVAILABLE,0
SEAT000012,ST001_S01,1,12,AVAILABLE,0
SEAT000013,ST001_S01,1,13,AVAILABLE,0
SEAT000014,ST001_S01,1,14,AVAILABLE,0
SEAT000015,ST001_S01,1,15,AVAILABLE,0
SEAT000016,ST001_S01,1,16,AVAILABLE,0
SEAT000017,ST001_S01,1,17,AVAILABLE,0
SEAT000018,ST001_S01,1,18,AVAILABLE,0
SEAT000019,ST001_S01,1,19,AVAILABLE,0
SEAT000020,ST001_S01,1,20,AVAILABLE,0
SEAT000021,ST001_S01,1,21,AVAILABLE,0
SEAT000022,ST001_S01,1,22,AVAILABLE,0
SEAT000023,ST001_S01,1,23,AVAILABLE,0
SEAT000024,ST001_S01,1,24,AVAILABLE,0
SEAT000025,ST001_S01,1,25,AVAILABLE,0
SEAT000026,ST001_S01,1,26,AVAILABLE,0
SEAT000027,ST001_S01,1,27,AVAILABLE,0
SEAT000028,ST001_S01,1,28,AVAILABLE,0
SEAT000029,ST001_S01,1,29,AVAILABLE,0
SEAT000030,ST001_S01,1,30,AVAILABLE,0
SEAT000031,ST001_S01,1,31,AVAILABLE,0
SEAT000032,ST001_S01,1,32,AVAILABLE,0
SEAT000033,ST001_S01,1,33,AVAILABLE,0
SEAT000034,ST001_S01,1,34,AVAILABLE,0
SEAT000035,ST001_S01,1,35,AVAILABLE,0
SEAT000036,ST001_S01,1,36,AVAILABLE,0
SEAT000037,ST001_S01,1,37,AVAILABLE,0
SEAT000038,ST001_S01,1,38,AVAILABLE,0
SEAT000039,ST001_S01,1,39,AVAILABLE,0
SEAT000040,ST001_S01,1,40,AVAILABLE,0
SEAT000041,ST001_S01,1,41,AVAILABLE,0
SEAT000042,ST001_S01,1,42,AVAILABLE,0
SEAT000043,ST001_S01,1,43,AVAILABLE,0
SEAT000044,ST001_S01,1,44,AVAILABLE,0
SEAT000045,ST001_S01,1,45,AVAILABLE,0
SEAT000046,ST001_S01,1,46,AVAILABLE,0
SEAT000047,ST001_S01,1,47,AVAILABLE,0
SEAT000048,ST001_S01,1,48,AVAILABLE,0
SEAT000049,ST001_S01,1,49,AVAILABLE,0
SEAT000050,ST001_S01,1,50,AVAILABLE,0
SEAT000051,ST001_S01,2,1,AVAILABLE,0
SEAT000052,ST001_S01,2,2,AVAILABLE,0
SEAT000053,ST001_S01,2,3,AVAILABLE,0
SEAT000054,ST001_S01,2,4,AVAILABLE,0
SEAT000055,ST001_S01,2,5,AVAILABLE,0
SEAT000056,ST001_S01,2,6,AVAILABLE,0
SEAT000057,ST001_S01,2,7,AVAILABLE,0
SEAT000058,ST001_S01,2,8,AVAILABLE,0
SEAT000059,ST001_S01,2,9,AVAILABLE,0
SEAT000060,ST001_S01,2,10,AVAILABLE,0
SEAT000061,ST001_S01,2,11,AVAILABLE,0
SEAT000062,ST001_S01,2,12,AVAILABLE,0
SEAT000063,ST001_S01,2,13,AVAILABLE,0
SEAT000064,ST001_S01,2,14,AVAILABLE,0
SEAT000065,ST001_S01,2,15,AVAILABLE,0
SEAT000066,ST001_S01,2,16,AVAILABLE,0
SEAT000067,ST001_S01,2,17,AVAILABLE,0
SEAT000068,ST001_S01,2,18,AVAILABLE,0
SEAT000069,ST001_S01,2,19,AVAILABLE,0
SEAT000070,ST001_S01,2,20,AVAILABLE,0
SEAT000071,ST001_S01,2,21,AVAILABLE,0
SEAT000072,ST001_S01,2,22,AVAILABLE,0
SEAT000073,ST001_S01,2,23,AVAILABLE,0
SEAT000074,ST001_S01,2,24,AVAILABLE,0
SEAT000075,ST001_S01,2,25,AVAILABLE,0
SEAT000076,ST001_S01,2,26,AVAILABLE,0
SEAT000077,ST001_S01,2,27,AVAILABLE,0
SEAT000078,ST001_S01,2,28,AVAILABLE,0
SEAT000079,ST001_S01,2,29,AVAILABLE,0
SEAT000080,ST001_S01,2,30,AVAILABLE,0
SEAT000081,ST001_S01,2,31,AVAILABLE,0
SEAT000082,ST001_S01,2,32,AVAILABLE,0
SEAT000083,ST001_S01,2,33,AVAILABLE,0
SEAT000084,ST001_S01,2,34,AVAILABLE,0
SEAT000085,ST001_S01,2,35,AVAILABLE,0
SEAT000086,ST001_S01,2,36,AVAILABLE,0
SEAT000087,ST001_S01,2,37,AVAILABLE,0
SEAT000088,ST001_S01,2,38,AVAILABLE,0
SEAT000089,ST001_S01,2,39,AVAILABLE,0
SEAT000090,ST001_S01,2,40,AVAILABLE,0
SEAT000091,ST001_S01,2,41,AVAILABLE,0
SEAT000092,ST001_S01,2,42,AVAILABLE,0
SEAT000093,ST001_S01,2,43,AVAILABLE,0
SEAT000094,ST001_S01,2,44,AVAILABLE,0
SEAT000095,ST001_S01,2,45,AVAILABLE,0
SEAT000096,ST001_S01,2,46,AVAILABLE,0
SEAT000097,ST001_S01,2,47,AVAILABLE,0
SEAT000098,ST001_S01,2,48,AVAILABLE,0
SEAT000099,ST001_S01,2,49,AVAILABLE,0
SEAT000100,ST001_S01,2,50,AVAILABLE,0
SEAT000101,ST001_S01,3,1,AVAILABLE,0
SEAT000102,ST001_S01,3,2,AVAILABLE,0
SEAT000103,ST001_S01,3,3,AVAILABLE,0
SEAT000104,ST001_S01,3,4,AVAILABLE,0
SEAT000105,ST001_S01,3,5,AVAILABLE,0
SEAT000106,ST001_S01,3,6,AVAILABLE,0
SEAT000107,ST001_S01,3,7,AVAILABLE,0
SEAT000108,ST001_S01,3,8,AVAILABLE,0
SEAT000109,ST001_S01,3,9,AVAILABLE,0
SEAT000110,ST001_S01,3,10,AVAILABLE,0
SEAT000111,ST001_S01,3,11,AVAILABLE,0
SEAT000112,ST001_S01,3,12,AVAILABLE,0
SEAT000113,ST001_S01,3,13,AVAILABLE,0
SEAT000114,ST001_S01,3,14,AVAILABLE,0
SEAT000115,ST001_S01,3,15,AVAILABLE,0
SEAT000116,ST001_S01,3,16,AVAILABLE,0
SEAT000117,ST001_S01,3,17,AVAILABLE,0
SEAT000118,ST001_S01,3,18,AVAILABLE,0
SEAT000119,ST001_S01,3,19,AVAILABLE,0
SEAT000120,ST001_S01,3,20,AVAILABLE,0
SEAT000121,ST001_S01,3,21,AVAILABLE,0
SEAT000122,ST001_S01,3,22,AVAILABLE,0
SEAT000123,ST001_S01,3,23,AVAILABLE,0
SEAT000124,ST001_S01,3,24,AVAILABLE,0
SEAT000125,ST001_S01,3,25,AVAILABLE,0
SEAT000126,ST001_S01,3,26,AVAILABLE,0
SEAT000127,ST001_S01,3,27,AVAILABLE,0
SEAT000128,ST001_S01,3,28,AVAILABLE,0
SEAT000129,ST001_S01,3,29,AVAILABLE,0
SEAT000130,ST001_S01,3,30,AVAILABLE,0
SEAT000131,ST001_S01,3,31,AVAILABLE,0
SEAT000132,ST001_S01,3,32,AVAILABLE,0
SEAT000133,ST001_S01,3,33,AVAILABLE,0
SEAT000134,ST001_S01,3,34,AVAILABLE,0
SEAT000135,ST001_S01,3,35,AVAILABLE,0
SEAT000136,ST001_S01,3,36,AVAILABLE,0
SEAT000137,ST001_S01,3,37,AVAILABLE,0
SEAT000138,ST001_S01,3,38,AVAILABLE,0
SEAT000139,ST001_S01,3,39,AVAILABLE,0
SEAT000140,ST001_S01,3,40,AVAILABLE,0
SEAT000141,ST001_S01,3,41,AVAILABLE,0
SEAT000142,ST001_S01,3,42,AVAILABLE,0
SEAT000143,ST001_S01,3,43,AVAILABLE,0
SEAT000144,ST001_S01,3,44,AVAILABLE,0
SEAT000145,ST001_S01,3,45,AVAILABLE,0
SEAT000146,ST001_S01,3,46,AVAILABLE,0
SEAT000147,ST001_S01,3,47,AVAILABLE,0
SEAT000148,ST001_S01,3,48,AVAILABLE,0
SEAT000149,ST001_S01,3,49,AVAILABLE,0
SEAT000150,ST001_S01,3,50,AVAILABLE,0
SEAT000151,ST001_S01,4,1,AVAILABLE,0
SEAT000152,ST001_S01,4,2,AVAILABLE,0
SEAT000153,ST001_S01,4,3,AVAILABLE,0
SEAT000154,ST001_S01,4,4,AVAILABLE,0
SEAT000155,ST001_S01,4,5,AVAILABLE,0
SEAT000156,ST001_S01,4,6,AVAILABLE,0
SEAT000157,ST001_S01,4,7,AVAILABLE,0
SEAT000158,ST001_S01,4,8,AVAILABLE,0
SEAT000159,ST001_S01,4,9,AVAILABLE,0
SEAT000160,ST001_S01,4,10,AVAILABLE,0
SEAT000161,ST001_S01,4,11,AVAILABLE,0
SEAT000162,ST001_S01,4,12,AVAILABLE,0
SEAT000163,ST001_S01,4,13,AVAILABLE,0
SEAT000164,ST001_S01,4,14,AVAILABLE,0
SEAT000165,ST001_S01,4,15,AVAILABLE,0
SEAT000166,ST001_S01,4,16,AVAILABLE,0
SEAT000167,ST001_S01,4,17,AVAILABLE,0
SEAT000168,ST001_S01,4,18,AVAILABLE,0
SEAT000169,ST001_S01,4,19,AVAILABLE,0
SEAT000170,ST001_S01,4,20,AVAILABLE,0
SEAT000171,ST001_S01,4,21,AVAILABLE,0
SEAT000172,ST001_S01,4,22,AVAILABLE,0
SEAT000173,ST001_S01,4,23,AVAILABLE,0
SEAT000174,ST001_S01,4,24,AVAILABLE,0
SEAT000175,ST001_S01,4,25,AVAILABLE,0
SEAT000176,ST001_S01,4,26,AVAILABLE,0
SEAT000177,ST001_S01,4,27,AVAILABLE,0
SEAT000178,ST001_S01,4,28,AVAILABLE,0
SEAT000179,ST001_S01,4,29,AVAILABLE,0
SEAT000180,ST001_S01,4,30,AVAILABLE,0
SEAT000181,ST001_S01,4,31,AVAILABLE,0
SEAT000182,ST001_S01,4,32,AVAILABLE,0
SEAT000183,ST001_S01,4,33,AVAILABLE,0
SEAT000184,ST001_S01,4,34,AVAILABLE,0
SEAT000185,ST001_S01,4,35,AVAILABLE,0
SEAT000186,ST001_S01,4,36,AVAILABLE,0
SEAT000187,ST001_S01,4,37,AVAILABLE,0
SEAT000188,ST001_S01,4,38,AVAILABLE,0
SEAT000189,ST001_S01,4,39,AVAILABLE,0
SEAT000190,ST001_S01,4,40,AVAILABLE,0
SEAT000191,ST001_S01,4,41,AVAILABLE,0
SEAT000192,ST001_S01,4,42,AVAILABLE,0
SEAT000193,ST001_S01,4,43,AVAILABLE,0
SEAT000194,ST001_S01,4,44,AVAILABLE,0
SEAT000195,ST001_S01,4,45,AVAILABLE,0
SEAT000196,ST001_S01,4,46,AVAILABLE,0
SEAT000197,ST001_S01,4,47,AVAILABLE,0
SEAT000198,ST001_S01,4,48,AVAILABLE,0
SEAT000199,ST001_S01,4,49,AVAILABLE,0
SEAT000200,ST001_S01,4,50,AVAILABLE,0
SEAT000201,ST001_S01,5,1,AVAILABLE,0
SEAT000202,ST001_S01,5,2,AVAILABLE,0
SEAT000203,ST001_S01,5,3,AVAILABLE,0
SEAT000204,ST001_S01,5,4,AVAILABLE,0
SEAT000205,ST001_S01,5,5,AVAILABLE,0
SEAT000206,ST001_S01,5,6,AVAILABLE,0
SEAT000207,ST001_S01,5,7,AVAILABLE,0
SEAT000208,ST001_S01,5,8,AVAILABLE,0
SEAT000209,ST001_S01,5,9,AVAILABLE,0
SEAT000210,ST001_S01,5,10,AVAILABLE,0
SEAT000211,ST001_S01,5,11,AVAILABLE,0
SEAT000212,ST001_S01,5,12,AVAILABLE,0
SEAT000213,ST001_S01,5,13,AVAILABLE,0
SEAT000214,ST001_S01,5,14,AVAILABLE,0
SEAT000215,ST001_S01,5,15,AVAILABLE,0
SEAT000216,ST001_S01,5,16,AVAILABLE,0
SEAT000217,ST001_S01,5,17,AVAILABLE,0
SEAT000218,ST001_S01,5,18,AVAILABLE,0
SEAT000219,ST001_S01,5,19,AVAILABLE,0
SEAT000220,ST001_S01,5,20,AVAILABLE,0
SEAT000221,ST001_S01,5,21,AVAILABLE,0
SEAT000222,ST001_S01,5,22,AVAILABLE,0
SEAT000223,ST001_S01,5,23,AVAILABLE,0
SEAT000224,ST001_S01,5,24,AVAILABLE,0
SEAT000225,ST001_S01,5,25,AVAILABLE,0
SEAT000226,ST001_S01,5,26,AVAILABLE,0
SEAT000227,ST001_S01,5,27,AVAILABLE,0
SEAT000228,ST001_S01,5,28,AVAILABLE,0
SEAT000229,ST001_S01,5,29,AVAILABLE,0
SEAT000230,ST001_S01,5,30,AVAILABLE,0
SEAT000231,ST001_S01,5,31,AVAILABLE,0
SEAT000232,ST001_S01,5,32,AVAILABLE,0
SEAT000233,ST001_S01,5,33,AVAILABLE,0
SEAT000234,ST001_S01,5,34,AVAILABLE,0
SEAT000235,ST001_S01,5,35,AVAILABLE,0
SEAT000236,ST001_S01,5,36,AVAILABLE,0
SEAT000237,ST001_S01,5,37,AVAILABLE,0
SEAT000238,ST001_S01,5,38,AVAILABLE,0
SEAT000239,ST001_S01,5,39,AVAILABLE,0
SEAT000240,ST001_S01,5,40,AVAILABLE,0
SEAT000241,ST001_S01,5,41,AVAILABLE,0
SEAT000242,ST001_S01,5,42,AVAILABLE,0
SEAT000243,ST001_S01,5,43,AVAILABLE,0
SEAT000244,ST001_S01,5,44,AVAILABLE,0
SEAT000245,ST001_S01,5,45,AVAILABLE,0
SEAT000246,ST001_S01,5,46,AVAILABLE,0
SEAT000247,ST001_S01,5,47,AVAILABLE,0
SEAT000248,ST001_S01,5,48,AVAILABLE,0
SEAT000249,ST001_S01,5,49,AVAILABLE,0
SEAT000250,ST001_S01,5,50,AVAILABLE,0
SEAT000251,ST001_S01,6,1,AVAILABLE,0
SEAT000252,ST001_S01,6,2,AVAILABLE,0
SEAT000253,ST001_S01,6,3,AVAILABLE,0
SEAT000254,ST001_S01,6,4,AVAILABLE,0
SEAT000255,ST001_S01,6,5,AVAILABLE,0
SEAT000256,ST001_S01,6,6,AVAILABLE,0
SEAT000257,ST001_S01,6,7,AVAILABLE,0
SEAT000258,ST001_S01,6,8,AVAILABLE,0
SEAT000259,ST001_S01,6,9,AVAILABLE,0
SEAT000260,ST001_S01,6,10,AVAILABLE,0
SEAT000261,ST001_S01,6,11,AVAILABLE,0
SEAT000262,ST001_S01,6,12,AVAILABLE,0
SEAT000263,ST001_S01,6,13,AVAILABLE,0
SEAT000264,ST001_S01,6,14,AVAILABLE,0
SEAT000265,ST001_S01,6,15,AVAILABLE,0
SEAT000266,ST001_S01,6,16,AVAILABLE,0
SEAT000267,ST001_S01,6,17,AVAILABLE,0
SEAT000268,ST001_S01,6,18,AVAILABLE,0
SEAT000269,ST001_S01,6,19,AVAILABLE,0
SEAT000270,ST001_S01,6,20,AVAILABLE,0
SEAT000271,ST001_S01,6,21,AVAILABLE,0
SEAT000272,ST001_S01,6,22,AVAILABLE,0
SEAT000273,ST001_S01,6,23,AVAILABLE,0
SEAT000274,ST001_S01,6,24,AVAILABLE,0
SEAT000275,ST001_S01,6,25,AVAILABLE,0
SEAT000276,ST001_S01,6,26,AVAILABLE,0
SEAT000277,ST001_S01,6,27,AVAILABLE,0
SEAT000278,ST001_S01,6,28,AVAILABLE,0
SEAT000279,ST001_S01,6,29,AVAILABLE,0
SEAT000280,ST001_S01,6,30,AVAILABLE,0
SEAT000281,ST001_S01,6,31,AVAILABLE,0
SEAT000282,ST001_S01,6,32,AVAILABLE,0
SEAT000283,ST001_S01,6,33,AVAILABLE,0
SEAT000284,ST001_S01,6,34,AVAILABLE,0
SEAT000285,ST001_S01,6,35,AVAILABLE,0
SEAT000286,ST001_S01,6,36,AVAILABLE,0
SEAT000287,ST001_S01,6,37,AVAILABLE,0
SEAT000288,ST001_S01,6,38,AVAILABLE,0
SEAT000289,ST001_S01,6,39,AVAILABLE,0
SEAT000290,ST001_S01,6,40,AVAILABLE,0
SEAT000291,ST001_S01,6,41,AVAILABLE,0
SEAT000292,ST001_S01,6,42,AVAILABLE,0
SEAT000293,ST001_S01,6,43,AVAILABLE,0
SEAT000294,ST001_S01,6,44,AVAILABLE,0
SEAT000295,ST001_S01,6,45,AVAILABLE,0
SEAT000296,ST001_S01,6,46,AVAILABLE,0
SEAT000297,ST001_S01,6,47,AVAILABLE,0
SEAT000298,ST001_S01,6,48,AVAILABLE,0
SEAT000299,ST001_S01,6,49,AVAILABLE,0
SEAT000300,ST001_S01,6,50,AVAILABLE,0
SEAT000301,ST001_S01,7,1,AVAILABLE,0
SEAT000302,ST001_S01,7,2,AVAILABLE,0
SEAT000303,ST001_S01,7,3,AVAILABLE,0
SEAT000304,ST001_S01,7,4,AVAILABLE,0
SEAT000305,ST001_S01,7,5,AVAILABLE,0
SEAT000306,ST001_S01,7,6,AVAILABLE,0
SEAT000307,ST001_S01,7,7,AVAILABLE,0
SEAT000308,ST001_S01,7,8,AVAILABLE,0
SEAT000309,ST001_S01,7,9,AVAILABLE,0
SEAT000310,ST001_S01,7,10,AVAILABLE,0
SEAT000311,ST001_S01,7,11,AVAILABLE,0
SEAT000312,ST001_S01,7,12,AVAILABLE,0
SEAT000313,ST001_S01,7,13,AVAILABLE,0
SEAT000314,ST001_S01,7,14,AVAILABLE,0
SEAT000315,ST001_S01,7,15,AVAILABLE,0
SEAT000316,ST001_S01,7,16,AVAILABLE,0
SEAT000317,ST001_S01,7,17,AVAILABLE,0
SEAT000318,ST001_S01,7,18,AVAILABLE,0
SEAT000319,ST001_S01,7,19,AVAILABLE,0
SEAT000320,ST001_S01,7,20,AVAILABLE,0
SEAT000321,ST001_S01,7,21,AVAILABLE,0
SEAT000322,ST001_S01,7,22,AVAILABLE,0
SEAT000323,ST001_S01,7,23,AVAILABLE,0
SEAT000324,ST001_S01,7,24,AVAILABLE,0
SEAT000325,ST001_S01,7,25,AVAILABLE,0
SEAT000326,ST001_S01,7,26,AVAILABLE,0
SEAT000327,ST001_S01,7,27,AVAILABLE,0
SEAT000328,ST001_S01,7,28,AVAILABLE,0
SEAT000329,ST001_S01,7,29,AVAILABLE,0
SEAT000330,ST001_S01,7,30,AVAILABLE,0
SEAT000331,ST001_S01,7,31,AVAILABLE,0
SEAT000332,ST001_S01,7,32,AVAILABLE,0
SEAT000333,ST001_S01,7,33,AVAILABLE,0
SEAT000334,ST001_S01,7,34,AVAILABLE,0
SEAT000335,ST001_S01,7,35,AVAILABLE,0
SEAT000336,ST001_S01,7,36,AVAILABLE,0
SEAT000337,ST001_S01,7,37,AVAILABLE,0
SEAT000338,ST001_S01,7,38,AVAILABLE,0
SEAT000339,ST001_S01,7,39,AVAILABLE,0
SEAT000340,ST001_S01,7,40,AVAILABLE,0
SEAT000341,ST001_S01,7,41,AVAILABLE,0
SEAT000342,ST001_S01,7,42,AVAILABLE,0
SEAT000343,ST001_S01,7,43,AVAILABLE,0
SEAT000344,ST001_S01,7,44,AVAILABLE,0
SEAT000345,ST001_S01,7,45,AVAILABLE,0
SEAT000346,ST001_S01,7,46,AVAILABLE,0
SEAT000347,ST001_S01,7,47,AVAILABLE,0
SEAT000348,ST001_S01,7,48,AVAILABLE,0
SEAT000349,ST001_S01,7,49,AVAILABLE,0
SEAT000350,ST001_S01,7,50,AVAILABLE,0
SEAT000351,ST001_S01,8,1,AVAILABLE,0
SEAT000352,ST001_S01,8,2,AVAILABLE,0
SEAT000353,ST001_S01,8,3,AVAILABLE,0
SEAT000354,ST001_S01,8,4,AVAILABLE,0
SEAT000355,ST001_S01,8,5,AVAILABLE,0
SEAT000356,ST001_S01,8,6,AVAILABLE,0
SEAT000357,ST001_S01,8,7,AVAILABLE,0
SEAT000358,ST001_S01,8,8,AVAILABLE,0
SEAT000359,ST001_S01,8,9,AVAILABLE,0
SEAT000360,ST001_S01,8,10,AVAILABLE,0
SEAT000361,ST001_S01,8,11,AVAILABLE,0
SEAT000362,ST001_S01,8,12,AVAILABLE,0
SEAT000363,ST001_S01,8,13,AVAILABLE,0
SEAT000364,ST001_S01,8,14,AVAILABLE,0
SEAT000365,ST001_S01,8,15,AVAILABLE,0
SEAT000366,ST001_S01,8,16,AVAILABLE,0
SEAT000367,ST001_S01,8,17,AVAILABLE,0
SEAT000368,ST001_S01,8,18,AVAILABLE,0
SEAT000369,ST001_S01,8,19,AVAILABLE,0
SEAT000370,ST001_S01,8,20,AVAILABLE,0
SEAT000371,ST001_S01,8,21,AVAILABLE,0
SEAT000372,ST001_S01,8,22,AVAILABLE,0
SEAT000373,ST001_S01,8,23,AVAILABLE,0
SEAT000374,ST001_S01,8,24,AVAILABLE,0
SEAT000375,ST001_S01,8,25,AVAILABLE,0
SEAT000376,ST001_S01,8,26,AVAILABLE,0
SEAT000377,ST001_S01,8,27,AVAILABLE,0
SEAT000378,ST001_S01,8,28,AVAILABLE,0
SEAT000379,ST001_S01,8,29,AVAILABLE,0
SEAT000380,ST001_S01,8,30,AVAILABLE,0
SEAT000381,ST001_S01,8,31,AVAILABLE,0
SEAT000382,ST001_S01,8,32,AVAILABLE,0
SEAT000383,ST001_S01,8,33,AVAILABLE,0
SEAT000384,ST001_S01,8,34,AVAILABLE,0
SEAT000385,ST001_S01,8,35,AVAILABLE,0
SEAT000386,ST001_S01,8,36,AVAILABLE,0
SEAT000387,ST001_S01,8,37,AVAILABLE,0
SEAT000388,ST001_S01,8,38,AVAILABLE,0
SEAT000389,ST001_S01,8,39,AVAILABLE,0
SEAT000390,ST001_S01,8,40,AVAILABLE,0
SEAT000391,ST001_S01,8,41,AVAILABLE,0
SEAT000392,ST001_S01,8,42,AVAILABLE,0
SEAT000393,ST001_S01,8,43,AVAILABLE,0
SEAT000394,ST001_S01,8,44,AVAILABLE,0
SEAT000395,ST001_S01,8,45,AVAILABLE,0
SEAT000396,ST001_S01,8,46,AVAILABLE,0
SEAT000397,ST001_S01,8,47,AVAILABLE,0
SEAT000398,ST001_S01,8,48,AVAILABLE,0
SEAT000399,ST001_S01,8,49,AVAILABLE,0
SEAT000400,ST001_S01,8,50,AVAILABLE,0
SEAT000401,ST001_S01,9,1,AVAILABLE,0
SEAT000402,ST001_S01,9,2,AVAILABLE,0
SEAT000403,ST001_S01,9,3,AVAILABLE,0
SEAT000404,ST001_S01,9,4,AVAILABLE,0
SEAT000405,ST001_S01,9,5,AVAILABLE,0
SEAT000406,ST001_S01,9,6,AVAILABLE,0
SEAT000407,ST001_S01,9,7,AVAILABLE,0
SEAT000408,ST001_S01,9,8,AVAILABLE,0
SEAT000409,ST001_S01,9,9,AVAILABLE,0
SEAT000410,ST001_S01,9,10,AVAILABLE,0
SEAT000411,ST001_S01,9,11,AVAILABLE,0
SEAT000412,ST001_S01,9,12,AVAILABLE,0
SEAT000413,ST001_S01,9,13,AVAILABLE,0
SEAT000414,ST001_S01,9,14,AVAILABLE,0
SEAT000415,ST001_S01,9,15,AVAILABLE,0
SEAT000416,ST001_S01,9,16,AVAILABLE,0
SEAT000417,ST001_S01,9,17,AVAILABLE,0
SEAT000418,ST001_S01,9,18,AVAILABLE,0
SEAT000419,ST001_S01,9,19,AVAILABLE,0
SEAT000420,ST001_S01,9,20,AVAILABLE,0
SEAT000421,ST001_S01,9,21,AVAILABLE,0
SEAT000422,ST001_S01,9,22,AVAILABLE,0
SEAT000423,ST001_S01,9,23,AVAILABLE,0
SEAT000424,ST001_S01,9,24,AVAILABLE,0
SEAT000425,ST001_S01,9,25,AVAILABLE,0
SEAT000426,ST001_S01,9,26,AVAILABLE,0
SEAT000427,ST001_S01,9,27,AVAILABLE,0
SEAT000428,ST001_S01,9,28,AVAILABLE,0
SEAT000429,ST001_S01,9,29,AVAILABLE,0
SEAT000430,ST001_S01,9,30,AVAILABLE,0
SEAT000431,ST001_S01,9,31,AVAILABLE,0
SEAT000432,ST001_S01,9,32,AVAILABLE,0
SEAT000433,ST001_S01,9,33,AVAILABLE,0
SEAT000434,ST001_S01,9,34,AVAILABLE,0
SEAT000435,ST001_S01,9,35,AVAILABLE,0
SEAT000436,ST001_S01,9,36,AVAILABLE,0
SEAT000437,ST001_S01,9,37,AVAILABLE,0
SEAT000438,ST001_S01,9,38,AVAILABLE,0
SEAT000439,ST001_S01,9,39,AVAILABLE,0
SEAT000440,ST001_S01,9,40,AVAILABLE,0
SEAT000441,ST001_S01,9,41,AVAILABLE,0
SEAT000442,ST001_S01,9,42,AVAILABLE,0
SEAT000443,ST001_S01,9,43,AVAILABLE,0
SEAT000444,ST001_S01,9,44,AVAILABLE,0
SEAT000445,ST001_S01,9,45,AVAILABLE,0
SEAT000446,ST001_S01,9,46,AVAILABLE,0
SEAT000447,ST001_S01,9,47,AVAILABLE,0
SEAT000448,ST001_S01,9,48,AVAILABLE,0
SEAT000449,ST001_S01,9,49,AVAILABLE,0
SEAT000450,ST001_S01,9,50,AVAILABLE,0
SEAT000451,ST001_S01,10,1,AVAILABLE,0
SEAT000452,ST001_S01,10,2,AVAILABLE,0
SEAT000453,ST001_S01,10,3,AVAILABLE,0
SEAT000454,ST001_S01,10,4,AVAILABLE,0
SEAT000455,ST001_S01,10,5,AVAILABLE,0
SEAT000456,ST001_S01,10,6,AVAILABLE,0
SEAT000457,ST001_S01,10,7,AVAILABLE,0
SEAT000458,ST001_S01,10,8,AVAILABLE,0
SEAT000459,ST001_S01,10,9,AVAILABLE,0
SEAT000460,ST001_S01,10,10,AVAILABLE,0
SEAT000461,ST001_S01,10,11,AVAILABLE,0
SEAT000462,ST001_S01,10,12,AVAILABLE,0
SEAT000463,ST001_S01,10,13,AVAILABLE,0
SEAT000464,ST001_S01,10,14,AVAILABLE,0
SEAT000465,ST001_S01,10,15,AVAILABLE,0
SEAT000466,ST001_S01,10,16,AVAILABLE,0
SEAT000467,ST001_S01,10,17,AVAILABLE,0
SEAT000468,ST001_S01,10,18,AVAILABLE,0
SEAT000469,ST001_S01,10,19,AVAILABLE,0
SEAT000470,ST001_S01,10,20,AVAILABLE,0
SEAT000471,ST001_S01,10,21,AVAILABLE,0
SEAT000472,ST001_S01,10,22,AVAILABLE,0
SEAT000473,ST001_S01,10,23,AVAILABLE,0
SEAT000474,ST001_S01,10,24,AVAILABLE,0
SEAT000475,ST001_S01,10,25,AVAILABLE,0
SEAT000476,ST001_S01,10,26,AVAILABLE,0
SEAT000477,ST001_S01,10,27,AVAILABLE,0
SEAT000478,ST001_S01,10,28,AVAILABLE,0
SEAT000479,ST001_S01,10,29,AVAILABLE,0
SEAT000480,ST001_S01,10,30,AVAILABLE,0
SEAT000481,ST001_S01,10,31,AVAILABLE,0
SEAT000482,ST001_S01,10,32,AVAILABLE,0
SEAT000483,ST001_S01,10,33,AVAILABLE,0
SEAT000484,ST001_S01,10,34,AVAILABLE,0
SEAT000485,ST001_S01,10,35,AVAILABLE,0
SEAT000486,ST001_S01,10,36,AVAILABLE,0
SEAT000487,ST001_S01,10,37,AVAILABLE,0
SEAT000488,ST001_S01,10,38,AVAILABLE,0
SEAT000489,ST001_S01,10,39,AVAILABLE,0
SEAT000490,ST001_S01,10,40,AVAILABLE,0
SEAT000491,ST001_S01,10,41,AVAILABLE,0
SEAT000492,ST001_S01,10,42,AVAILABLE,0
SEAT000493,ST001_S01,10,43,AVAILABLE,0
SEAT000494,ST001_S01,10,44,AVAILABLE,0
SEAT000495,ST001_S01,10,45,AVAILABLE,0
SEAT000496,ST001_S01,10,46,AVAILABLE,0
SEAT000497,ST001_S01,10,47,AVAILABLE,0
SEAT000498,ST001_S01,10,48,AVAILABLE,0
SEAT000499,ST001_S01,10,49,AVAILABLE,0
SEAT000500,ST001_S01,10,50,AVAILABLE,0
SEAT000501,ST001_S02,1,1,AVAILABLE,0
SEAT000502,ST001_S02,1,2,AVAILABLE,0
SEAT000503,ST001_S02,1,3,AVAILABLE,0
SEAT000504,ST001_S02,1,4,AVAILABLE,0
SEAT000505,ST001_S02,1,5,AVAILABLE,0
SEAT000506,ST001_S02,1,6,AVAILABLE,0
SEAT000507,ST001_S02,1,7,AVAILABLE,0
SEAT000508,ST001_S02,1,8,AVAILABLE,0
SEAT000509,ST001_S02,1,9,AVAILABLE,0
SEAT000510,ST001_S02,1,10,AVAILABLE,0
SEAT000511,ST001_S02,1,11,AVAILABLE,0
SEAT000512,ST001_S02,1,12,AVAILABLE,0
SEAT000513,ST001_S02,1,13,AVAILABLE,0
SEAT000514,ST001_S02,1,14,AVAILABLE,0
SEAT000515,ST001_S02,1,15,AVAILABLE,0
SEAT000516,ST001_S02,1,16,AVAILABLE,0
SEAT000517,ST001_S02,1,17,AVAILABLE,0
SEAT000518,ST001_S02,1,18,AVAILABLE,0
SEAT000519,ST001_S02,1,19,AVAILABLE,0
SEAT000520,ST001_S02,1,20,AVAILABLE,0
SEAT000521,ST001_S02,1,21,AVAILABLE,0
SEAT000522,ST001_S02,1,22,AVAILABLE,0
SEAT000523,ST001_S02,1,23,AVAILABLE,0
SEAT000524,ST001_S02,1,24,AVAILABLE,0
SEAT000525,ST001_S02,1,25,AVAILABLE,0
SEAT000526,ST001_S02,1,26,AVAILABLE,0
SEAT000527,ST001_S02,1,27,AVAILABLE,0
SEAT000528,ST001_S02,1,28,AVAILABLE,0
SEAT000529,ST001_S02,1,29,AVAILABLE,0
SEAT000530,ST001_S02,1,30,AVAILABLE,0
SEAT000531,ST001_S02,1,31,AVAILABLE,0
SEAT000532,ST001_S02,1,32,AVAILABLE,0
SEAT000533,ST001_S02,1,33,AVAILABLE,0
SEAT000534,ST001_S02,1,34,AVAILABLE,0
SEAT000535,ST001_S02,1,35,AVAILABLE,0
SEAT000536,ST001_S02,1,36,AVAILABLE,0
SEAT000537,ST001_S02,1,37,AVAILABLE,0
SEAT000538,ST001_S02,1,38,AVAILABLE,0
SEAT000539,ST001_S02,1,39,AVAILABLE,0
SEAT000540,ST001_S02,1,40,AVAILABLE,0
SEAT000541,ST001_S02,1,41,AVAILABLE,0
SEAT000542,ST001_S02,1,42,AVAILABLE,0
SEAT000543,ST001_S02,1,43,AVAILABLE,0
SEAT000544,ST001_S02,1,44,AVAILABLE,0
SEAT000545,ST001_S02,1,45,AVAILABLE,0
SEAT000546,ST001_S02,1,46,AVAILABLE,0
SEAT000547,ST001_S02,1,47,AVAILABLE,0
SEAT000548,ST001_S02,1,48,AVAILABLE,0
SEAT000549,ST001_S02,1,49,AVAILABLE,0
SEAT000550,ST001_S02,1,50,AVAILABLE,0
SEAT000551,ST001_S02,2,1,AVAILABLE,0
SEAT000552,ST001_S02,2,2,AVAILABLE,0
SEAT000553,ST001_S02,2,3,AVAILABLE,0
SEAT000554,ST001_S02,2,4,AVAILABLE,0
SEAT000555,ST001_S02,2,5,AVAILABLE,0
SEAT000556,ST001_S02,2,6,AVAILABLE,0
SEAT000557,ST001_S02,2,7,AVAILABLE,0
SEAT000558,ST001_S02,2,8,AVAILABLE,0
SEAT000559,ST001_S02,2,9,AVAILABLE,0
SEAT000560,ST001_S02,2,10,AVAILABLE,0
SEAT000561,ST001_S02,2,11,AVAILABLE,0
SEAT000562,ST001_S02,2,12,AVAILABLE,0
SEAT000563,ST001_S02,2,13,AVAILABLE,0
SEAT000564,ST001_S02,2,14,AVAILABLE,0
SEAT000565,ST001_S02,2,15,AVAILABLE,0
SEAT000566,ST001_S02,2,16,AVAILABLE,0
SEAT000567,ST001_S02,2,17,AVAILABLE,0
SEAT000568,ST001_S02,2,18,AVAILABLE,0
SEAT000569,ST001_S02,2,19,AVAILABLE,0
SEAT000570,ST001_S02,2,20,AVAILABLE,0
SEAT000571,ST001_S02,2,21,AVAILABLE,0
SEAT000572,ST001_S02,2,22,AVAILABLE,0
SEAT000573,ST001_S02,2,23,AVAILABLE,0
SEAT000574,ST001_S02,2,24,AVAILABLE,0
SEAT000575,ST001_S02,2,25,AVAILABLE,0
SEAT000576,ST001_S02,2,26,AVAILABLE,0
SEAT000577,ST001_S02,2,27,AVAILABLE,0
SEAT000578,ST001_S02,2,28,AVAILABLE,0
SEAT000579,ST001_S02,2,29,AVAILABLE,0
SEAT000580,ST001_S02,2,30,AVAILABLE,0
SEAT000581,ST001_S02,2,31,AVAILABLE,0
SEAT000582,ST001_S02,2,32,AVAILABLE,0
SEAT000583,ST001_S02,2,33,AVAILABLE,0
SEAT000584,ST001_S02,2,34,AVAILABLE,0
SEAT000585,ST001_S02,2,35,AVAILABLE,0
SEAT000586,ST001_S02,2,36,AVAILABLE,0
SEAT000587,ST001_S02,2,37,AVAILABLE,0
SEAT000588,ST001_S02,2,38,AVAILABLE,0
SEAT000589,ST001_S02,2,39,AVAILABLE,0
SEAT000590,ST001_S02,2,40,AVAILABLE,0
SEAT000591,ST001_S02,2,41,AVAILABLE,0
SEAT000592,ST001_S02,2,42,AVAILABLE,0
SEAT000593,ST001_S02,2,43,AVAILABLE,0
SEAT000594,ST001_S02,2,44,AVAILABLE,0
SEAT000595,ST001_S02,2,45,AVAILABLE,0
SEAT000596,ST001_S02,2,46,AVAILABLE,0
SEAT000597,ST001_S02,2,47,AVAILABLE,0
SEAT000598,ST001_S02,2,48,AVAILABLE,0
SEAT000599,ST001_S02,2,49,AVAILABLE,0
SEAT000600,ST001_S02,2,50,AVAILABLE,0
SEAT000601,ST001_S02,3,1,AVAILABLE,0
SEAT000602,ST001_S02,3,2,AVAILABLE,0
SEAT000603,ST001_S02,3,3,AVAILABLE,0
SEAT000604,ST001_S02,3,4,AVAILABLE,0
SEAT000605,ST001_S02,3,5,AVAILABLE,0
SEAT000606,ST001_S02,3,6,AVAILABLE,0
SEAT000607,ST001_S02,3,7,AVAILABLE,0
SEAT000608,ST001_S02,3,8,AVAILABLE,0
SEAT000609,ST001_S02,3,9,AVAILABLE,0
SEAT000610,ST001_S02,3,10,AVAILABLE,0
SEAT000611,ST001_S02,3,11,AVAILABLE,0
SEAT000612,ST001_S02,3,12,AVAILABLE,0
SEAT000613,ST001_S02,3,13,AVAILABLE,0
SEAT000614,ST001_S02,3,14,AVAILABLE,0
SEAT000615,ST001_S02,3,15,AVAILABLE,0
SEAT000616,ST001_S02,3,16,AVAILABLE,0
SEAT000617,ST001_S02,3,17,AVAILABLE,0
SEAT000618,ST001_S02,3,18,AVAILABLE,0
SEAT000619,ST001_S02,3,19,AVAILABLE,0
SEAT000620,ST001_S02,3,20,AVAILABLE,0
SEAT000621,ST001_S02,3,21,AVAILABLE,0
SEAT000622,ST001_S02,3,22,AVAILABLE,0
SEAT000623,ST001_S02,3,23,AVAILABLE,0
SEAT000624,ST001_S02,3,24,AVAILABLE,0
SEAT000625,ST001_S02,3,25,AVAILABLE,0
SEAT000626,ST001_S02,3,26,AVAILABLE,0
SEAT000627,ST001_S02,3,27,AVAILABLE,0
SEAT000628,ST001_S02,3,28,AVAILABLE,0
SEAT000629,ST001_S02,3,29,AVAILABLE,0
SEAT000630,ST001_S02,3,30,AVAILABLE,0
SEAT000631,ST001_S02,3,31,AVAILABLE,0
SEAT000632,ST001_S02,3,32,AVAILABLE,0
SEAT000633,ST001_S02,3,33,AVAILABLE,0
SEAT000634,ST001_S02,3,34,AVAILABLE,0
SEAT000635,ST001_S02,3,35,AVAILABLE,0
SEAT000636,ST001_S02,3,36,AVAILABLE,0
SEAT000637,ST001_S02,3,37,AVAILABLE,0
SEAT000638,ST001_S02,3,38,AVAILABLE,0
SEAT000639,ST001_S02,3,39,AVAILABLE,0
SEAT000640,ST001_S02,3,40,AVAILABLE,0
SEAT000641,ST001_S02,3,41,AVAILABLE,0
SEAT000642,ST001_S02,3,42,AVAILABLE,0
SEAT000643,ST001_S02,3,43,AVAILABLE,0
SEAT000644,ST001_S02,3,44,AVAILABLE,0
SEAT000645,ST001_S02,3,45,AVAILABLE,0
SEAT000646,ST001_S02,3,46,AVAILABLE,0
SEAT000647,ST001_S02,3,47,AVAILABLE,0
SEAT000648,ST001_S02,3,48,AVAILABLE,0
SEAT000649,ST001_S02,3,49,AVAILABLE,0
SEAT000650,ST001_S02,3,50,AVAILABLE,0
SEAT000651,ST001_S02,4,1,AVAILABLE,0
SEAT000652,ST001_S02,4,2,AVAILABLE,0
SEAT000653,ST001_S02,4,3,AVAILABLE,0
SEAT000654,ST001_S02,4,4,AVAILABLE,0
SEAT000655,ST001_S02,4,5,AVAILABLE,0
SEAT000656,ST001_S02,4,6,AVAILABLE,0
SEAT000657,ST001_S02,4,7,AVAILABLE,0
SEAT000658,ST001_S02,4,8,AVAILABLE,0
SEAT000659,ST001_S02,4,9,AVAILABLE,0
SEAT000660,ST001_S02,4,10,AVAILABLE,0
SEAT000661,ST001_S02,4,11,AVAILABLE,0
SEAT000662,ST001_S02,4,12,AVAILABLE,0
SEAT000663,ST001_S02,4,13,AVAILABLE,0
SEAT000664,ST001_S02,4,14,AVAILABLE,0
SEAT000665,ST001_S02,4,15,AVAILABLE,0
SEAT000666,ST001_S02,4,16,AVAILABLE,0
SEAT000667,ST001_S02,4,17,AVAILABLE,0
SEAT000668,ST001_S02,4,18,AVAILABLE,0
SEAT000669,ST001_S02,4,19,AVAILABLE,0
SEAT000670,ST001_S02,4,20,AVAILABLE,0
SEAT000671,ST001_S02,4,21,AVAILABLE,0
SEAT000672,ST001_S02,4,22,AVAILABLE,0
SEAT000673,ST001_S02,4,23,AVAILABLE,0
SEAT000674,ST001_S02,4,24,AVAILABLE,0
SEAT000675,ST001_S02,4,25,AVAILABLE,0
SEAT000676,ST001_S02,4,26,AVAILABLE,0
SEAT000677,ST001_S02,4,27,AVAILABLE,0
SEAT000678,ST001_S02,4,28,AVAILABLE,0
SEAT000679,ST001_S02,4,29,AVAILABLE,0
SEAT000680,ST001_S02,4,30,AVAILABLE,0
SEAT000681,ST001_S02,4,31,AVAILABLE,0
SEAT000682,ST001_S02,4,32,AVAILABLE,0
SEAT000683,ST001_S02,4,33,AVAILABLE,0
SEAT000684,ST001_S02,4,34,AVAILABLE,0
SEAT000685,ST001_S02,4,35,AVAILABLE,0
SEAT000686,ST001_S02,4,36,AVAILABLE,0
SEAT000687,ST001_S02,4,37,AVAILABLE,0
SEAT000688,ST001_S02,4,38,AVAILABLE,0
SEAT000689,ST001_S02,4,39,AVAILABLE,0
SEAT000690,ST001_S02,4,40,AVAILABLE,0
SEAT000691,ST001_S02,4,41,AVAILABLE,0
SEAT000692,ST001_S02,4,42,AVAILABLE,0
SEAT000693,ST001_S02,4,43,AVAILABLE,0
SEAT000694,ST001_S02,4,44,AVAILABLE,0
SEAT000695,ST001_S02,4,45,AVAILABLE,0
SEAT000696,ST001_S02,4,46,AVAILABLE,0
SEAT000697,ST001_S02,4,47,AVAILABLE,0
SEAT000698,ST001_S02,4,48,AVAILABLE,0
SEAT000699,ST001_S02,4,49,AVAILABLE,0
SEAT000700,ST001_S02,4,50,AVAILABLE,0
SEAT000701,ST001_S02,5,1,AVAILABLE,0
SEAT000702,ST001_S02,5,2,AVAILABLE,0
SEAT000703,ST001_S02,5,3,AVAILABLE,0
SEAT000704,ST001_S02,5,4,AVAILABLE,0
SEAT000705,ST001_S02,5,5,AVAILABLE,0
SEAT000706,ST001_S02,5,6,AVAILABLE,0
SEAT000707,ST001_S02,5,7,AVAILABLE,0
SEAT000708,ST001_S02,5,8,AVAILABLE,0
SEAT000709,ST001_S02,5,9,AVAILABLE,0
SEAT000710,ST001_S02,5,10,AVAILABLE,0
SEAT000711,ST001_S02,5,11,AVAILABLE,0
SEAT000712,ST001_S02,5,12,AVAILABLE,0
SEAT000713,ST001_S02,5,13,AVAILABLE,0
SEAT000714,ST001_S02,5,14,AVAILABLE,0
SEAT000715,ST001_S02,5,15,AVAILABLE,0
SEAT000716,ST001_S02,5,16,AVAILABLE,0
SEAT000717,ST001_S02,5,17,AVAILABLE,0
SEAT000718,ST001_S02,5,18,AVAILABLE,0
SEAT000719,ST001_S02,5,19,AVAILABLE,0
SEAT000720,ST001_S02,5,20,AVAILABLE,0
SEAT000721,ST001_S02,5,21,AVAILABLE,0
SEAT000722,ST001_S02,5,22,AVAILABLE,0
SEAT000723,ST001_S02,5,23,AVAILABLE,0
SEAT000724,ST001_S02,5,24,AVAILABLE,0
SEAT000725,ST001_S02,5,25,AVAILABLE,0
SEAT000726,ST001_S02,5,26,AVAILABLE,0
SEAT000727,ST001_S02,5,27,AVAILABLE,0
SEAT000728,ST001_S02,5,28,AVAILABLE,0
SEAT000729,ST001_S02,5,29,AVAILABLE,0
SEAT000730,ST001_S02,5,30,AVAILABLE,0
SEAT000731,ST001_S02,5,31,AVAILABLE,0
SEAT000732,ST001_S02,5,32,AVAILABLE,0
SEAT000733,ST001_S02,5,33,AVAILABLE,0
SEAT000734,ST001_S02,5,34,AVAILABLE,0
SEAT000735,ST001_S02,5,35,AVAILABLE,0
SEAT000736,ST001_S02,5,36,AVAILABLE,0
SEAT000737,ST001_S02,5,37,AVAILABLE,0
SEAT000738,ST001_S02,5,38,AVAILABLE,0
SEAT000739,ST001_S02,5,39,AVAILABLE,0
SEAT000740,ST001_S02,5,40,AVAILABLE,0
SEAT000741,ST001_S02,5,41,AVAILABLE,0
SEAT000742,ST001_S02,5,42,AVAILABLE,0
SEAT000743,ST001_S02,5,43,AVAILABLE,0
SEAT000744,ST001_S02,5,44,AVAILABLE,0
SEAT000745,ST001_S02,5,45,AVAILABLE,0
SEAT000746,ST001_S02,5,46,AVAILABLE,0
SEAT000747,ST001_S02,5,47,AVAILABLE,0
SEAT000748,ST001_S02,5,48,AVAILABLE,0
SEAT000749,ST001_S02,5,49,AVAILABLE,0
SEAT000750,ST001_S02,5,50,AVAILABLE,0
SEAT000751,ST001_S02,6,1,AVAILABLE,0
SEAT000752,ST001_S02,6,2,AVAILABLE,0
SEAT000753,ST001_S02,6,3,AVAILABLE,0
SEAT000754,ST001_S02,6,4,AVAILABLE,0
SEAT000755,ST001_S02,6,5,AVAILABLE,0
SEAT000756,ST001_S02,6,6,AVAILABLE,0
SEAT000757,ST001_S02,6,7,AVAILABLE,0
SEAT000758,ST001_S02,6,8,AVAILABLE,0
SEAT000759,ST001_S02,6,9,AVAILABLE,0
SEAT000760,ST001_S02,6,10,AVAILABLE,0
SEAT000761,ST001_S02,6,11,AVAILABLE,0
SEAT000762,ST001_S02,6,12,AVAILABLE,0
SEAT000763,ST001_S02,6,13,AVAILABLE,0
SEAT000764,ST001_S02,6,14,AVAILABLE,0
SEAT000765,ST001_S02,6,15,AVAILABLE,0
SEAT000766,ST001_S02,6,16,AVAILABLE,0
SEAT000767,ST001_S02,6,17,AVAILABLE,0
SEAT000768,ST001_S02,6,18,AVAILABLE,0
SEAT000769,ST001_S02,6,19,AVAILABLE,0
SEAT000770,ST001_S02,6,20,AVAILABLE,0
SEAT000771,ST001_S02,6,21,AVAILABLE,0
SEAT000772,ST001_S02,6,22,AVAILABLE,0
SEAT000773,ST001_S02,6,23,AVAILABLE,0
SEAT000774,ST001_S02,6,24,AVAILABLE,0
SEAT000775,ST001_S02,6,25,AVAILABLE,0
SEAT000776,ST001_S02,6,26,AVAILABLE,0
SEAT000777,ST001_S02,6,27,AVAILABLE,0
SEAT000778,ST001_S02,6,28,AVAILABLE,0
SEAT000779,ST001_S02,6,29,AVAILABLE,0
SEAT000780,ST001_S02,6,30,AVAILABLE,0
SEAT000781,ST001_S02,6,31,AVAILABLE,0
SEAT000782,ST001_S02,6,32,AVAILABLE,0
SEAT000783,ST001_S02,6,33,AVAILABLE,0
SEAT000784,ST001_S02,6,34,AVAILABLE,0
SEAT000785,ST001_S02,6,35,AVAILABLE,0
SEAT000786,ST001_S02,6,36,AVAILABLE,0
SEAT000787,ST001_S02,6,37,AVAILABLE,0
SEAT000788,ST001_S02,6,38,AVAILABLE,0
SEAT000789,ST001_S02,6,39,AVAILABLE,0
SEAT000790,ST001_S02,6,40,AVAILABLE,0
SEAT000791,ST001_S02,6,41,AVAILABLE,0
SEAT000792,ST001_S02,6,42,AVAILABLE,0
SEAT000793,ST001_S02,6,43,AVAILABLE,0
SEAT000794,ST001_S02,6,44,AVAILABLE,0
SEAT000795,ST001_S02,6,45,AVAILABLE,0
SEAT000796,ST001_S02,6,46,AVAILABLE,0
SEAT000797,ST001_S02,6,47,AVAILABLE,0
SEAT000798,ST001_S02,6,48,AVAILABLE,0
SEAT000799,ST001_S02,6,49,AVAILABLE,0
SEAT000800,ST001_S02,6,50,AVAILABLE,0
SEAT000801,ST001_S02,7,1,AVAILABLE,0
SEAT000802,ST001_S02,7,2,AVAILABLE,0
SEAT000803,ST001_S02,7,3,AVAILABLE,0
SEAT000804,ST001_S02,7,4,AVAILABLE,0
SEAT000805,ST001_S02,7,5,AVAILABLE,0
SEAT000806,ST001_S02,7,6,AVAILABLE,0
SEAT000807,ST001_S02,7,7,AVAILABLE,0
SEAT000808,ST001_S02,7,8,AVAILABLE,0
SEAT000809,ST001_S02,7,9,AVAILABLE,0
SEAT000810,ST001_S02,7,10,AVAILABLE,0
SEAT000811,ST001_S02,7,11,AVAILABLE,0
SEAT000812,ST001_S02,7,12,AVAILABLE,0
SEAT000813,ST001_S02,7,13,AVAILABLE,0
SEAT000814,ST001_S02,7,14,AVAILABLE,0
SEAT000815,ST001_S02,7,15,AVAILABLE,0
SEAT000816,ST001_S02,7,16,AVAILABLE,0
SEAT000817,ST001_S02,7,17,AVAILABLE,0
SEAT000818,ST001_S02,7,18,AVAILABLE,0
SEAT000819,ST001_S02,7,19,AVAILABLE,0
SEAT000820,ST001_S02,7,20,AVAILABLE,0
SEAT000821,ST001_S02,7,21,AVAILABLE,0
SEAT000822,ST001_S02,7,22,AVAILABLE,0
SEAT000823,ST001_S02,7,23,AVAILABLE,0
SEAT000824,ST001_S02,7,24,AVAILABLE,0
SEAT000825,ST001_S02,7,25,AVAILABLE,0
SEAT000826,ST001_S02,7,26,AVAILABLE,0
SEAT000827,ST001_S02,7,27,AVAILABLE,0
SEAT000828,ST001_S02,7,28,AVAILABLE,0
SEAT000829,ST001_S02,7,29,AVAILABLE,0
SEAT000830,ST001_S02,7,30,AVAILABLE,0
SEAT000831,ST001_S02,7,31,AVAILABLE,0
SEAT000832,ST001_S02,7,32,AVAILABLE,0
SEAT000833,ST001_S02,7,33,AVAILABLE,0
SEAT000834,ST001_S02,7,34,AVAILABLE,0
SEAT000835,ST001_S02,7,35,AVAILABLE,0
SEAT000836,ST001_S02,7,36,AVAILABLE,0
SEAT000837,ST001_S02,7,37,AVAILABLE,0
SEAT000838,ST001_S02,7,38,AVAILABLE,0
SEAT000839,ST001_S02,7,39,AVAILABLE,0
SEAT000840,ST001_S02,7,40,AVAILABLE,0
SEAT000841,ST001_S02,7,41,AVAILABLE,0
SEAT000842,ST001_S02,7,42,AVAILABLE,0
SEAT000843,ST001_S02,7,43,AVAILABLE,0
SEAT000844,ST001_S02,7,44,AVAILABLE,0
SEAT000845,ST001_S02,7,45,AVAILABLE,0
SEAT000846,ST001_S02,7,46,AVAILABLE,0
SEAT000847,ST001_S02,7,47,AVAILABLE,0
SEAT000848,ST001_S02,7,48,AVAILABLE,0
SEAT000849,ST001_S02,7,49,AVAILABLE,0
SEAT000850,ST001_S02,7,50,AVAILABLE,0
SEAT000851,ST001_S02,8,1,AVAILABLE,0
SEAT000852,ST001_S02,8,2,AVAILABLE,0
SEAT000853,ST001_S02,8,3,AVAILABLE,0
SEAT000854,ST001_S02,8,4,AVAILABLE,0
SEAT000855,ST001_S02,8,5,AVAILABLE,0
SEAT000856,ST001_S02,8,6,AVAILABLE,0
SEAT000857,ST001_S02,8,7,AVAILABLE,0
SEAT000858,ST001_S02,8,8,AVAILABLE,0
SEAT000859,ST001_S02,8,9,AVAILABLE,0
SEAT000860,ST001_S02,8,10,AVAILABLE,0
SEAT000861,ST001_S02,8,11,AVAILABLE,0
SEAT000862,ST001_S02,8,12,AVAILABLE,0
SEAT000863,ST001_S02,8,13,AVAILABLE,0
SEAT000864,ST001_S02,8,14,AVAILABLE,0
SEAT000865,ST001_S02,8,15,AVAILABLE,0
SEAT000866,ST001_S02,8,16,AVAILABLE,0
SEAT000867,ST001_S02,8,17,AVAILABLE,0
SEAT000868,ST001_S02,8,18,AVAILABLE,0
SEAT000869,ST001_S02,8,19,AVAILABLE,0
SEAT000870,ST001_S02,8,20,AVAILABLE,0
SEAT000871,ST001_S02,8,21,AVAILABLE,0
SEAT000872,ST001_S02,8,22,AVAILABLE,0
SEAT000873,ST001_S02,8,23,AVAILABLE,0
SEAT000874,ST001_S02,8,24,AVAILABLE,0
SEAT000875,ST001_S02,8,25,AVAILABLE,0
SEAT000876,ST001_S02,8,26,AVAILABLE,0
SEAT000877,ST001_S02,8,27,AVAILABLE,0
SEAT000878,ST001_S02,8,28,AVAILABLE,0
SEAT000879,ST001_S02,8,29,AVAILABLE,0
SEAT000880,ST001_S02,8,30,AVAILABLE,0
SEAT000881,ST001_S02,8,31,AVAILABLE,0
SEAT000882,ST001_S02,8,32,AVAILABLE,0
SEAT000883,ST001_S02,8,33,AVAILABLE,0
SEAT000884,ST001_S02,8,34,AVAILABLE,0
SEAT000885,ST001_S02,8,35,AVAILABLE,0
SEAT000886,ST001_S02,8,36,AVAILABLE,0
SEAT000887,ST001_S02,8,37,AVAILABLE,0
SEAT000888,ST001_S02,8,38,AVAILABLE,0
SEAT000889,ST001_S02,8,39,AVAILABLE,0
SEAT000890,ST001_S02,8,40,AVAILABLE,0
SEAT000891,ST001_S02,8,41,AVAILABLE,0
SEAT000892,ST001_S02,8,42,AVAILABLE,0
SEAT000893,ST001_S02,8,43,AVAILABLE,0
SEAT000894,ST001_S02,8,44,AVAILABLE,0
SEAT000895,ST001_S02,8,45,AVAILABLE,0
SEAT000896,ST001_S02,8,46,AVAILABLE,0
SEAT000897,ST001_S02,8,47,AVAILABLE,0
SEAT000898,ST001_S02,8,48,AVAILABLE,0
SEAT000899,ST001_S02,8,49,AVAILABLE,0
SEAT000900,ST001_S02,8,50,AVAILABLE,0
SEAT000901,ST001_S02,9,1,AVAILABLE,0
SEAT000902,ST001_S02,9,2,AVAILABLE,0
SEAT000903,ST001_S02,9,3,AVAILABLE,0
SEAT000904,ST001_S02,9,4,AVAILABLE,0
SEAT000905,ST001_S02,9,5,AVAILABLE,0
SEAT000906,ST001_S02,9,6,AVAILABLE,0
SEAT000907,ST001_S02,9,7,AVAILABLE,0
SEAT000908,ST001_S02,9,8,AVAILABLE,0
SEAT000909,ST001_S02,9,9,AVAILABLE,0
SEAT000910,ST001_S02,9,10,AVAILABLE,0
SEAT000911,ST001_S02,9,11,AVAILABLE,0
SEAT000912,ST001_S02,9,12,AVAILABLE,0
SEAT000913,ST001_S02,9,13,AVAILABLE,0
SEAT000914,ST001_S02,9,14,AVAILABLE,0
SEAT000915,ST001_S02,9,15,AVAILABLE,0
SEAT000916,ST001_S02,9,16,AVAILABLE,0
SEAT000917,ST001_S02,9,17,AVAILABLE,0
SEAT000918,ST001_S02,9,18,AVAILABLE,0
SEAT000919,ST001_S02,9,19,AVAILABLE,0
SEAT000920,ST001_S02,9,20,AVAILABLE,0
SEAT000921,ST001_S02,9,21,AVAILABLE,0
SEAT000922,ST001_S02,9,22,AVAILABLE,0
SEAT000923,ST001_S02,9,23,AVAILABLE,0
SEAT000924,ST001_S02,9,24,AVAILABLE,0
SEAT000925,ST001_S02,9,25,AVAILABLE,0
SEAT000926,ST001_S02,9,26,AVAILABLE,0
SEAT000927,ST001_S02,9,27,AVAILABLE,0
SEAT000928,ST001_S02,9,28,AVAILABLE,0
SEAT000929,ST001_S02,9,29,AVAILABLE,0
SEAT000930,ST001_S02,9,30,AVAILABLE,0
SEAT000931,ST001_S02,9,31,AVAILABLE,0
SEAT000932,ST001_S02,9,32,AVAILABLE,0
SEAT000933,ST001_S02,9,33,AVAILABLE,0
SEAT000934,ST001_S02,9,34,AVAILABLE,0
SEAT000935,ST001_S02,9,35,AVAILABLE,0
SEAT000936,ST001_S02,9,36,AVAILABLE,0
SEAT000937,ST001_S02,9,37,AVAILABLE,0
SEAT000938,ST001_S02,9,38,AVAILABLE,0
SEAT000939,ST001_S02,9,39,AVAILABLE,0
SEAT000940,ST001_S02,9,40,AVAILABLE,0
SEAT000941,ST001_S02,9,41,AVAILABLE,0
SEAT000942,ST001_S02,9,42,AVAILABLE,0
SEAT000943,ST001_S02,9,43,AVAILABLE,0
SEAT000944,ST001_S02,9,44,AVAILABLE,0
SEAT000945,ST001_S02,9,45,AVAILABLE,0
SEAT000946,ST001_S02,9,46,AVAILABLE,0
SEAT000947,ST001_S02,9,47,AVAILABLE,0
SEAT000948,ST001_S02,9,48,AVAILABLE,0
SEAT000949,ST001_S02,9,49,AVAILABLE,0
SEAT000950,ST001_S02,9,50,AVAILABLE,0
SEAT000951,ST001_S02,10,1,AVAILABLE,0
SEAT000952,ST001_S02,10,2,AVAILABLE,0
SEAT000953,ST001_S02,10,3,AVAILABLE,0
SEAT000954,ST001_S02,10,4,AVAILABLE,0
SEAT000955,ST001_S02,10,5,AVAILABLE,0
SEAT000956,ST001_S02,10,6,AVAILABLE,0
SEAT000957,ST001_S02,10,7,AVAILABLE,0
SEAT000958,ST001_S02,10,8,AVAILABLE,0
SEAT000959,ST001_S02,10,9,AVAILABLE,0
SEAT000960,ST001_S02,10,10,AVAILABLE,0
SEAT000961,ST001_S02,10,11,AVAILABLE,0
SEAT000962,ST001_S02,10,12,AVAILABLE,0
SEAT000963,ST001_S02,10,13,AVAILABLE,0
SEAT000964,ST001_S02,10,14,AVAILABLE,0
SEAT000965,ST001_S02,10,15,AVAILABLE,0
SEAT000966,ST001_S02,10,16,AVAILABLE,0
SEAT000967,ST001_S02,10,17,AVAILABLE,0
SEAT000968,ST001_S02,10,18,AVAILABLE,0
SEAT000969,ST001_S02,10,19,AVAILABLE,0
SEAT000970,ST001_S02,10,20,AVAILABLE,0
SEAT000971,ST001_S02,10,21,AVAILABLE,0
SEAT000972,ST001_S02,10,22,AVAILABLE,0
SEAT000973,ST001_S02,10,23,AVAILABLE,0
SEAT000974,ST001_S02,10,24,AVAILABLE,0
SEAT000975,ST001_S02,10,25,AVAILABLE,0
SEAT000976,ST001_S02,10,26,AVAILABLE,0
SEAT000977,ST001_S02,10,27,AVAILABLE,0
SEAT000978,ST001_S02,10,28,AVAILABLE,0
SEAT000979,ST001_S02,10,29,AVAILABLE,0
SEAT000980,ST001_S02,10,30,AVAILABLE,0
SEAT000981,ST001_S02,10,31,AVAILABLE,0
SEAT000982,ST001_S02,10,32,AVAILABLE,0
SEAT000983,ST001_S02,10,33,AVAILABLE,0
SEAT000984,ST001_S02,10,34,AVAILABLE,0
SEAT000985,ST001_S02,10,35,AVAILABLE,0
SEAT000986,ST001_S02,10,36,AVAILABLE,0
SEAT000987,ST001_S02,10,37,AVAILABLE,0
SEAT000988,ST001_S02,10,38,AVAILABLE,0
SEAT000989,ST001_S02,10,39,AVAILABLE,0
SEAT000990,ST001_S02,10,40,AVAILABLE,0
SEAT000991,ST001_S02,10,41,AVAILABLE,0
SEAT000992,ST001_S02,10,42,AVAILABLE,0
SEAT000993,ST001_S02,10,43,AVAILABLE,0
SEAT000994,ST001_S02,10,44,AVAILABLE,0
SEAT000995,ST001_S02,10,45,AVAILABLE,0
SEAT000996,ST001_S02,10,46,AVAILABLE,0
SEAT000997,ST001_S02,10,47,AVAILABLE,0
SEAT000998,ST001_S02,10,48,AVAILABLE,0
SEAT000999,ST001_S02,10,49,AVAILABLE,0
SEAT001000,ST001_S02,10,50,AVAILABLE,0
SEAT001001,ST001_S03,1,1,AVAILABLE,0
SEAT001002,ST001_S03,1,2,AVAILABLE,0
SEAT001003,ST001_S03,1,3,AVAILABLE,0
SEAT001004,ST001_S03,1,4,AVAILABLE,0
SEAT001005,ST001_S03,1,5,AVAILABLE,0
SEAT001006,ST001_S03,1,6,AVAILABLE,0
SEAT001007,ST001_S03,1,7,AVAILABLE,0
SEAT001008,ST001_S03,1,8,AVAILABLE,0
SEAT001009,ST001_S03,1,9,AVAILABLE,0
SEAT001010,ST001_S03,1,10,AVAILABLE,0
SEAT001011,ST001_S03,1,11,AVAILABLE,0
SEAT001012,ST001_S03,1,12,AVAILABLE,0
SEAT001013,ST001_S03,1,13,AVAILABLE,0
SEAT001014,ST001_S03,1,14,AVAILABLE,0
SEAT001015,ST001_S03,1,15,AVAILABLE,0
SEAT001016,ST001_S03,1,16,AVAILABLE,0
SEAT001017,ST001_S03,1,17,AVAILABLE,0
SEAT001018,ST001_S03,1,18,AVAILABLE,0
SEAT001019,ST001_S03,1,19,AVAILABLE,0
SEAT001020,ST001_S03,1,20,AVAILABLE,0
SEAT001021,ST001_S03,1,21,AVAILABLE,0
SEAT001022,ST001_S03,1,22,AVAILABLE,0
SEAT001023,ST001_S03,1,23,AVAILABLE,0
SEAT001024,ST001_S03,1,24,AVAILABLE,0
SEAT001025,ST001_S03,1,25,AVAILABLE,0
SEAT001026,ST001_S03,1,26,AVAILABLE,0
SEAT001027,ST001_S03,1,27,AVAILABLE,0
SEAT001028,ST001_S03,1,28,AVAILABLE,0
SEAT001029,ST001_S03,1,29,AVAILABLE,0
SEAT001030,ST001_S03,1,30,AVAILABLE,0
SEAT001031,ST001_S03,1,31,AVAILABLE,0
SEAT001032,ST001_S03,1,32,AVAILABLE,0
SEAT001033,ST001_S03,1,33,AVAILABLE,0
SEAT001034,ST001_S03,1,34,AVAILABLE,0
SEAT001035,ST001_S03,1,35,AVAILABLE,0
SEAT001036,ST001_S03,1,36,AVAILABLE,0
SEAT001037,ST001_S03,1,37,AVAILABLE,0
SEAT001038,ST001_S03,1,38,AVAILABLE,0
SEAT001039,ST001_S03,1,39,AVAILABLE,0
SEAT001040,ST001_S03,1,40,AVAILABLE,0
SEAT001041,ST001_S03,1,41,AVAILABLE,0
SEAT001042,ST001_S03,1,42,AVAILABLE,0
SEAT001043,ST001_S03,1,43,AVAILABLE,0
SEAT001044,ST001_S03,1,44,AVAILABLE,0
SEAT001045,ST001_S03,1,45,AVAILABLE,0
SEAT001046,ST001_S03,1,46,AVAILABLE,0
SEAT001047,ST001_S03,1,47,AVAILABLE,0
SEAT001048,ST001_S03,1,48,AVAILABLE,0
SEAT001049,ST001_S03,1,49,AVAILABLE,0
SEAT001050,ST001_S03,1,50,AVAILABLE,0
SEAT001051,ST001_S03,1,51,AVAILABLE,0
SEAT001052,ST001_S03,1,52,AVAILABLE,0
SEAT001053,ST001_S03,1,53,AVAILABLE,0
SEAT001054,ST001_S03,1,54,AVAILABLE,0
SEAT001055,ST001_S03,1,55,AVAILABLE,0
SEAT001056,ST001_S03,1,56,AVAILABLE,0
SEAT001057,ST001_S03,1,57,AVAILABLE,0
SEAT001058,ST001_S03,1,58,AVAILABLE,0
SEAT001059,ST001_S03,1,59,AVAILABLE,0
SEAT001060,ST001_S03,1,60,AVAILABLE,0
SEAT001061,ST001_S03,1,61,AVAILABLE,0
SEAT001062,ST001_S03,1,62,AVAILABLE,0
SEAT001063,ST001_S03,1,63,AVAILABLE,0
SEAT001064,ST001_S03,1,64,AVAILABLE,0
SEAT001065,ST001_S03,1,65,AVAILABLE,0
SEAT001066,ST001_S03,1,66,AVAILABLE,0
SEAT001067,ST001_S03,1,67,AVAILABLE,0
SEAT001068,ST001_S03,1,68,AVAILABLE,0
SEAT001069,ST001_S03,1,69,AVAILABLE,0
SEAT001070,ST001_S03,1,70,AVAILABLE,0
SEAT001071,ST001_S03,1,71,AVAILABLE,0
SEAT001072,ST001_S03,1,72,AVAILABLE,0
SEAT001073,ST001_S03,1,73,AVAILABLE,0
SEAT001074,ST001_S03,1,74,AVAILABLE,0
SEAT001075,ST001_S03,1,75,AVAILABLE,0
SEAT001076,ST001_S03,1,76,AVAILABLE,0
SEAT001077,ST001_S03,1,77,AVAILABLE,0
SEAT001078,ST001_S03,1,78,AVAILABLE,0
SEAT001079,ST001_S03,1,79,AVAILABLE,0
SEAT001080,ST001_S03,1,80,AVAILABLE,0
SEAT001081,ST001_S03,1,81,AVAILABLE,0
SEAT001082,ST001_S03,1,82,AVAILABLE,0
SEAT001083,ST001_S03,1,83,AVAILABLE,0
SEAT001084,ST001_S03,1,84,AVAILABLE,0
SEAT001085,ST001_S03,1,85,AVAILABLE,0
SEAT001086,ST001_S03,1,86,AVAILABLE,0
SEAT001087,ST001_S03,1,87,AVAILABLE,0
SEAT001088,ST001_S03,1,88,AVAILABLE,0
SEAT001089,ST001_S03,1,89,AVAILABLE,0
SEAT001090,ST001_S03,1,90,AVAILABLE,0
SEAT001091,ST001_S03,1,91,AVAILABLE,0
SEAT001092,ST001_S03,1,92,AVAILABLE,0
SEAT001093,ST001_S03,1,93,AVAILABLE,0
SEAT001094,ST001_S03,1,94,AVAILABLE,0
SEAT001095,ST001_S03,1,95,AVAILABLE,0
SEAT001096,ST001_S03,1,96,AVAILABLE,0
SEAT001097,ST001_S03,1,97,AVAILABLE,0
SEAT001098,ST001_S03,1,98,AVAILABLE,0
SEAT001099,ST001_S03,1,99,AVAILABLE,0
SEAT001100,ST001_S03,1,100,AVAILABLE,0
SEAT001101,ST001_S03,2,1,AVAILABLE,0
SEAT001102,ST001_S03,2,2,AVAILABLE,0
SEAT001103,ST001_S03,2,3,AVAILABLE,0
SEAT001104,ST001_S03,2,4,AVAILABLE,0
SEAT001105,ST001_S03,2,5,AVAILABLE,0
SEAT001106,ST001_S03,2,6,AVAILABLE,0
SEAT001107,ST001_S03,2,7,AVAILABLE,0
SEAT001108,ST001_S03,2,8,AVAILABLE,0
SEAT001109,ST001_S03,2,9,AVAILABLE,0
SEAT001110,ST001_S03,2,10,AVAILABLE,0
SEAT001111,ST001_S03,2,11,AVAILABLE,0
SEAT001112,ST001_S03,2,12,AVAILABLE,0
SEAT001113,ST001_S03,2,13,AVAILABLE,0
SEAT001114,ST001_S03,2,14,AVAILABLE,0
SEAT001115,ST001_S03,2,15,AVAILABLE,0
SEAT001116,ST001_S03,2,16,AVAILABLE,0
SEAT001117,ST001_S03,2,17,AVAILABLE,0
SEAT001118,ST001_S03,2,18,AVAILABLE,0
SEAT001119,ST001_S03,2,19,AVAILABLE,0
SEAT001120,ST001_S03,2,20,AVAILABLE,0
SEAT001121,ST001_S03,2,21,AVAILABLE,0
SEAT001122,ST001_S03,2,22,AVAILABLE,0
SEAT001123,ST001_S03,2,23,AVAILABLE,0
SEAT001124,ST001_S03,2,24,AVAILABLE,0
SEAT001125,ST001_S03,2,25,AVAILABLE,0
SEAT001126,ST001_S03,2,26,AVAILABLE,0
SEAT001127,ST001_S03,2,27,AVAILABLE,0
SEAT001128,ST001_S03,2,28,AVAILABLE,0
SEAT001129,ST001_S03,2,29,AVAILABLE,0
SEAT001130,ST001_S03,2,30,AVAILABLE,0
SEAT001131,ST001_S03,2,31,AVAILABLE,0
SEAT001132,ST001_S03,2,32,AVAILABLE,0
SEAT001133,ST001_S03,2,33,AVAILABLE,0
SEAT001134,ST001_S03,2,34,AVAILABLE,0
SEAT001135,ST001_S03,2,35,AVAILABLE,0
SEAT001136,ST001_S03,2,36,AVAILABLE,0
SEAT001137,ST001_S03,2,37,AVAILABLE,0
SEAT001138,ST001_S03,2,38,AVAILABLE,0
SEAT001139,ST001_S03,2,39,AVAILABLE,0
SEAT001140,ST001_S03,2,40,AVAILABLE,0
SEAT001141,ST001_S03,2,41,AVAILABLE,0
SEAT001142,ST001_S03,2,42,AVAILABLE,0
SEAT001143,ST001_S03,2,43,AVAILABLE,0
SEAT001144,ST001_S03,2,44,AVAILABLE,0
SEAT001145,ST001_S03,2,45,AVAILABLE,0
SEAT001146,ST001_S03,2,46,AVAILABLE,0
SEAT001147,ST001_S03,2,47,AVAILABLE,0
SEAT001148,ST001_S03,2,48,AVAILABLE,0
SEAT001149,ST001_S03,2,49,AVAILABLE,0
SEAT001150,ST001_S03,2,50,AVAILABLE,0
SEAT001151,ST001_S03,2,51,AVAILABLE,0
SEAT001152,ST001_S03,2,52,AVAILABLE,0
SEAT001153,ST001_S03,2,53,AVAILABLE,0
SEAT001154,ST001_S03,2,54,AVAILABLE,0
SEAT001155,ST001_S03,2,55,AVAILABLE,0
SEAT001156,ST001_S03,2,56,AVAILABLE,0
SEAT001157,ST001_S03,2,57,AVAILABLE,0
SEAT001158,ST001_S03,2,58,AVAILABLE,0
SEAT001159,ST001_S03,2,59,AVAILABLE,0
SEAT001160,ST001_S03,2,60,AVAILABLE,0
SEAT001161,ST001_S03,2,61,AVAILABLE,0
SEAT001162,ST001_S03,2,62,AVAILABLE,0
SEAT001163,ST001_S03,2,63,AVAILABLE,0
SEAT001164,ST001_S03,2,64,AVAILABLE,0
SEAT001165,ST001_S03,2,65,AVAILABLE,0
SEAT001166,ST001_S03,2,66,AVAILABLE,0
SEAT001167,ST001_S03,2,67,AVAILABLE,0
SEAT001168,ST001_S03,2,68,AVAILABLE,0
SEAT001169,ST001_S03,2,69,AVAILABLE,0
SEAT001170,ST001_S03,2,70,AVAILABLE,0
SEAT001171,ST001_S03,2,71,AVAILABLE,0
SEAT001172,ST001_S03,2,72,AVAILABLE,0
SEAT001173,ST001_S03,2,73,AVAILABLE,0
SEAT001174,ST001_S03,2,74,AVAILABLE,0
SEAT001175,ST001_S03,2,75,AVAILABLE,0
SEAT001176,ST001_S03,2,76,AVAILABLE,0
SEAT001177,ST001_S03,2,77,AVAILABLE,0
SEAT001178,ST001_S03,2,78,AVAILABLE,0
SEAT001179,ST001_S03,2,79,AVAILABLE,0
SEAT001180,ST001_S03,2,80,AVAILABLE,0
SEAT001181,ST001_S03,2,81,AVAILABLE,0
SEAT001182,ST001_S03,2,82,AVAILABLE,0
SEAT001183,ST001_S03,2,83,AVAILABLE,0
SEAT001184,ST001_S03,2,84,AVAILABLE,0
SEAT001185,ST001_S03,2,85,AVAILABLE,0
SEAT001186,ST001_S03,2,86,AVAILABLE,0
SEAT001187,ST001_S03,2,87,AVAILABLE,0
SEAT001188,ST001_S03,2,88,AVAILABLE,0
SEAT001189,ST001_S03,2,89,AVAILABLE,0
SEAT001190,ST001_S03,2,90,AVAILABLE,0
SEAT001191,ST001_S03,2,91,AVAILABLE,0
SEAT001192,ST001_S03,2,92,AVAILABLE,0
SEAT001193,ST001_S03,2,93,AVAILABLE,0
SEAT001194,ST001_S03,2,94,AVAILABLE,0
SEAT001195,ST001_S03,2,95,AVAILABLE,0
SEAT001196,ST001_S03,2,96,AVAILABLE,0
SEAT001197,ST001_S03,2,97,AVAILABLE,0
SEAT001198,ST001_S03,2,98,AVAILABLE,0
SEAT001199,ST001_S03,2,99,AVAILABLE,0
SEAT001200,ST001_S03,2,100,AVAILABLE,0
SEAT001201,ST001_S03,3,1,AVAILABLE,0
SEAT001202,ST001_S03,3,2,AVAILABLE,0
SEAT001203,ST001_S03,3,3,AVAILABLE,0
SEAT001204,ST001_S03,3,4,AVAILABLE,0
SEAT001205,ST001_S03,3,5,AVAILABLE,0
SEAT001206,ST001_S03,3,6,AVAILABLE,0
SEAT001207,ST001_S03,3,7,AVAILABLE,0
SEAT001208,ST001_S03,3,8,AVAILABLE,0
SEAT001209,ST001_S03,3,9,AVAILABLE,0
SEAT001210,ST001_S03,3,10,AVAILABLE,0
SEAT001211,ST001_S03,3,11,AVAILABLE,0
SEAT001212,ST001_S03,3,12,AVAILABLE,0
SEAT001213,ST001_S03,3,13,AVAILABLE,0
SEAT001214,ST001_S03,3,14,AVAILABLE,0
SEAT001215,ST001_S03,3,15,AVAILABLE,0
SEAT001216,ST001_S03,3,16,AVAILABLE,0
SEAT001217,ST001_S03,3,17,AVAILABLE,0
SEAT001218,ST001_S03,3,18,AVAILABLE,0
SEAT001219,ST001_S03,3,19,AVAILABLE,0
SEAT001220,ST001_S03,3,20,AVAILABLE,0
SEAT001221,ST001_S03,3,21,AVAILABLE,0
SEAT001222,ST001_S03,3,22,AVAILABLE,0
SEAT001223,ST001_S03,3,23,AVAILABLE,0
SEAT001224,ST001_S03,3,24,AVAILABLE,0
SEAT001225,ST001_S03,3,25,AVAILABLE,0
SEAT001226,ST001_S03,3,26,AVAILABLE,0
SEAT001227,ST001_S03,3,27,AVAILABLE,0
SEAT001228,ST001_S03,3,28,AVAILABLE,0
SEAT001229,ST001_S03,3,29,AVAILABLE,0
SEAT001230,ST001_S03,3,30,AVAILABLE,0
SEAT001231,ST001_S03,3,31,AVAILABLE,0
SEAT001232,ST001_S03,3,32,AVAILABLE,0
SEAT001233,ST001_S03,3,33,AVAILABLE,0
SEAT001234,ST001_S03,3,34,AVAILABLE,0
SEAT001235,ST001_S03,3,35,AVAILABLE,0
SEAT001236,ST001_S03,3,36,AVAILABLE,0
SEAT001237,ST001_S03,3,37,AVAILABLE,0
SEAT001238,ST001_S03,3,38,AVAILABLE,0
SEAT001239,ST001_S03,3,39,AVAILABLE,0
SEAT001240,ST001_S03,3,40,AVAILABLE,0
SEAT001241,ST001_S03,3,41,AVAILABLE,0
SEAT001242,ST001_S03,3,42,AVAILABLE,0
SEAT001243,ST001_S03,3,43,AVAILABLE,0
SEAT001244,ST001_S03,3,44,AVAILABLE,0
SEAT001245,ST001_S03,3,45,AVAILABLE,0
SEAT001246,ST001_S03,3,46,AVAILABLE,0
SEAT001247,ST001_S03,3,47,AVAILABLE,0
SEAT001248,ST001_S03,3,48,AVAILABLE,0
SEAT001249,ST001_S03,3,49,AVAILABLE,0
SEAT001250,ST001_S03,3,50,AVAILABLE,0
SEAT001251,ST001_S03,3,51,AVAILABLE,0
SEAT001252,ST001_S03,3,52,AVAILABLE,0
SEAT001253,ST001_S03,3,53,AVAILABLE,0
SEAT001254,ST001_S03,3,54,AVAILABLE,0
SEAT001255,ST001_S03,3,55,AVAILABLE,0
SEAT001256,ST001_S03,3,56,AVAILABLE,0
SEAT001257,ST001_S03,3,57,AVAILABLE,0
SEAT001258,ST001_S03,3,58,AVAILABLE,0
SEAT001259,ST001_S03,3,59,AVAILABLE,0
SEAT001260,ST001_S03,3,60,AVAILABLE,0
SEAT001261,ST001_S03,3,61,AVAILABLE,0
SEAT001262,ST001_S03,3,62,AVAILABLE,0
SEAT001263,ST001_S03,3,63,AVAILABLE,0
SEAT001264,ST001_S03,3,64,AVAILABLE,0
SEAT001265,ST001_S03,3,65,AVAILABLE,0
SEAT001266,ST001_S03,3,66,AVAILABLE,0
SEAT001267,ST001_S03,3,67,AVAILABLE,0
SEAT001268,ST001_S03,3,68,AVAILABLE,0
SEAT001269,ST001_S03,3,69,AVAILABLE,0
SEAT001270,ST001_S03,3,70,AVAILABLE,0
SEAT001271,ST001_S03,3,71,AVAILABLE,0
SEAT001272,ST001_S03,3,72,AVAILABLE,0
SEAT001273,ST001_S03,3,73,AVAILABLE,0
SEAT001274,ST001_S03,3,74,AVAILABLE,0
SEAT001275,ST001_S03,3,75,AVAILABLE,0
SEAT001276,ST001_S03,3,76,AVAILABLE,0
SEAT001277,ST001_S03,3,77,AVAILABLE,0
SEAT001278,ST001_S03,3,78,AVAILABLE,0
SEAT001279,ST001_S03,3,79,AVAILABLE,0
SEAT001280,ST001_S03,3,80,AVAILABLE,0
SEAT001281,ST001_S03,3,81,AVAILABLE,0
SEAT001282,ST001_S03,3,82,AVAILABLE,0
SEAT001283,ST001_S03,3,83,AVAILABLE,0
SEAT001284,ST001_S03,3,84,AVAILABLE,0
SEAT001285,ST001_S03,3,85,AVAILABLE,0
SEAT001286,ST001_S03,3,86,AVAILABLE,0
SEAT001287,ST001_S03,3,87,AVAILABLE,0
SEAT001288,ST001_S03,3,88,AVAILABLE,0
SEAT001289,ST001_S03,3,89,AVAILABLE,0
SEAT001290,ST001_S03,3,90,AVAILABLE,0
SEAT001291,ST001_S03,3,91,AVAILABLE,0
SEAT001292,ST001_S03,3,92,AVAILABLE,0
SEAT001293,ST001_S03,3,93,AVAILABLE,0
SEAT001294,ST001_S03,3,94,AVAILABLE,0
SEAT001295,ST001_S03,3,95,AVAILABLE,0
SEAT001296,ST001_S03,3,96,AVAILABLE,0
SEAT001297,ST001_S03,3,97,AVAILABLE,0
SEAT001298,ST001_S03,3,98,AVAILABLE,0
SEAT001299,ST001_S03,3,99,AVAILABLE,0
SEAT001300,ST001_S03,3,100,AVAILABLE,0
SEAT001301,ST001_S03,4,1,AVAILABLE,0
SEAT001302,ST001_S03,4,2,AVAILABLE,0
SEAT001303,ST001_S03,4,3,AVAILABLE,0
SEAT001304,ST001_S03,4,4,AVAILABLE,0
SEAT001305,ST001_S03,4,5,AVAILABLE,0
SEAT001306,ST001_S03,4,6,AVAILABLE,0
SEAT001307,ST001_S03,4,7,AVAILABLE,0
SEAT001308,ST001_S03,4,8,AVAILABLE,0
SEAT001309,ST001_S03,4,9,AVAILABLE,0
SEAT001310,ST001_S03,4,10,AVAILABLE,0
SEAT001311,ST001_S03,4,11,AVAILABLE,0
SEAT001312,ST001_S03,4,12,AVAILABLE,0
SEAT001313,ST001_S03,4,13,AVAILABLE,0
SEAT001314,ST001_S03,4,14,AVAILABLE,0
SEAT001315,ST001_S03,4,15,AVAILABLE,0
SEAT001316,ST001_S03,4,16,AVAILABLE,0
SEAT001317,ST001_S03,4,17,AVAILABLE,0
SEAT001318,ST001_S03,4,18,AVAILABLE,0
SEAT001319,ST001_S03,4,19,AVAILABLE,0
SEAT001320,ST001_S03,4,20,AVAILABLE,0
SEAT001321,ST001_S03,4,21,AVAILABLE,0
SEAT001322,ST001_S03,4,22,AVAILABLE,0
SEAT001323,ST001_S03,4,23,AVAILABLE,0
SEAT001324,ST001_S03,4,24,AVAILABLE,0
SEAT001325,ST001_S03,4,25,AVAILABLE,0
SEAT001326,ST001_S03,4,26,AVAILABLE,0
SEAT001327,ST001_S03,4,27,AVAILABLE,0
SEAT001328,ST001_S03,4,28,AVAILABLE,0
SEAT001329,ST001_S03,4,29,AVAILABLE,0
SEAT001330,ST001_S03,4,30,AVAILABLE,0
SEAT001331,ST001_S03,4,31,AVAILABLE,0
SEAT001332,ST001_S03,4,32,AVAILABLE,0
SEAT001333,ST001_S03,4,33,AVAILABLE,0
SEAT001334,ST001_S03,4,34,AVAILABLE,0
SEAT001335,ST001_S03,4,35,AVAILABLE,0
SEAT001336,ST001_S03,4,36,AVAILABLE,0
SEAT001337,ST001_S03,4,37,AVAILABLE,0
SEAT001338,ST001_S03,4,38,AVAILABLE,0
SEAT001339,ST001_S03,4,39,AVAILABLE,0
SEAT001340,ST001_S03,4,40,AVAILABLE,0
SEAT001341,ST001_S03,4,41,AVAILABLE,0
SEAT001342,ST001_S03,4,42,AVAILABLE,0
SEAT001343,ST001_S03,4,43,AVAILABLE,0
SEAT001344,ST001_S03,4,44,AVAILABLE,0
SEAT001345,ST001_S03,4,45,AVAILABLE,0
SEAT001346,ST001_S03,4,46,AVAILABLE,0
SEAT001347,ST001_S03,4,47,AVAILABLE,0
SEAT001348,ST001_S03,4,48,AVAILABLE,0
SEAT001349,ST001_S03,4,49,AVAILABLE,0
SEAT001350,ST001_S03,4,50,AVAILABLE,0
SEAT001351,ST001_S03,4,51,AVAILABLE,0
SEAT001352,ST001_S03,4,52,AVAILABLE,0
SEAT001353,ST001_S03,4,53,AVAILABLE,0
SEAT001354,ST001_S03,4,54,AVAILABLE,0
SEAT001355,ST001_S03,4,55,AVAILABLE,0
SEAT001356,ST001_S03,4,56,AVAILABLE,0
SEAT001357,ST001_S03,4,57,AVAILABLE,0
SEAT001358,ST001_S03,4,58,AVAILABLE,0
SEAT001359,ST001_S03,4,59,AVAILABLE,0
SEAT001360,ST001_S03,4,60,AVAILABLE,0
SEAT001361,ST001_S03,4,61,AVAILABLE,0
SEAT001362,ST001_S03,4,62,AVAILABLE,0
SEAT001363,ST001_S03,4,63,AVAILABLE,0
SEAT001364,ST001_S03,4,64,AVAILABLE,0
SEAT001365,ST001_S03,4,65,AVAILABLE,0
SEAT001366,ST001_S03,4,66,AVAILABLE,0
SEAT001367,ST001_S03,4,67,AVAILABLE,0
SEAT001368,ST001_S03,4,68,AVAILABLE,0
SEAT001369,ST001_S03,4,69,AVAILABLE,0
SEAT001370,ST001_S03,4,70,AVAILABLE,0
SEAT001371,ST001_S03,4,71,AVAILABLE,0
SEAT001372,ST001_S03,4,72,AVAILABLE,0
SEAT001373,ST001_S03,4,73,AVAILABLE,0
SEAT001374,ST001_S03,4,74,AVAILABLE,0
SEAT001375,ST001_S03,4,75,AVAILABLE,0
SEAT001376,ST001_S03,4,76,AVAILABLE,0
SEAT001377,ST001_S03,4,77,AVAILABLE,0
SEAT001378,ST001_S03,4,78,AVAILABLE,0
SEAT001379,ST001_S03,4,79,AVAILABLE,0
SEAT001380,ST001_S03,4,80,AVAILABLE,0
SEAT001381,ST001_S03,4,81,AVAILABLE,0
SEAT001382,ST001_S03,4,82,AVAILABLE,0
SEAT001383,ST001_S03,4,83,AVAILABLE,0
SEAT001384,ST001_S03,4,84,AVAILABLE,0
SEAT001385,ST001_S03,4,85,AVAILABLE,0
SEAT001386,ST001_S03,4,86,AVAILABLE,0
SEAT001387,ST001_S03,4,87,AVAILABLE,0
SEAT001388,ST001_S03,4,88,AVAILABLE,0
SEAT001389,ST001_S03,4,89,AVAILABLE,0
SEAT001390,ST001_S03,4,90,AVAILABLE,0
SEAT001391,ST001_S03,4,91,AVAILABLE,0
SEAT001392,ST001_S03,4,92,AVAILABLE,0
SEAT001393,ST001_S03,4,93,AVAILABLE,0
SEAT001394,ST001_S03,4,94,AVAILABLE,0
SEAT001395,ST001_S03,4,95,AVAILABLE,0
SEAT001396,ST001_S03,4,96,AVAILABLE,0
SEAT001397,ST001_S03,4,97,AVAILABLE,0
SEAT001398,ST001_S03,4,98,AVAILABLE,0
SEAT001399,ST001_S03,4,99,AVAILABLE,0
SEAT001400,ST001_S03,4,100,AVAILABLE,0
SEAT001401,ST001_S03,5,1,AVAILABLE,0
SEAT001402,ST001_S03,5,2,AVAILABLE,0
SEAT001403,ST001_S03,5,3,AVAILABLE,0
SEAT001404,ST001_S03,5,4,AVAILABLE,0
SEAT001405,ST001_S03,5,5,AVAILABLE,0
SEAT001406,ST001_S03,5,6,AVAILABLE,0
SEAT001407,ST001_S03,5,7,AVAILABLE,0
SEAT001408,ST001_S03,5,8,AVAILABLE,0
SEAT001409,ST001_S03,5,9,AVAILABLE,0
SEAT001410,ST001_S03,5,10,AVAILABLE,0
SEAT001411,ST001_S03,5,11,AVAILABLE,0
SEAT001412,ST001_S03,5,12,AVAILABLE,0
SEAT001413,ST001_S03,5,13,AVAILABLE,0
SEAT001414,ST001_S03,5,14,AVAILABLE,0
SEAT001415,ST001_S03,5,15,AVAILABLE,0
SEAT001416,ST001_S03,5,16,AVAILABLE,0
SEAT001417,ST001_S03,5,17,AVAILABLE,0
SEAT001418,ST001_S03,5,18,AVAILABLE,0
SEAT001419,ST001_S03,5,19,AVAILABLE,0
SEAT001420,ST001_S03,5,20,AVAILABLE,0
SEAT001421,ST001_S03,5,21,AVAILABLE,0
SEAT001422,ST001_S03,5,22,AVAILABLE,0
SEAT001423,ST001_S03,5,23,AVAILABLE,0
SEAT001424,ST001_S03,5,24,AVAILABLE,0
SEAT001425,ST001_S03,5,25,AVAILABLE,0
SEAT001426,ST001_S03,5,26,AVAILABLE,0
SEAT001427,ST001_S03,5,27,AVAILABLE,0
SEAT001428,ST001_S03,5,28,AVAILABLE,0
SEAT001429,ST001_S03,5,29,AVAILABLE,0
SEAT001430,ST001_S03,5,30,AVAILABLE,0
SEAT001431,ST001_S03,5,31,AVAILABLE,0
SEAT001432,ST001_S03,5,32,AVAILABLE,0
SEAT001433,ST001_S03,5,33,AVAILABLE,0
SEAT001434,ST001_S03,5,34,AVAILABLE,0
SEAT001435,ST001_S03,5,35,AVAILABLE,0
SEAT001436,ST001_S03,5,36,AVAILABLE,0
SEAT001437,ST001_S03,5,37,AVAILABLE,0
SEAT001438,ST001_S03,5,38,AVAILABLE,0
SEAT001439,ST001_S03,5,39,AVAILABLE,0
SEAT001440,ST001_S03,5,40,AVAILABLE,0
SEAT001441,ST001_S03,5,41,AVAILABLE,0
SEAT001442,ST001_S03,5,42,AVAILABLE,0
SEAT001443,ST001_S03,5,43,AVAILABLE,0
SEAT001444,ST001_S03,5,44,AVAILABLE,0
SEAT001445,ST001_S03,5,45,AVAILABLE,0
SEAT001446,ST001_S03,5,46,AVAILABLE,0
SEAT001447,ST001_S03,5,47,AVAILABLE,0
SEAT001448,ST001_S03,5,48,AVAILABLE,0
SEAT001449,ST001_S03,5,49,AVAILABLE,0
SEAT001450,ST001_S03,5,50,AVAILABLE,0
SEAT001451,ST001_S03,5,51,AVAILABLE,0
SEAT001452,ST001_S03,5,52,AVAILABLE,0
SEAT001453,ST001_S03,5,53,AVAILABLE,0
SEAT001454,ST001_S03,5,54,AVAILABLE,0
SEAT001455,ST001_S03,5,55,AVAILABLE,0
SEAT001456,ST001_S03,5,56,AVAILABLE,0
SEAT001457,ST001_S03,5,57,AVAILABLE,0
SEAT001458,ST001_S03,5,58,AVAILABLE,0
SEAT001459,ST001_S03,5,59,AVAILABLE,0
SEAT001460,ST001_S03,5,60,AVAILABLE,0
SEAT001461,ST001_S03,5,61,AVAILABLE,0
SEAT001462,ST001_S03,5,62,AVAILABLE,0
SEAT001463,ST001_S03,5,63,AVAILABLE,0
SEAT001464,ST001_S03,5,64,AVAILABLE,0
SEAT001465,ST001_S03,5,65,AVAILABLE,0
SEAT001466,ST001_S03,5,66,AVAILABLE,0
SEAT001467,ST001_S03,5,67,AVAILABLE,0
SEAT001468,ST001_S03,5,68,AVAILABLE,0
SEAT001469,ST001_S03,5,69,AVAILABLE,0
SEAT001470,ST001_S03,5,70,AVAILABLE,0
SEAT001471,ST001_S03,5,71,AVAILABLE,0
SEAT001472,ST001_S03,5,72,AVAILABLE,0
SEAT001473,ST001_S03,5,73,AVAILABLE,0
SEAT001474,ST001_S03,5,74,AVAILABLE,0
SEAT001475,ST001_S03,5,75,AVAILABLE,0
SEAT001476,ST001_S03,5,76,AVAILABLE,0
SEAT001477,ST001_S03,5,77,AVAILABLE,0
SEAT001478,ST001_S03,5,78,AVAILABLE,0
SEAT001479,ST001_S03,5,79,AVAILABLE,0
SEAT001480,ST001_S03,5,80,AVAILABLE,0
SEAT001481,ST001_S03,5,81,AVAILABLE,0
SEAT001482,ST001_S03,5,82,AVAILABLE,0
SEAT001483,ST001_S03,5,83,AVAILABLE,0
SEAT001484,ST001_S03,5,84,AVAILABLE,0
SEAT001485,ST001_S03,5,85,AVAILABLE,0
SEAT001486,ST001_S03,5,86,AVAILABLE,0
SEAT001487,ST001_S03,5,87,AVAILABLE,0
SEAT001488,ST001_S03,5,88,AVAILABLE,0
SEAT001489,ST001_S03,5,89,AVAILABLE,0
SEAT001490,ST001_S03,5,90,AVAILABLE,0
SEAT001491,ST001_S03,5,91,AVAILABLE,0
SEAT001492,ST001_S03,5,92,AVAILABLE,0
SEAT001493,ST001_S03,5,93,AVAILABLE,0
SEAT001494,ST001_S03,5,94,AVAILABLE,0
SEAT001495,ST001_S03,5,95,AVAILABLE,0
SEAT001496,ST001_S03,5,96,AVAILABLE,0
SEAT001497,ST001_S03,5,97,AVAILABLE,0
SEAT001498,ST001_S03,5,98,AVAILABLE,0
SEAT001499,ST001_S03,5,99,AVAILABLE,0
SEAT001500,ST001_S03,5,100,AVAILABLE,0
SEAT001501,ST001_S03,6,1,AVAILABLE,0
SEAT001502,ST001_S03,6,2,AVAILABLE,0
SEAT001503,ST001_S03,6,3,AVAILABLE,0
SEAT001504,ST001_S03,6,4,AVAILABLE,0
SEAT001505,ST001_S03,6,5,AVAILABLE,0
SEAT001506,ST001_S03,6,6,AVAILABLE,0
SEAT001507,ST001_S03,6,7,AVAILABLE,0
SEAT001508,ST001_S03,6,8,AVAILABLE,0
SEAT001509,ST001_S03,6,9,AVAILABLE,0
SEAT001510,ST001_S03,6,10,AVAILABLE,0
SEAT001511,ST001_S03,6,11,AVAILABLE,0
SEAT001512,ST001_S03,6,12,AVAILABLE,0
SEAT001513,ST001_S03,6,13,AVAILABLE,0
SEAT001514,ST001_S03,6,14,AVAILABLE,0
SEAT001515,ST001_S03,6,15,AVAILABLE,0
SEAT001516,ST001_S03,6,16,AVAILABLE,0
SEAT001517,ST001_S03,6,17,AVAILABLE,0
SEAT001518,ST001_S03,6,18,AVAILABLE,0
SEAT001519,ST001_S03,6,19,AVAILABLE,0
SEAT001520,ST001_S03,6,20,AVAILABLE,0
SEAT001521,ST001_S03,6,21,AVAILABLE,0
SEAT001522,ST001_S03,6,22,AVAILABLE,0
SEAT001523,ST001_S03,6,23,AVAILABLE,0
SEAT001524,ST001_S03,6,24,AVAILABLE,0
SEAT001525,ST001_S03,6,25,AVAILABLE,0
SEAT001526,ST001_S03,6,26,AVAILABLE,0
SEAT001527,ST001_S03,6,27,AVAILABLE,0
SEAT001528,ST001_S03,6,28,AVAILABLE,0
SEAT001529,ST001_S03,6,29,AVAILABLE,0
SEAT001530,ST001_S03,6,30,AVAILABLE,0
SEAT001531,ST001_S03,6,31,AVAILABLE,0
SEAT001532,ST001_S03,6,32,AVAILABLE,0
SEAT001533,ST001_S03,6,33,AVAILABLE,0
SEAT001534,ST001_S03,6,34,AVAILABLE,0
SEAT001535,ST001_S03,6,35,AVAILABLE,0
SEAT001536,ST001_S03,6,36,AVAILABLE,0
SEAT001537,ST001_S03,6,37,AVAILABLE,0
SEAT001538,ST001_S03,6,38,AVAILABLE,0
SEAT001539,ST001_S03,6,39,AVAILABLE,0
SEAT001540,ST001_S03,6,40,AVAILABLE,0
SEAT001541,ST001_S03,6,41,AVAILABLE,0
SEAT001542,ST001_S03,6,42,AVAILABLE,0
SEAT001543,ST001_S03,6,43,AVAILABLE,0
SEAT001544,ST001_S03,6,44,AVAILABLE,0
SEAT001545,ST001_S03,6,45,AVAILABLE,0
SEAT001546,ST001_S03,6,46,AVAILABLE,0
SEAT001547,ST001_S03,6,47,AVAILABLE,0
SEAT001548,ST001_S03,6,48,AVAILABLE,0
SEAT001549,ST001_S03,6,49,AVAILABLE,0
SEAT001550,ST001_S03,6,50,AVAILABLE,0
SEAT001551,ST001_S03,6,51,AVAILABLE,0
SEAT001552,ST001_S03,6,52,AVAILABLE,0
SEAT001553,ST001_S03,6,53,AVAILABLE,0
SEAT001554,ST001_S03,6,54,AVAILABLE,0
SEAT001555,ST001_S03,6,55,AVAILABLE,0
SEAT001556,ST001_S03,6,56,AVAILABLE,0
SEAT001557,ST001_S03,6,57,AVAILABLE,0
SEAT001558,ST001_S03,6,58,AVAILABLE,0
SEAT001559,ST001_S03,6,59,AVAILABLE,0
SEAT001560,ST001_S03,6,60,AVAILABLE,0
SEAT001561,ST001_S03,6,61,AVAILABLE,0
SEAT001562,ST001_S03,6,62,AVAILABLE,0
SEAT001563,ST001_S03,6,63,AVAILABLE,0
SEAT001564,ST001_S03,6,64,AVAILABLE,0
SEAT001565,ST001_S03,6,65,AVAILABLE,0
SEAT001566,ST001_S03,6,66,AVAILABLE,0
SEAT001567,ST001_S03,6,67,AVAILABLE,0
SEAT001568,ST001_S03,6,68,AVAILABLE,0
SEAT001569,ST001_S03,6,69,AVAILABLE,0
SEAT001570,ST001_S03,6,70,AVAILABLE,0
SEAT001571,ST001_S03,6,71,AVAILABLE,0
SEAT001572,ST001_S03,6,72,AVAILABLE,0
SEAT001573,ST001_S03,6,73,AVAILABLE,0
SEAT001574,ST001_S03,6,74,AVAILABLE,0
SEAT001575,ST001_S03,6,75,AVAILABLE,0
SEAT001576,ST001_S03,6,76,AVAILABLE,0
SEAT001577,ST001_S03,6,77,AVAILABLE,0
SEAT001578,ST001_S03,6,78,AVAILABLE,0
SEAT001579,ST001_S03,6,79,AVAILABLE,0
SEAT001580,ST001_S03,6,80,AVAILABLE,0
SEAT001581,ST001_S03,6,81,AVAILABLE,0
SEAT001582,ST001_S03,6,82,AVAILABLE,0
SEAT001583,ST001_S03,6,83,AVAILABLE,0
SEAT001584,ST001_S03,6,84,AVAILABLE,0
SEAT001585,ST001_S03,6,85,AVAILABLE,0
SEAT001586,ST001_S03,6,86,AVAILABLE,0
SEAT001587,ST001_S03,6,87,AVAILABLE,0
SEAT001588,ST001_S03,6,88,AVAILABLE,0
SEAT001589,ST001_S03,6,89,AVAILABLE,0
SEAT001590,ST001_S03,6,90,AVAILABLE,0
SEAT001591,ST001_S03,6,91,AVAILABLE,0
SEAT001592,ST001_S03,6,92,AVAILABLE,0
SEAT001593,ST001_S03,6,93,AVAILABLE,0
SEAT001594,ST001_S03,6,94,AVAILABLE,0
SEAT001595,ST001_S03,6,95,AVAILABLE,0
SEAT001596,ST001_S03,6,96,AVAILABLE,0
SEAT001597,ST001_S03,6,97,AVAILABLE,0
SEAT001598,ST001_S03,6,98,AVAILABLE,0
SEAT001599,ST001_S03,6,99,AVAILABLE,0
SEAT001600,ST001_S03,6,100,AVAILABLE,0
SEAT001601,ST001_S03,7,1,AVAILABLE,0
SEAT001602,ST001_S03,7,2,AVAILABLE,0
SEAT001603,ST001_S03,7,3,AVAILABLE,0
SEAT001604,ST001_S03,7,4,AVAILABLE,0
SEAT001605,ST001_S03,7,5,AVAILABLE,0
SEAT001606,ST001_S03,7,6,AVAILABLE,0
SEAT001607,ST001_S03,7,7,AVAILABLE,0
SEAT001608,ST001_S03,7,8,AVAILABLE,0
SEAT001609,ST001_S03,7,9,AVAILABLE,0
SEAT001610,ST001_S03,7,10,AVAILABLE,0
SEAT001611,ST001_S03,7,11,AVAILABLE,0
SEAT001612,ST001_S03,7,12,AVAILABLE,0
SEAT001613,ST001_S03,7,13,AVAILABLE,0
SEAT001614,ST001_S03,7,14,AVAILABLE,0
SEAT001615,ST001_S03,7,15,AVAILABLE,0
SEAT001616,ST001_S03,7,16,AVAILABLE,0
SEAT001617,ST001_S03,7,17,AVAILABLE,0
SEAT001618,ST001_S03,7,18,AVAILABLE,0
SEAT001619,ST001_S03,7,19,AVAILABLE,0
SEAT001620,ST001_S03,7,20,AVAILABLE,0
SEAT001621,ST001_S03,7,21,AVAILABLE,0
SEAT001622,ST001_S03,7,22,AVAILABLE,0
SEAT001623,ST001_S03,7,23,AVAILABLE,0
SEAT001624,ST001_S03,7,24,AVAILABLE,0
SEAT001625,ST001_S03,7,25,AVAILABLE,0
SEAT001626,ST001_S03,7,26,AVAILABLE,0
SEAT001627,ST001_S03,7,27,AVAILABLE,0
SEAT001628,ST001_S03,7,28,AVAILABLE,0
SEAT001629,ST001_S03,7,29,AVAILABLE,0
SEAT001630,ST001_S03,7,30,AVAILABLE,0
SEAT001631,ST001_S03,7,31,AVAILABLE,0
SEAT001632,ST001_S03,7,32,AVAILABLE,0
SEAT001633,ST001_S03,7,33,AVAILABLE,0
SEAT001634,ST001_S03,7,34,AVAILABLE,0
SEAT001635,ST001_S03,7,35,AVAILABLE,0
SEAT001636,ST001_S03,7,36,AVAILABLE,0
SEAT001637,ST001_S03,7,37,AVAILABLE,0
SEAT001638,ST001_S03,7,38,AVAILABLE,0
SEAT001639,ST001_S03,7,39,AVAILABLE,0
SEAT001640,ST001_S03,7,40,AVAILABLE,0
SEAT001641,ST001_S03,7,41,AVAILABLE,0
SEAT001642,ST001_S03,7,42,AVAILABLE,0
SEAT001643,ST001_S03,7,43,AVAILABLE,0
SEAT001644,ST001_S03,7,44,AVAILABLE,0
SEAT001645,ST001_S03,7,45,AVAILABLE,0
SEAT001646,ST001_S03,7,46,AVAILABLE,0
SEAT001647,ST001_S03,7,47,AVAILABLE,0
SEAT001648,ST001_S03,7,48,AVAILABLE,0
SEAT001649,ST001_S03,7,49,AVAILABLE,0
SEAT001650,ST001_S03,7,50,AVAILABLE,0
SEAT001651,ST001_S03,7,51,AVAILABLE,0
SEAT001652,ST001_S03,7,52,AVAILABLE,0
SEAT001653,ST001_S03,7,53,AVAILABLE,0
SEAT001654,ST001_S03,7,54,AVAILABLE,0
SEAT001655,ST001_S03,7,55,AVAILABLE,0
SEAT001656,ST001_S03,7,56,AVAILABLE,0
SEAT001657,ST001_S03,7,57,AVAILABLE,0
SEAT001658,ST001_S03,7,58,AVAILABLE,0
SEAT001659,ST001_S03,7,59,AVAILABLE,0
SEAT001660,ST001_S03,7,60,AVAILABLE,0
SEAT001661,ST001_S03,7,61,AVAILABLE,0
SEAT001662,ST001_S03,7,62,AVAILABLE,0
SEAT001663,ST001_S03,7,63,AVAILABLE,0
SEAT001664,ST001_S03,7,64,AVAILABLE,0
SEAT001665,ST001_S03,7,65,AVAILABLE,0
SEAT001666,ST001_S03,7,66,AVAILABLE,0
SEAT001667,ST001_S03,7,67,AVAILABLE,0
SEAT001668,ST001_S03,7,68,AVAILABLE,0
SEAT001669,ST001_S03,7,69,AVAILABLE,0
SEAT001670,ST001_S03,7,70,AVAILABLE,0
SEAT001671,ST001_S03,7,71,AVAILABLE,0
SEAT001672,ST001_S03,7,72,AVAILABLE,0
SEAT001673,ST001_S03,7,73,AVAILABLE,0
SEAT001674,ST001_S03,7,74,AVAILABLE,0
SEAT001675,ST001_S03,7,75,AVAILABLE,0
SEAT001676,ST001_S03,7,76,AVAILABLE,0
SEAT001677,ST001_S03,7,77,AVAILABLE,0
SEAT001678,ST001_S03,7,78,AVAILABLE,0
SEAT001679,ST001_S03,7,79,AVAILABLE,0
SEAT001680,ST001_S03,7,80,AVAILABLE,0
SEAT001681,ST001_S03,7,81,AVAILABLE,0
SEAT001682,ST001_S03,7,82,AVAILABLE,0
SEAT001683,ST001_S03,7,83,AVAILABLE,0
SEAT001684,ST001_S03,7,84,AVAILABLE,0
SEAT001685,ST001_S03,7,85,AVAILABLE,0
SEAT001686,ST001_S03,7,86,AVAILABLE,0
SEAT001687,ST001_S03,7,87,AVAILABLE,0
SEAT001688,ST001_S03,7,88,AVAILABLE,0
SEAT001689,ST001_S03,7,89,AVAILABLE,0
SEAT001690,ST001_S03,7,90,AVAILABLE,0
SEAT001691,ST001_S03,7,91,AVAILABLE,0
SEAT001692,ST001_S03,7,92,AVAILABLE,0
SEAT001693,ST001_S03,7,93,AVAILABLE,0
SEAT001694,ST001_S03,7,94,AVAILABLE,0
SEAT001695,ST001_S03,7,95,AVAILABLE,0
SEAT001696,ST001_S03,7,96,AVAILABLE,0
SEAT001697,ST001_S03,7,97,AVAILABLE,0
SEAT001698,ST001_S03,7,98,AVAILABLE,0
SEAT001699,ST001_S03,7,99,AVAILABLE,0
SEAT001700,ST001_S03,7,100,AVAILABLE,0
SEAT001701,ST001_S03,8,1,AVAILABLE,0
SEAT001702,ST001_S03,8,2,AVAILABLE,0
SEAT001703,ST001_S03,8,3,AVAILABLE,0
SEAT001704,ST001_S03,8,4,AVAILABLE,0
SEAT001705,ST001_S03,8,5,AVAILABLE,0
SEAT001706,ST001_S03,8,6,AVAILABLE,0
SEAT001707,ST001_S03,8,7,AVAILABLE,0
SEAT001708,ST001_S03,8,8,AVAILABLE,0
SEAT001709,ST001_S03,8,9,AVAILABLE,0
SEAT001710,ST001_S03,8,10,AVAILABLE,0
SEAT001711,ST001_S03,8,11,AVAILABLE,0
SEAT001712,ST001_S03,8,12,AVAILABLE,0
SEAT001713,ST001_S03,8,13,AVAILABLE,0
SEAT001714,ST001_S03,8,14,AVAILABLE,0
SEAT001715,ST001_S03,8,15,AVAILABLE,0
SEAT001716,ST001_S03,8,16,AVAILABLE,0
SEAT001717,ST001_S03,8,17,AVAILABLE,0
SEAT001718,ST001_S03,8,18,AVAILABLE,0
SEAT001719,ST001_S03,8,19,AVAILABLE,0
SEAT001720,ST001_S03,8,20,AVAILABLE,0
SEAT001721,ST001_S03,8,21,AVAILABLE,0
SEAT001722,ST001_S03,8,22,AVAILABLE,0
SEAT001723,ST001_S03,8,23,AVAILABLE,0
SEAT001724,ST001_S03,8,24,AVAILABLE,0
SEAT001725,ST001_S03,8,25,AVAILABLE,0
SEAT001726,ST001_S03,8,26,AVAILABLE,0
SEAT001727,ST001_S03,8,27,AVAILABLE,0
SEAT001728,ST001_S03,8,28,AVAILABLE,0
SEAT001729,ST001_S03,8,29,AVAILABLE,0
SEAT001730,ST001_S03,8,30,AVAILABLE,0
SEAT001731,ST001_S03,8,31,AVAILABLE,0
SEAT001732,ST001_S03,8,32,AVAILABLE,0
SEAT001733,ST001_S03,8,33,AVAILABLE,0
SEAT001734,ST001_S03,8,34,AVAILABLE,0
SEAT001735,ST001_S03,8,35,AVAILABLE,0
SEAT001736,ST001_S03,8,36,AVAILABLE,0
SEAT001737,ST001_S03,8,37,AVAILABLE,0
SEAT001738,ST001_S03,8,38,AVAILABLE,0
SEAT001739,ST001_S03,8,39,AVAILABLE,0
SEAT001740,ST001_S03,8,40,AVAILABLE,0
SEAT001741,ST001_S03,8,41,AVAILABLE,0
SEAT001742,ST001_S03,8,42,AVAILABLE,0
SEAT001743,ST001_S03,8,43,AVAILABLE,0
SEAT001744,ST001_S03,8,44,AVAILABLE,0
SEAT001745,ST001_S03,8,45,AVAILABLE,0
SEAT001746,ST001_S03,8,46,AVAILABLE,0
SEAT001747,ST001_S03,8,47,AVAILABLE,0
SEAT001748,ST001_S03,8,48,AVAILABLE,0
SEAT001749,ST001_S03,8,49,AVAILABLE,0
SEAT001750,ST001_S03,8,50,AVAILABLE,0
SEAT001751,ST001_S03,8,51,AVAILABLE,0
SEAT001752,ST001_S03,8,52,AVAILABLE,0
SEAT001753,ST001_S03,8,53,AVAILABLE,0
SEAT001754,ST001_S03,8,54,AVAILABLE,0
SEAT001755,ST001_S03,8,55,AVAILABLE,0
SEAT001756,ST001_S03,8,56,AVAILABLE,0
SEAT001757,ST001_S03,8,57,AVAILABLE,0
SEAT001758,ST001_S03,8,58,AVAILABLE,0
SEAT001759,ST001_S03,8,59,AVAILABLE,0
SEAT001760,ST001_S03,8,60,AVAILABLE,0
SEAT001761,ST001_S03,8,61,AVAILABLE,0
SEAT001762,ST001_S03,8,62,AVAILABLE,0
SEAT001763,ST001_S03,8,63,AVAILABLE,0
SEAT001764,ST001_S03,8,64,AVAILABLE,0
SEAT001765,ST001_S03,8,65,AVAILABLE,0
SEAT001766,ST001_S03,8,66,AVAILABLE,0
SEAT001767,ST001_S03,8,67,AVAILABLE,0
SEAT001768,ST001_S03,8,68,AVAILABLE,0
SEAT001769,ST001_S03,8,69,AVAILABLE,0
SEAT001770,ST001_S03,8,70,AVAILABLE,0
SEAT001771,ST001_S03,8,71,AVAILABLE,0
SEAT001772,ST001_S03,8,72,AVAILABLE,0
SEAT001773,ST001_S03,8,73,AVAILABLE,0
SEAT001774,ST001_S03,8,74,AVAILABLE,0
SEAT001775,ST001_S03,8,75,AVAILABLE,0
SEAT001776,ST001_S03,8,76,AVAILABLE,0
SEAT001777,ST001_S03,8,77,AVAILABLE,0
SEAT001778,ST001_S03,8,78,AVAILABLE,0
SEAT001779,ST001_S03,8,79,AVAILABLE,0
SEAT001780,ST001_S03,8,80,AVAILABLE,0
SEAT001781,ST001_S03,8,81,AVAILABLE,0
SEAT001782,ST001_S03,8,82,AVAILABLE,0
SEAT001783,ST001_S03,8,83,AVAILABLE,0
SEAT001784,ST001_S03,8,84,AVAILABLE,0
SEAT001785,ST001_S03,8,85,AVAILABLE,0
SEAT001786,ST001_S03,8,86,AVAILABLE,0
SEAT001787,ST001_S03,8,87,AVAILABLE,0
SEAT001788,ST001_S03,8,88,AVAILABLE,0
SEAT001789,ST001_S03,8,89,AVAILABLE,0
SEAT001790,ST001_S03,8,90,AVAILABLE,0
SEAT001791,ST001_S03,8,91,AVAILABLE,0
SEAT001792,ST001_S03,8,92,AVAILABLE,0
SEAT001793,ST001_S03,8,93,AVAILABLE,0
SEAT001794,ST001_S03,8,94,AVAILABLE,0
SEAT001795,ST001_S03,8,95,AVAILABLE,0
SEAT001796,ST001_S03,8,96,AVAILABLE,0
SEAT001797,ST001_S03,8,97,AVAILABLE,0
SEAT001798,ST001_S03,8,98,AVAILABLE,0
SEAT001799,ST001_S03,8,99,AVAILABLE,0
SEAT001800,ST001_S03,8,100,AVAILABLE,0
SEAT001801,ST001_S03,9,1,AVAILABLE,0
SEAT001802,ST001_S03,9,2,AVAILABLE,0
SEAT001803,ST001_S03,9,3,AVAILABLE,0
SEAT001804,ST001_S03,9,4,AVAILABLE,0
SEAT001805,ST001_S03,9,5,AVAILABLE,0
SEAT001806,ST001_S03,9,6,AVAILABLE,0
SEAT001807,ST001_S03,9,7,AVAILABLE,0
SEAT001808,ST001_S03,9,8,AVAILABLE,0
SEAT001809,ST001_S03,9,9,AVAILABLE,0
SEAT001810,ST001_S03,9,10,AVAILABLE,0
SEAT001811,ST001_S03,9,11,AVAILABLE,0
SEAT001812,ST001_S03,9,12,AVAILABLE,0
SEAT001813,ST001_S03,9,13,AVAILABLE,0
SEAT001814,ST001_S03,9,14,AVAILABLE,0
SEAT001815,ST001_S03,9,15,AVAILABLE,0
SEAT001816,ST001_S03,9,16,AVAILABLE,0
SEAT001817,ST001_S03,9,17,AVAILABLE,0
SEAT001818,ST001_S03,9,18,AVAILABLE,0
SEAT001819,ST001_S03,9,19,AVAILABLE,0
SEAT001820,ST001_S03,9,20,AVAILABLE,0
SEAT001821,ST001_S03,9,21,AVAILABLE,0
SEAT001822,ST001_S03,9,22,AVAILABLE,0
SEAT001823,ST001_S03,9,23,AVAILABLE,0
SEAT001824,ST001_S03,9,24,AVAILABLE,0
SEAT001825,ST001_S03,9,25,AVAILABLE,0
SEAT001826,ST001_S03,9,26,AVAILABLE,0
SEAT001827,ST001_S03,9,27,AVAILABLE,0
SEAT001828,ST001_S03,9,28,AVAILABLE,0
SEAT001829,ST001_S03,9,29,AVAILABLE,0
SEAT001830,ST001_S03,9,30,AVAILABLE,0
SEAT001831,ST001_S03,9,31,AVAILABLE,0
SEAT001832,ST001_S03,9,32,AVAILABLE,0
SEAT001833,ST001_S03,9,33,AVAILABLE,0
SEAT001834,ST001_S03,9,34,AVAILABLE,0
SEAT001835,ST001_S03,9,35,AVAILABLE,0
SEAT001836,ST001_S03,9,36,AVAILABLE,0
SEAT001837,ST001_S03,9,37,AVAILABLE,0
SEAT001838,ST001_S03,9,38,AVAILABLE,0
SEAT001839,ST001_S03,9,39,AVAILABLE,0
SEAT001840,ST001_S03,9,40,AVAILABLE,0
SEAT001841,ST001_S03,9,41,AVAILABLE,0
SEAT001842,ST001_S03,9,42,AVAILABLE,0
SEAT001843,ST001_S03,9,43,AVAILABLE,0
SEAT001844,ST001_S03,9,44,AVAILABLE,0
SEAT001845,ST001_S03,9,45,AVAILABLE,0
SEAT001846,ST001_S03,9,46,AVAILABLE,0
SEAT001847,ST001_S03,9,47,AVAILABLE,0
SEAT001848,ST001_S03,9,48,AVAILABLE,0
SEAT001849,ST001_S03,9,49,AVAILABLE,0
SEAT001850,ST001_S03,9,50,AVAILABLE,0
SEAT001851,ST001_S03,9,51,AVAILABLE,0
SEAT001852,ST001_S03,9,52,AVAILABLE,0
SEAT001853,ST001_S03,9,53,AVAILABLE,0
SEAT001854,ST001_S03,9,54,AVAILABLE,0
SEAT001855,ST001_S03,9,55,AVAILABLE,0
SEAT001856,ST001_S03,9,56,AVAILABLE,0
SEAT001857,ST001_S03,9,57,AVAILABLE,0
SEAT001858,ST001_S03,9,58,AVAILABLE,0
SEAT001859,ST001_S03,9,59,AVAILABLE,0
SEAT001860,ST001_S03,9,60,AVAILABLE,0
SEAT001861,ST001_S03,9,61,AVAILABLE,0
SEAT001862,ST001_S03,9,62,AVAILABLE,0
SEAT001863,ST001_S03,9,63,AVAILABLE,0
SEAT001864,ST001_S03,9,64,AVAILABLE,0
SEAT001865,ST001_S03,9,65,AVAILABLE,0
SEAT001866,ST001_S03,9,66,AVAILABLE,0
SEAT001867,ST001_S03,9,67,AVAILABLE,0
SEAT001868,ST001_S03,9,68,AVAILABLE,0
SEAT001869,ST001_S03,9,69,AVAILABLE,0
SEAT001870,ST001_S03,9,70,AVAILABLE,0
SEAT001871,ST001_S03,9,71,AVAILABLE,0
SEAT001872,ST001_S03,9,72,AVAILABLE,0
SEAT001873,ST001_S03,9,73,AVAILABLE,0
SEAT001874,ST001_S03,9,74,AVAILABLE,0
SEAT001875,ST001_S03,9,75,AVAILABLE,0
SEAT001876,ST001_S03,9,76,AVAILABLE,0
SEAT001877,ST001_S03,9,77,AVAILABLE,0
SEAT001878,ST001_S03,9,78,AVAILABLE,0
SEAT001879,ST001_S03,9,79,AVAILABLE,0
SEAT001880,ST001_S03,9,80,AVAILABLE,0
SEAT001881,ST001_S03,9,81,AVAILABLE,0
SEAT001882,ST001_S03,9,82,AVAILABLE,0
SEAT001883,ST001_S03,9,83,AVAILABLE,0
SEAT001884,ST001_S03,9,84,AVAILABLE,0
SEAT001885,ST001_S03,9,85,AVAILABLE,0
SEAT001886,ST001_S03,9,86,AVAILABLE,0
SEAT001887,ST001_S03,9,87,AVAILABLE,0
SEAT001888,ST001_S03,9,88,AVAILABLE,0
SEAT001889,ST001_S03,9,89,AVAILABLE,0
SEAT001890,ST001_S03,9,90,AVAILABLE,0
SEAT001891,ST001_S03,9,91,AVAILABLE,0
SEAT001892,ST001_S03,9,92,AVAILABLE,0
SEAT001893,ST001_S03,9,93,AVAILABLE,0
SEAT001894,ST001_S03,9,94,AVAILABLE,0
SEAT001895,ST001_S03,9,95,AVAILABLE,0
SEAT001896,ST001_S03,9,96,AVAILABLE,0
SEAT001897,ST001_S03,9,97,AVAILABLE,0
SEAT001898,ST001_S03,9,98,AVAILABLE,0
SEAT001899,ST001_S03,9,99,AVAILABLE,0
SEAT001900,ST001_S03,9,100,AVAILABLE,0
SEAT001901,ST001_S03,10,1,AVAILABLE,0
SEAT001902,ST001_S03,10,2,AVAILABLE,0
SEAT001903,ST001_S03,10,3,AVAILABLE,0
SEAT001904,ST001_S03,10,4,AVAILABLE,0
SEAT001905,ST001_S03,10,5,AVAILABLE,0
SEAT001906,ST001_S03,10,6,AVAILABLE,0
SEAT001907,ST001_S03,10,7,AVAILABLE,0
SEAT001908,ST001_S03,10,8,AVAILABLE,0
SEAT001909,ST001_S03,10,9,AVAILABLE,0
SEAT001910,ST001_S03,10,10,AVAILABLE,0
SEAT001911,ST001_S03,10,11,AVAILABLE,0
SEAT001912,ST001_S03,10,12,AVAILABLE,0
SEAT001913,ST001_S03,10,13,AVAILABLE,0
SEAT001914,ST001_S03,10,14,AVAILABLE,0
SEAT001915,ST001_S03,10,15,AVAILABLE,0
SEAT001916,ST001_S03,10,16,AVAILABLE,0
SEAT001917,ST001_S03,10,17,AVAILABLE,0
SEAT001918,ST001_S03,10,18,AVAILABLE,0
SEAT001919,ST001_S03,10,19,AVAILABLE,0
SEAT001920,ST001_S03,10,20,AVAILABLE,0
SEAT001921,ST001_S03,10,21,AVAILABLE,0
SEAT001922,ST001_S03,10,22,AVAILABLE,0
SEAT001923,ST001_S03,10,23,AVAILABLE,0
SEAT001924,ST001_S03,10,24,AVAILABLE,0
SEAT001925,ST001_S03,10,25,AVAILABLE,0
SEAT001926,ST001_S03,10,26,AVAILABLE,0
SEAT001927,ST001_S03,10,27,AVAILABLE,0
SEAT001928,ST001_S03,10,28,AVAILABLE,0
SEAT001929,ST001_S03,10,29,AVAILABLE,0
SEAT001930,ST001_S03,10,30,AVAILABLE,0
SEAT001931,ST001_S03,10,31,AVAILABLE,0
SEAT001932,ST001_S03,10,32,AVAILABLE,0
SEAT001933,ST001_S03,10,33,AVAILABLE,0
SEAT001934,ST001_S03,10,34,AVAILABLE,0
SEAT001935,ST001_S03,10,35,AVAILABLE,0
SEAT001936,ST001_S03,10,36,AVAILABLE,0
SEAT001937,ST001_S03,10,37,AVAILABLE,0
SEAT001938,ST001_S03,10,38,AVAILABLE,0
SEAT001939,ST001_S03,10,39,AVAILABLE,0
SEAT001940,ST001_S03,10,40,AVAILABLE,0
SEAT001941,ST001_S03,10,41,AVAILABLE,0
SEAT001942,ST001_S03,10,42,AVAILABLE,0
SEAT001943,ST001_S03,10,43,AVAILABLE,0
SEAT001944,ST001_S03,10,44,AVAILABLE,0
SEAT001945,ST001_S03,10,45,AVAILABLE,0
SEAT001946,ST001_S03,10,46,AVAILABLE,0
SEAT001947,ST001_S03,10,47,AVAILABLE,0
SEAT001948,ST001_S03,10,48,AVAILABLE,0
SEAT001949,ST001_S03,10,49,AVAILABLE,0
SEAT001950,ST001_S03,10,50,AVAILABLE,0
SEAT001951,ST001_S03,10,51,AVAILABLE,0
SEAT001952,ST001_S03,10,52,AVAILABLE,0
SEAT001953,ST001_S03,10,53,AVAILABLE,0
SEAT001954,ST001_S03,10,54,AVAILABLE,0
SEAT001955,ST001_S03,10,55,AVAILABLE,0
SEAT001956,ST001_S03,10,56,AVAILABLE,0
SEAT001957,ST001_S03,10,57,AVAILABLE,0
SEAT001958,ST001_S03,10,58,AVAILABLE,0
SEAT001959,ST001_S03,10,59,AVAILABLE,0
SEAT001960,ST001_S03,10,60,AVAILABLE,0
SEAT001961,ST001_S03,10,61,AVAILABLE,0
SEAT001962,ST001_S03,10,62,AVAILABLE,0
SEAT001963,ST001_S03,10,63,AVAILABLE,0
SEAT001964,ST001_S03,10,64,AVAILABLE,0
SEAT001965,ST001_S03,10,65,AVAILABLE,0
SEAT001966,ST001_S03,10,66,AVAILABLE,0
SEAT001967,ST001_S03,10,67,AVAILABLE,0
SEAT001968,ST001_S03,10,68,AVAILABLE,0
SEAT001969,ST001_S03,10,69,AVAILABLE,0
SEAT001970,ST001_S03,10,70,AVAILABLE,0
SEAT001971,ST001_S03,10,71,AVAILABLE,0
SEAT001972,ST001_S03,10,72,AVAILABLE,0
SEAT001973,ST001_S03,10,73,AVAILABLE,0
SEAT001974,ST001_S03,10,74,AVAILABLE,0
SEAT001975,ST001_S03,10,75,AVAILABLE,0
SEAT001976,ST001_S03,10,76,AVAILABLE,0
SEAT001977,ST001_S03,10,77,AVAILABLE,0
SEAT001978,ST001_S03,10,78,AVAILABLE,0
SEAT001979,ST001_S03,10,79,AVAILABLE,0
SEAT001980,ST001_S03,10,80,AVAILABLE,0
SEAT001981,ST001_S03,10,81,AVAILABLE,0
SEAT001982,ST001_S03,10,82,AVAILABLE,0
SEAT001983,ST001_S03,10,83,AVAILABLE,0
SEAT001984,ST001_S03,10,84,AVAILABLE,0
SEAT001985,ST001_S03,10,85,AVAILABLE,0
SEAT001986,ST001_S03,10,86,AVAILABLE,0
SEAT001987,ST001_S03,10,87,AVAILABLE,0
SEAT001988,ST001_S03,10,88,AVAILABLE,0
SEAT001989,ST001_S03,10,89,AVAILABLE,0
SEAT001990,ST001_S03,10,90,AVAILABLE,0
SEAT001991,ST001_S03,10,91,AVAILABLE,0
SEAT001992,ST001_S03,10,92,AVAILABLE,0
SEAT001993,ST001_S03,10,93,AVAILABLE,0
SEAT001994,ST001_S03,10,94,AVAILABLE,0
SEAT001995,ST001_S03,10,95,AVAILABLE,0
SEAT001996,ST001_S03,10,96,AVAILABLE,0
SEAT001997,ST001_S03,10,97,AVAILABLE,0
SEAT001998,ST001_S03,10,98,AVAILABLE,0
SEAT001999,ST001_S03,10,99,AVAILABLE,0
SEAT002000,ST001_S03,10,100,AVAILABLE,0
SEAT002001,ST001_S03,11,1,AVAILABLE,0
SEAT002002,ST001_S03,11,2,AVAILABLE,0
SEAT002003,ST001_S03,11,3,AVAILABLE,0
SEAT002004,ST001_S03,11,4,AVAILABLE,0
SEAT002005,ST001_S03,11,5,AVAILABLE,0
SEAT002006,ST001_S03,11,6,AVAILABLE,0
SEAT002007,ST001_S03,11,7,AVAILABLE,0
SEAT002008,ST001_S03,11,8,AVAILABLE,0
SEAT002009,ST001_S03,11,9,AVAILABLE,0
SEAT002010,ST001_S03,11,10,AVAILABLE,0
SEAT002011,ST001_S03,11,11,AVAILABLE,0
SEAT002012,ST001_S03,11,12,AVAILABLE,0
SEAT002013,ST001_S03,11,13,AVAILABLE,0
SEAT002014,ST001_S03,11,14,AVAILABLE,0
SEAT002015,ST001_S03,11,15,AVAILABLE,0
SEAT002016,ST001_S03,11,16,AVAILABLE,0
SEAT002017,ST001_S03,11,17,AVAILABLE,0
SEAT002018,ST001_S03,11,18,AVAILABLE,0
SEAT002019,ST001_S03,11,19,AVAILABLE,0
SEAT002020,ST001_S03,11,20,AVAILABLE,0
SEAT002021,ST001_S03,11,21,AVAILABLE,0
SEAT002022,ST001_S03,11,22,AVAILABLE,0
SEAT002023,ST001_S03,11,23,AVAILABLE,0
SEAT002024,ST001_S03,11,24,AVAILABLE,0
SEAT002025,ST001_S03,11,25,AVAILABLE,0
SEAT002026,ST001_S03,11,26,AVAILABLE,0
SEAT002027,ST001_S03,11,27,AVAILABLE,0
SEAT002028,ST001_S03,11,28,AVAILABLE,0
SEAT002029,ST001_S03,11,29,AVAILABLE,0
SEAT002030,ST001_S03,11,30,AVAILABLE,0
SEAT002031,ST001_S03,11,31,AVAILABLE,0
SEAT002032,ST001_S03,11,32,AVAILABLE,0
SEAT002033,ST001_S03,11,33,AVAILABLE,0
SEAT002034,ST001_S03,11,34,AVAILABLE,0
SEAT002035,ST001_S03,11,35,AVAILABLE,0
SEAT002036,ST001_S03,11,36,AVAILABLE,0
SEAT002037,ST001_S03,11,37,AVAILABLE,0
SEAT002038,ST001_S03,11,38,AVAILABLE,0
SEAT002039,ST001_S03,11,39,AVAILABLE,0
SEAT002040,ST001_S03,11,40,AVAILABLE,0
SEAT002041,ST001_S03,11,41,AVAILABLE,0
SEAT002042,ST001_S03,11,42,AVAILABLE,0
SEAT002043,ST001_S03,11,43,AVAILABLE,0
SEAT002044,ST001_S03,11,44,AVAILABLE,0
SEAT002045,ST001_S03,11,45,AVAILABLE,0
SEAT002046,ST001_S03,11,46,AVAILABLE,0
SEAT002047,ST001_S03,11,47,AVAILABLE,0
SEAT002048,ST001_S03,11,48,AVAILABLE,0
SEAT002049,ST001_S03,11,49,AVAILABLE,0
SEAT002050,ST001_S03,11,50,AVAILABLE,0
SEAT002051,ST001_S03,11,51,AVAILABLE,0
SEAT002052,ST001_S03,11,52,AVAILABLE,0
SEAT002053,ST001_S03,11,53,AVAILABLE,0
SEAT002054,ST001_S03,11,54,AVAILABLE,0
SEAT002055,ST001_S03,11,55,AVAILABLE,0
SEAT002056,ST001_S03,11,56,AVAILABLE,0
SEAT002057,ST001_S03,11,57,AVAILABLE,0
SEAT002058,ST001_S03,11,58,AVAILABLE,0
SEAT002059,ST001_S03,11,59,AVAILABLE,0
SEAT002060,ST001_S03,11,60,AVAILABLE,0
SEAT002061,ST001_S03,11,61,AVAILABLE,0
SEAT002062,ST001_S03,11,62,AVAILABLE,0
SEAT002063,ST001_S03,11,63,AVAILABLE,0
SEAT002064,ST001_S03,11,64,AVAILABLE,0
SEAT002065,ST001_S03,11,65,AVAILABLE,0
SEAT002066,ST001_S03,11,66,AVAILABLE,0
SEAT002067,ST001_S03,11,67,AVAILABLE,0
SEAT002068,ST001_S03,11,68,AVAILABLE,0
SEAT002069,ST001_S03,11,69,AVAILABLE,0
SEAT002070,ST001_S03,11,70,AVAILABLE,0
SEAT002071,ST001_S03,11,71,AVAILABLE,0
SEAT002072,ST001_S03,11,72,AVAILABLE,0
SEAT002073,ST001_S03,11,73,AVAILABLE,0
SEAT002074,ST001_S03,11,74,AVAILABLE,0
SEAT002075,ST001_S03,11,75,AVAILABLE,0
SEAT002076,ST001_S03,11,76,AVAILABLE,0
SEAT002077,ST001_S03,11,77,AVAILABLE,0
SEAT002078,ST001_S03,11,78,AVAILABLE,0
SEAT002079,ST001_S03,11,79,AVAILABLE,0
SEAT002080,ST001_S03,11,80,AVAILABLE,0
SEAT002081,ST001_S03,11,81,AVAILABLE,0
SEAT002082,ST001_S03,11,82,AVAILABLE,0
SEAT002083,ST001_S03,11,83,AVAILABLE,0
SEAT002084,ST001_S03,11,84,AVAILABLE,0
SEAT002085,ST001_S03,11,85,AVAILABLE,0
SEAT002086,ST001_S03,11,86,AVAILABLE,0
SEAT002087,ST001_S03,11,87,AVAILABLE,0
SEAT002088,ST001_S03,11,88,AVAILABLE,0
SEAT002089,ST001_S03,11,89,AVAILABLE,0
SEAT002090,ST001_S03,11,90,AVAILABLE,0
SEAT002091,ST001_S03,11,91,AVAILABLE,0
SEAT002092,ST001_S03,11,92,AVAILABLE,0
SEAT002093,ST001_S03,11,93,AVAILABLE,0
SEAT002094,ST001_S03,11,94,AVAILABLE,0
SEAT002095,ST001_S03,11,95,AVAILABLE,0
SEAT002096,ST001_S03,11,96,AVAILABLE,0
SEAT002097,ST001_S03,11,97,AVAILABLE,0
SEAT002098,ST001_S03,11,98,AVAILABLE,0
SEAT002099,ST001_S03,11,99,AVAILABLE,0
SEAT002100,ST001_S03,11,100,AVAILABLE,0
SEAT002101,ST001_S03,12,1,AVAILABLE,0
SEAT002102,ST001_S03,12,2,AVAILABLE,0
SEAT002103,ST001_S03,12,3,AVAILABLE,0
SEAT002104,ST001_S03,12,4,AVAILABLE,0
SEAT002105,ST001_S03,12,5,AVAILABLE,0
SEAT002106,ST001_S03,12,6,AVAILABLE,0
SEAT002107,ST001_S03,12,7,AVAILABLE,0
SEAT002108,ST001_S03,12,8,AVAILABLE,0
SEAT002109,ST001_S03,12,9,AVAILABLE,0
SEAT002110,ST001_S03,12,10,AVAILABLE,0
SEAT002111,ST001_S03,12,11,AVAILABLE,0
SEAT002112,ST001_S03,12,12,AVAILABLE,0
SEAT002113,ST001_S03,12,13,AVAILABLE,0
SEAT002114,ST001_S03,12,14,AVAILABLE,0
SEAT002115,ST001_S03,12,15,AVAILABLE,0
SEAT002116,ST001_S03,12,16,AVAILABLE,0
SEAT002117,ST001_S03,12,17,AVAILABLE,0
SEAT002118,ST001_S03,12,18,AVAILABLE,0
SEAT002119,ST001_S03,12,19,AVAILABLE,0
SEAT002120,ST001_S03,12,20,AVAILABLE,0
SEAT002121,ST001_S03,12,21,AVAILABLE,0
SEAT002122,ST001_S03,12,22,AVAILABLE,0
SEAT002123,ST001_S03,12,23,AVAILABLE,0
SEAT002124,ST001_S03,12,24,AVAILABLE,0
SEAT002125,ST001_S03,12,25,AVAILABLE,0
SEAT002126,ST001_S03,12,26,AVAILABLE,0
SEAT002127,ST001_S03,12,27,AVAILABLE,0
SEAT002128,ST001_S03,12,28,AVAILABLE,0
SEAT002129,ST001_S03,12,29,AVAILABLE,0
SEAT002130,ST001_S03,12,30,AVAILABLE,0
SEAT002131,ST001_S03,12,31,AVAILABLE,0
SEAT002132,ST001_S03,12,32,AVAILABLE,0
SEAT002133,ST001_S03,12,33,AVAILABLE,0
SEAT002134,ST001_S03,12,34,AVAILABLE,0
SEAT002135,ST001_S03,12,35,AVAILABLE,0
SEAT002136,ST001_S03,12,36,AVAILABLE,0
SEAT002137,ST001_S03,12,37,AVAILABLE,0
SEAT002138,ST001_S03,12,38,AVAILABLE,0
SEAT002139,ST001_S03,12,39,AVAILABLE,0
SEAT002140,ST001_S03,12,40,AVAILABLE,0
SEAT002141,ST001_S03,12,41,AVAILABLE,0
SEAT002142,ST001_S03,12,42,AVAILABLE,0
SEAT002143,ST001_S03,12,43,AVAILABLE,0
SEAT002144,ST001_S03,12,44,AVAILABLE,0
SEAT002145,ST001_S03,12,45,AVAILABLE,0
SEAT002146,ST001_S03,12,46,AVAILABLE,0
SEAT002147,ST001_S03,12,47,AVAILABLE,0
SEAT002148,ST001_S03,12,48,AVAILABLE,0
SEAT002149,ST001_S03,12,49,AVAILABLE,0
SEAT002150,ST001_S03,12,50,AVAILABLE,0
SEAT002151,ST001_S03,12,51,AVAILABLE,0
SEAT002152,ST001_S03,12,52,AVAILABLE,0
SEAT002153,ST001_S03,12,53,AVAILABLE,0
SEAT002154,ST001_S03,12,54,AVAILABLE,0
SEAT002155,ST001_S03,12,55,AVAILABLE,0
SEAT002156,ST001_S03,12,56,AVAILABLE,0
SEAT002157,ST001_S03,12,57,AVAILABLE,0
SEAT002158,ST001_S03,12,58,AVAILABLE,0
SEAT002159,ST001_S03,12,59,AVAILABLE,0
SEAT002160,ST001_S03,12,60,AVAILABLE,0
SEAT002161,ST001_S03,12,61,AVAILABLE,0
SEAT002162,ST001_S03,12,62,AVAILABLE,0
SEAT002163,ST001_S03,12,63,AVAILABLE,0
SEAT002164,ST001_S03,12,64,AVAILABLE,0
SEAT002165,ST001_S03,12,65,AVAILABLE,0
SEAT002166,ST001_S03,12,66,AVAILABLE,0
SEAT002167,ST001_S03,12,67,AVAILABLE,0
SEAT002168,ST001_S03,12,68,AVAILABLE,0
SEAT002169,ST001_S03,12,69,AVAILABLE,0
SEAT002170,ST001_S03,12,70,AVAILABLE,0
SEAT002171,ST001_S03,12,71,AVAILABLE,0
SEAT002172,ST001_S03,12,72,AVAILABLE,0
SEAT002173,ST001_S03,12,73,AVAILABLE,0
SEAT002174,ST001_S03,12,74,AVAILABLE,0
SEAT002175,ST001_S03,12,75,AVAILABLE,0
SEAT002176,ST001_S03,12,76,AVAILABLE,0
SEAT002177,ST001_S03,12,77,AVAILABLE,0
SEAT002178,ST001_S03,12,78,AVAILABLE,0
SEAT002179,ST001_S03,12,79,AVAILABLE,0
SEAT002180,ST001_S03,12,80,AVAILABLE,0
SEAT002181,ST001_S03,12,81,AVAILABLE,0
SEAT002182,ST001_S03,12,82,AVAILABLE,0
SEAT002183,ST001_S03,12,83,AVAILABLE,0
SEAT002184,ST001_S03,12,84,AVAILABLE,0
SEAT002185,ST001_S03,12,85,AVAILABLE,0
SEAT002186,ST001_S03,12,86,AVAILABLE,0
SEAT002187,ST001_S03,12,87,AVAILABLE,0
SEAT002188,ST001_S03,12,88,AVAILABLE,0
SEAT002189,ST001_S03,12,89,AVAILABLE,0
SEAT002190,ST001_S03,12,90,AVAILABLE,0
SEAT002191,ST001_S03,12,91,AVAILABLE,0
SEAT002192,ST001_S03,12,92,AVAILABLE,0
SEAT002193,ST001_S03,12,93,AVAILABLE,0
SEAT002194,ST001_S03,12,94,AVAILABLE,0
SEAT002195,ST001_S03,12,95,AVAILABLE,0
SEAT002196,ST001_S03,12,96,AVAILABLE,0
SEAT002197,ST001_S03,12,97,AVAILABLE,0
SEAT002198,ST001_S03,12,98,AVAILABLE,0
SEAT002199,ST001_S03,12,99,AVAILABLE,0
SEAT002200,ST001_S03,12,100,AVAILABLE,0
SEAT002201,ST001_S03,13,1,AVAILABLE,0
SEAT002202,ST001_S03,13,2,AVAILABLE,0
SEAT002203,ST001_S03,13,3,AVAILABLE,0
SEAT002204,ST001_S03,13,4,AVAILABLE,0
SEAT002205,ST001_S03,13,5,AVAILABLE,0
SEAT002206,ST001_S03,13,6,AVAILABLE,0
SEAT002207,ST001_S03,13,7,AVAILABLE,0
SEAT002208,ST001_S03,13,8,AVAILABLE,0
SEAT002209,ST001_S03,13,9,AVAILABLE,0
SEAT002210,ST001_S03,13,10,AVAILABLE,0
SEAT002211,ST001_S03,13,11,AVAILABLE,0
SEAT002212,ST001_S03,13,12,AVAILABLE,0
SEAT002213,ST001_S03,13,13,AVAILABLE,0
SEAT002214,ST001_S03,13,14,AVAILABLE,0
SEAT002215,ST001_S03,13,15,AVAILABLE,0
SEAT002216,ST001_S03,13,16,AVAILABLE,0
SEAT002217,ST001_S03,13,17,AVAILABLE,0
SEAT002218,ST001_S03,13,18,AVAILABLE,0
SEAT002219,ST001_S03,13,19,AVAILABLE,0
SEAT002220,ST001_S03,13,20,AVAILABLE,0
SEAT002221,ST001_S03,13,21,AVAILABLE,0
SEAT002222,ST001_S03,13,22,AVAILABLE,0
SEAT002223,ST001_S03,13,23,AVAILABLE,0
SEAT002224,ST001_S03,13,24,AVAILABLE,0
SEAT002225,ST001_S03,13,25,AVAILABLE,0
SEAT002226,ST001_S03,13,26,AVAILABLE,0
SEAT002227,ST001_S03,13,27,AVAILABLE,0
SEAT002228,ST001_S03,13,28,AVAILABLE,0
SEAT002229,ST001_S03,13,29,AVAILABLE,0
SEAT002230,ST001_S03,13,30,AVAILABLE,0
SEAT002231,ST001_S03,13,31,AVAILABLE,0
SEAT002232,ST001_S03,13,32,AVAILABLE,0
SEAT002233,ST001_S03,13,33,AVAILABLE,0
SEAT002234,ST001_S03,13,34,AVAILABLE,0
SEAT002235,ST001_S03,13,35,AVAILABLE,0
SEAT002236,ST001_S03,13,36,AVAILABLE,0
SEAT002237,ST001_S03,13,37,AVAILABLE,0
SEAT002238,ST001_S03,13,38,AVAILABLE,0
SEAT002239,ST001_S03,13,39,AVAILABLE,0
SEAT002240,ST001_S03,13,40,AVAILABLE,0
SEAT002241,ST001_S03,13,41,AVAILABLE,0
SEAT002242,ST001_S03,13,42,AVAILABLE,0
SEAT002243,ST001_S03,13,43,AVAILABLE,0
SEAT002244,ST001_S03,13,44,AVAILABLE,0
SEAT002245,ST001_S03,13,45,AVAILABLE,0
SEAT002246,ST001_S03,13,46,AVAILABLE,0
SEAT002247,ST001_S03,13,47,AVAILABLE,0
SEAT002248,ST001_S03,13,48,AVAILABLE,0
SEAT002249,ST001_S03,13,49,AVAILABLE,0
SEAT002250,ST001_S03,13,50,AVAILABLE,0
SEAT002251,ST001_S03,13,51,AVAILABLE,0
SEAT002252,ST001_S03,13,52,AVAILABLE,0
SEAT002253,ST001_S03,13,53,AVAILABLE,0
SEAT002254,ST001_S03,13,54,AVAILABLE,0
SEAT002255,ST001_S03,13,55,AVAILABLE,0
SEAT002256,ST001_S03,13,56,AVAILABLE,0
SEAT002257,ST001_S03,13,57,AVAILABLE,0
SEAT002258,ST001_S03,13,58,AVAILABLE,0
SEAT002259,ST001_S03,13,59,AVAILABLE,0
SEAT002260,ST001_S03,13,60,AVAILABLE,0
SEAT002261,ST001_S03,13,61,AVAILABLE,0
SEAT002262,ST001_S03,13,62,AVAILABLE,0
SEAT002263,ST001_S03,13,63,AVAILABLE,0
SEAT002264,ST001_S03,13,64,AVAILABLE,0
SEAT002265,ST001_S03,13,65,AVAILABLE,0
SEAT002266,ST001_S03,13,66,AVAILABLE,0
SEAT002267,ST001_S03,13,67,AVAILABLE,0
SEAT002268,ST001_S03,13,68,AVAILABLE,0
SEAT002269,ST001_S03,13,69,AVAILABLE,0
SEAT002270,ST001_S03,13,70,AVAILABLE,0
SEAT002271,ST001_S03,13,71,AVAILABLE,0
SEAT002272,ST001_S03,13,72,AVAILABLE,0
SEAT002273,ST001_S03,13,73,AVAILABLE,0
SEAT002274,ST001_S03,13,74,AVAILABLE,0
SEAT002275,ST001_S03,13,75,AVAILABLE,0
SEAT002276,ST001_S03,13,76,AVAILABLE,0
SEAT002277,ST001_S03,13,77,AVAILABLE,0
SEAT002278,ST001_S03,13,78,AVAILABLE,0
SEAT002279,ST001_S03,13,79,AVAILABLE,0
SEAT002280,ST001_S03,13,80,AVAILABLE,0
SEAT002281,ST001_S03,13,81,AVAILABLE,0
SEAT002282,ST001_S03,13,82,AVAILABLE,0
SEAT002283,ST001_S03,13,83,AVAILABLE,0
SEAT002284,ST001_S03,13,84,AVAILABLE,0
SEAT002285,ST001_S03,13,85,AVAILABLE,0
SEAT002286,ST001_S03,13,86,AVAILABLE,0
SEAT002287,ST001_S03,13,87,AVAILABLE,0
SEAT002288,ST001_S03,13,88,AVAILABLE,0
SEAT002289,ST001_S03,13,89,AVAILABLE,0
SEAT002290,ST001_S03,13,90,AVAILABLE,0
SEAT002291,ST001_S03,13,91,AVAILABLE,0
SEAT002292,ST001_S03,13,92,AVAILABLE,0
SEAT002293,ST001_S03,13,93,AVAILABLE,0
SEAT002294,ST001_S03,13,94,AVAILABLE,0
SEAT002295,ST001_S03,13,95,AVAILABLE,0
SEAT002296,ST001_S03,13,96,AVAILABLE,0
SEAT002297,ST001_S03,13,97,AVAILABLE,0
SEAT002298,ST001_S03,13,98,AVAILABLE,0
SEAT002299,ST001_S03,13,99,AVAILABLE,0
SEAT002300,ST001_S03,13,100,AVAILABLE,0
SEAT002301,ST001_S03,14,1,AVAILABLE,0
SEAT002302,ST001_S03,14,2,AVAILABLE,0
SEAT002303,ST001_S03,14,3,AVAILABLE,0
SEAT002304,ST001_S03,14,4,AVAILABLE,0
SEAT002305,ST001_S03,14,5,AVAILABLE,0
SEAT002306,ST001_S03,14,6,AVAILABLE,0
SEAT002307,ST001_S03,14,7,AVAILABLE,0
SEAT002308,ST001_S03,14,8,AVAILABLE,0
SEAT002309,ST001_S03,14,9,AVAILABLE,0
SEAT002310,ST001_S03,14,10,AVAILABLE,0
SEAT002311,ST001_S03,14,11,AVAILABLE,0
SEAT002312,ST001_S03,14,12,AVAILABLE,0
SEAT002313,ST001_S03,14,13,AVAILABLE,0
SEAT002314,ST001_S03,14,14,AVAILABLE,0
SEAT002315,ST001_S03,14,15,AVAILABLE,0
SEAT002316,ST001_S03,14,16,AVAILABLE,0
SEAT002317,ST001_S03,14,17,AVAILABLE,0
SEAT002318,ST001_S03,14,18,AVAILABLE,0
SEAT002319,ST001_S03,14,19,AVAILABLE,0
SEAT002320,ST001_S03,14,20,AVAILABLE,0
SEAT002321,ST001_S03,14,21,AVAILABLE,0
SEAT002322,ST001_S03,14,22,AVAILABLE,0
SEAT002323,ST001_S03,14,23,AVAILABLE,0
SEAT002324,ST001_S03,14,24,AVAILABLE,0
SEAT002325,ST001_S03,14,25,AVAILABLE,0
SEAT002326,ST001_S03,14,26,AVAILABLE,0
SEAT002327,ST001_S03,14,27,AVAILABLE,0
SEAT002328,ST001_S03,14,28,AVAILABLE,0
SEAT002329,ST001_S03,14,29,AVAILABLE,0
SEAT002330,ST001_S03,14,30,AVAILABLE,0
SEAT002331,ST001_S03,14,31,AVAILABLE,0
SEAT002332,ST001_S03,14,32,AVAILABLE,0
SEAT002333,ST001_S03,14,33,AVAILABLE,0
SEAT002334,ST001_S03,14,34,AVAILABLE,0
SEAT002335,ST001_S03,14,35,AVAILABLE,0
SEAT002336,ST001_S03,14,36,AVAILABLE,0
SEAT002337,ST001_S03,14,37,AVAILABLE,0
SEAT002338,ST001_S03,14,38,AVAILABLE,0
SEAT002339,ST001_S03,14,39,AVAILABLE,0
SEAT002340,ST001_S03,14,40,AVAILABLE,0
SEAT002341,ST001_S03,14,41,AVAILABLE,0
SEAT002342,ST001_S03,14,42,AVAILABLE,0
SEAT002343,ST001_S03,14,43,AVAILABLE,0
SEAT002344,ST001_S03,14,44,AVAILABLE,0
SEAT002345,ST001_S03,14,45,AVAILABLE,0
SEAT002346,ST001_S03,14,46,AVAILABLE,0
SEAT002347,ST001_S03,14,47,AVAILABLE,0
SEAT002348,ST001_S03,14,48,AVAILABLE,0
SEAT002349,ST001_S03,14,49,AVAILABLE,0
SEAT002350,ST001_S03,14,50,AVAILABLE,0
SEAT002351,ST001_S03,14,51,AVAILABLE,0
SEAT002352,ST001_S03,14,52,AVAILABLE,0
SEAT002353,ST001_S03,14,53,AVAILABLE,0
SEAT002354,ST001_S03,14,54,AVAILABLE,0
SEAT002355,ST001_S03,14,55,AVAILABLE,0
SEAT002356,ST001_S03,14,56,AVAILABLE,0
SEAT002357,ST001_S03,14,57,AVAILABLE,0
SEAT002358,ST001_S03,14,58,AVAILABLE,0
SEAT002359,ST001_S03,14,59,AVAILABLE,0
SEAT002360,ST001_S03,14,60,AVAILABLE,0
SEAT002361,ST001_S03,14,61,AVAILABLE,0
SEAT002362,ST001_S03,14,62,AVAILABLE,0
SEAT002363,ST001_S03,14,63,AVAILABLE,0
SEAT002364,ST001_S03,14,64,AVAILABLE,0
SEAT002365,ST001_S03,14,65,AVAILABLE,0
SEAT002366,ST001_S03,14,66,AVAILABLE,0
SEAT002367,ST001_S03,14,67,AVAILABLE,0
SEAT002368,ST001_S03,14,68,AVAILABLE,0
SEAT002369,ST001_S03,14,69,AVAILABLE,0
SEAT002370,ST001_S03,14,70,AVAILABLE,0
SEAT002371,ST001_S03,14,71,AVAILABLE,0
SEAT002372,ST001_S03,14,72,AVAILABLE,0
SEAT002373,ST001_S03,14,73,AVAILABLE,0
SEAT002374,ST001_S03,14,74,AVAILABLE,0
SEAT002375,ST001_S03,14,75,AVAILABLE,0
SEAT002376,ST001_S03,14,76,AVAILABLE,0
SEAT002377,ST001_S03,14,77,AVAILABLE,0
SEAT002378,ST001_S03,14,78,AVAILABLE,0
SEAT002379,ST001_S03,14,79,AVAILABLE,0
SEAT002380,ST001_S03,14,80,AVAILABLE,0
SEAT002381,ST001_S03,14,81,AVAILABLE,0
SEAT002382,ST001_S03,14,82,AVAILABLE,0
SEAT002383,ST001_S03,14,83,AVAILABLE,0
SEAT002384,ST001_S03,14,84,AVAILABLE,0
SEAT002385,ST001_S03,14,85,AVAILABLE,0
SEAT002386,ST001_S03,14,86,AVAILABLE,0
SEAT002387,ST001_S03,14,87,AVAILABLE,0
SEAT002388,ST001_S03,14,88,AVAILABLE,0
SEAT002389,ST001_S03,14,89,AVAILABLE,0
SEAT002390,ST001_S03,14,90,AVAILABLE,0
SEAT002391,ST001_S03,14,91,AVAILABLE,0
SEAT002392,ST001_S03,14,92,AVAILABLE,0
SEAT002393,ST001_S03,14,93,AVAILABLE,0
SEAT002394,ST001_S03,14,94,AVAILABLE,0
SEAT002395,ST001_S03,14,95,AVAILABLE,0
SEAT002396,ST001_S03,14,96,AVAILABLE,0
SEAT002397,ST001_S03,14,97,AVAILABLE,0
SEAT002398,ST001_S03,14,98,AVAILABLE,0
SEAT002399,ST001_S03,14,99,AVAILABLE,0
SEAT002400,ST001_S03,14,100,AVAILABLE,0
SEAT002401,ST001_S03,15,1,AVAILABLE,0
SEAT002402,ST001_S03,15,2,AVAILABLE,0
SEAT002403,ST001_S03,15,3,AVAILABLE,0
SEAT002404,ST001_S03,15,4,AVAILABLE,0
SEAT002405,ST001_S03,15,5,AVAILABLE,0
SEAT002406,ST001_S03,15,6,AVAILABLE,0
SEAT002407,ST001_S03,15,7,AVAILABLE,0
SEAT002408,ST001_S03,15,8,AVAILABLE,0
SEAT002409,ST001_S03,15,9,AVAILABLE,0
SEAT002410,ST001_S03,15,10,AVAILABLE,0
SEAT002411,ST001_S03,15,11,AVAILABLE,0
SEAT002412,ST001_S03,15,12,AVAILABLE,0
SEAT002413,ST001_S03,15,13,AVAILABLE,0
SEAT002414,ST001_S03,15,14,AVAILABLE,0
SEAT002415,ST001_S03,15,15,AVAILABLE,0
SEAT002416,ST001_S03,15,16,AVAILABLE,0
SEAT002417,ST001_S03,15,17,AVAILABLE,0
SEAT002418,ST001_S03,15,18,AVAILABLE,0
SEAT002419,ST001_S03,15,19,AVAILABLE,0
SEAT002420,ST001_S03,15,20,AVAILABLE,0
SEAT002421,ST001_S03,15,21,AVAILABLE,0
SEAT002422,ST001_S03,15,22,AVAILABLE,0
SEAT002423,ST001_S03,15,23,AVAILABLE,0
SEAT002424,ST001_S03,15,24,AVAILABLE,0
SEAT002425,ST001_S03,15,25,AVAILABLE,0
SEAT002426,ST001_S03,15,26,AVAILABLE,0
SEAT002427,ST001_S03,15,27,AVAILABLE,0
SEAT002428,ST001_S03,15,28,AVAILABLE,0
SEAT002429,ST001_S03,15,29,AVAILABLE,0
SEAT002430,ST001_S03,15,30,AVAILABLE,0
SEAT002431,ST001_S03,15,31,AVAILABLE,0
SEAT002432,ST001_S03,15,32,AVAILABLE,0
SEAT002433,ST001_S03,15,33,AVAILABLE,0
SEAT002434,ST001_S03,15,34,AVAILABLE,0
SEAT002435,ST001_S03,15,35,AVAILABLE,0
SEAT002436,ST001_S03,15,36,AVAILABLE,0
SEAT002437,ST001_S03,15,37,AVAILABLE,0
SEAT002438,ST001_S03,15,38,AVAILABLE,0
SEAT002439,ST001_S03,15,39,AVAILABLE,0
SEAT002440,ST001_S03,15,40,AVAILABLE,0
SEAT002441,ST001_S03,15,41,AVAILABLE,0
SEAT002442,ST001_S03,15,42,AVAILABLE,0
SEAT002443,ST001_S03,15,43,AVAILABLE,0
SEAT002444,ST001_S03,15,44,AVAILABLE,0
SEAT002445,ST001_S03,15,45,AVAILABLE,0
SEAT002446,ST001_S03,15,46,AVAILABLE,0
SEAT002447,ST001_S03,15,47,AVAILABLE,0
SEAT002448,ST001_S03,15,48,AVAILABLE,0
SEAT002449,ST001_S03,15,49,AVAILABLE,0
SEAT002450,ST001_S03,15,50,AVAILABLE,0
SEAT002451,ST001_S03,15,51,AVAILABLE,0
SEAT002452,ST001_S03,15,52,AVAILABLE,0
SEAT002453,ST001_S03,15,53,AVAILABLE,0
SEAT002454,ST001_S03,15,54,AVAILABLE,0
SEAT002455,ST001_S03,15,55,AVAILABLE,0
SEAT002456,ST001_S03,15,56,AVAILABLE,0
SEAT002457,ST001_S03,15,57,AVAILABLE,0
SEAT002458,ST001_S03,15,58,AVAILABLE,0
SEAT002459,ST001_S03,15,59,AVAILABLE,0
SEAT002460,ST001_S03,15,60,AVAILABLE,0
SEAT002461,ST001_S03,15,61,AVAILABLE,0
SEAT002462,ST001_S03,15,62,AVAILABLE,0
SEAT002463,ST001_S03,15,63,AVAILABLE,0
SEAT002464,ST001_S03,15,64,AVAILABLE,0
SEAT002465,ST001_S03,15,65,AVAILABLE,0
SEAT002466,ST001_S03,15,66,AVAILABLE,0
SEAT002467,ST001_S03,15,67,AVAILABLE,0
SEAT002468,ST001_S03,15,68,AVAILABLE,0
SEAT002469,ST001_S03,15,69,AVAILABLE,0
SEAT002470,ST001_S03,15,70,AVAILABLE,0
SEAT002471,ST001_S03,15,71,AVAILABLE,0
SEAT002472,ST001_S03,15,72,AVAILABLE,0
SEAT002473,ST001_S03,15,73,AVAILABLE,0
SEAT002474,ST001_S03,15,74,AVAILABLE,0
SEAT002475,ST001_S03,15,75,AVAILABLE,0
SEAT002476,ST001_S03,15,76,AVAILABLE,0
SEAT002477,ST001_S03,15,77,AVAILABLE,0
SEAT002478,ST001_S03,15,78,AVAILABLE,0
SEAT002479,ST001_S03,15,79,AVAILABLE,0
SEAT002480,ST001_S03,15,80,AVAILABLE,0
SEAT002481,ST001_S03,15,81,AVAILABLE,0
SEAT002482,ST001_S03,15,82,AVAILABLE,0
SEAT002483,ST001_S03,15,83,AVAILABLE,0
SEAT002484,ST001_S03,15,84,AVAILABLE,0
SEAT002485,ST001_S03,15,85,AVAILABLE,0
SEAT002486,ST001_S03,15,86,AVAILABLE,0
SEAT002487,ST001_S03,15,87,AVAILABLE,0
SEAT002488,ST001_S03,15,88,AVAILABLE,0
SEAT002489,ST001_S03,15,89,AVAILABLE,0
SEAT002490,ST001_S03,15,90,AVAILABLE,0
SEAT002491,ST001_S03,15,91,AVAILABLE,0
SEAT002492,ST001_S03,15,92,AVAILABLE,0
SEAT002493,ST001_S03,15,93,AVAILABLE,0
SEAT002494,ST001_S03,15,94,AVAILABLE,0
SEAT002495,ST001_S03,15,95,AVAILABLE,0
SEAT002496,ST001_S03,15,96,AVAILABLE,0
SEAT002497,ST001_S03,15,97,AVAILABLE,0
SEAT002498,ST001_S03,15,98,AVAILABLE,0
SEAT002499,ST001_S03,15,99,AVAILABLE,0
SEAT002500,ST001_S03,15,100,AVAILABLE,0
SEAT002501,ST001_S03,16,1,AVAILABLE,0
SEAT002502,ST001_S03,16,2,AVAILABLE,0
SEAT002503,ST001_S03,16,3,AVAILABLE,0
SEAT002504,ST001_S03,16,4,AVAILABLE,0
SEAT002505,ST001_S03,16,5,AVAILABLE,0
SEAT002506,ST001_S03,16,6,AVAILABLE,0
SEAT002507,ST001_S03,16,7,AVAILABLE,0
SEAT002508,ST001_S03,16,8,AVAILABLE,0
SEAT002509,ST001_S03,16,9,AVAILABLE,0
SEAT002510,ST001_S03,16,10,AVAILABLE,0
SEAT002511,ST001_S03,16,11,AVAILABLE,0
SEAT002512,ST001_S03,16,12,AVAILABLE,0
SEAT002513,ST001_S03,16,13,AVAILABLE,0
SEAT002514,ST001_S03,16,14,AVAILABLE,0
SEAT002515,ST001_S03,16,15,AVAILABLE,0
SEAT002516,ST001_S03,16,16,AVAILABLE,0
SEAT002517,ST001_S03,16,17,AVAILABLE,0
SEAT002518,ST001_S03,16,18,AVAILABLE,0
SEAT002519,ST001_S03,16,19,AVAILABLE,0
SEAT002520,ST001_S03,16,20,AVAILABLE,0
SEAT002521,ST001_S03,16,21,AVAILABLE,0
SEAT002522,ST001_S03,16,22,AVAILABLE,0
SEAT002523,ST001_S03,16,23,AVAILABLE,0
SEAT002524,ST001_S03,16,24,AVAILABLE,0
SEAT002525,ST001_S03,16,25,AVAILABLE,0
SEAT002526,ST001_S03,16,26,AVAILABLE,0
SEAT002527,ST001_S03,16,27,AVAILABLE,0
SEAT002528,ST001_S03,16,28,AVAILABLE,0
SEAT002529,ST001_S03,16,29,AVAILABLE,0
SEAT002530,ST001_S03,16,30,AVAILABLE,0
SEAT002531,ST001_S03,16,31,AVAILABLE,0
SEAT002532,ST001_S03,16,32,AVAILABLE,0
SEAT002533,ST001_S03,16,33,AVAILABLE,0
SEAT002534,ST001_S03,16,34,AVAILABLE,0
SEAT002535,ST001_S03,16,35,AVAILABLE,0
SEAT002536,ST001_S03,16,36,AVAILABLE,0
SEAT002537,ST001_S03,16,37,AVAILABLE,0
SEAT002538,ST001_S03,16,38,AVAILABLE,0
SEAT002539,ST001_S03,16,39,AVAILABLE,0
SEAT002540,ST001_S03,16,40,AVAILABLE,0
SEAT002541,ST001_S03,16,41,AVAILABLE,0
SEAT002542,ST001_S03,16,42,AVAILABLE,0
SEAT002543,ST001_S03,16,43,AVAILABLE,0
SEAT002544,ST001_S03,16,44,AVAILABLE,0
SEAT002545,ST001_S03,16,45,AVAILABLE,0
SEAT002546,ST001_S03,16,46,AVAILABLE,0
SEAT002547,ST001_S03,16,47,AVAILABLE,0
SEAT002548,ST001_S03,16,48,AVAILABLE,0
SEAT002549,ST001_S03,16,49,AVAILABLE,0
SEAT002550,ST001_S03,16,50,AVAILABLE,0
SEAT002551,ST001_S03,16,51,AVAILABLE,0
SEAT002552,ST001_S03,16,52,AVAILABLE,0
SEAT002553,ST001_S03,16,53,AVAILABLE,0
SEAT002554,ST001_S03,16,54,AVAILABLE,0
SEAT002555,ST001_S03,16,55,AVAILABLE,0
SEAT002556,ST001_S03,16,56,AVAILABLE,0
SEAT002557,ST001_S03,16,57,AVAILABLE,0
SEAT002558,ST001_S03,16,58,AVAILABLE,0
SEAT002559,ST001_S03,16,59,AVAILABLE,0
SEAT002560,ST001_S03,16,60,AVAILABLE,0
SEAT002561,ST001_S03,16,61,AVAILABLE,0
SEAT002562,ST001_S03,16,62,AVAILABLE,0
SEAT002563,ST001_S03,16,63,AVAILABLE,0
SEAT002564,ST001_S03,16,64,AVAILABLE,0
SEAT002565,ST001_S03,16,65,AVAILABLE,0
SEAT002566,ST001_S03,16,66,AVAILABLE,0
SEAT002567,ST001_S03,16,67,AVAILABLE,0
SEAT002568,ST001_S03,16,68,AVAILABLE,0
SEAT002569,ST001_S03,16,69,AVAILABLE,0
SEAT002570,ST001_S03,16,70,AVAILABLE,0
SEAT002571,ST001_S03,16,71,AVAILABLE,0
SEAT002572,ST001_S03,16,72,AVAILABLE,0
SEAT002573,ST001_S03,16,73,AVAILABLE,0
SEAT002574,ST001_S03,16,74,AVAILABLE,0
SEAT002575,ST001_S03,16,75,AVAILABLE,0
SEAT002576,ST001_S03,16,76,AVAILABLE,0
SEAT002577,ST001_S03,16,77,AVAILABLE,0
SEAT002578,ST001_S03,16,78,AVAILABLE,0
SEAT002579,ST001_S03,16,79,AVAILABLE,0
SEAT002580,ST001_S03,16,80,AVAILABLE,0
SEAT002581,ST001_S03,16,81,AVAILABLE,0
SEAT002582,ST001_S03,16,82,AVAILABLE,0
SEAT002583,ST001_S03,16,83,AVAILABLE,0
SEAT002584,ST001_S03,16,84,AVAILABLE,0
SEAT002585,ST001_S03,16,85,AVAILABLE,0
SEAT002586,ST001_S03,16,86,AVAILABLE,0
SEAT002587,ST001_S03,16,87,AVAILABLE,0
SEAT002588,ST001_S03,16,88,AVAILABLE,0
SEAT002589,ST001_S03,16,89,AVAILABLE,0
SEAT002590,ST001_S03,16,90,AVAILABLE,0
SEAT002591,ST001_S03,16,91,AVAILABLE,0
SEAT002592,ST001_S03,16,92,AVAILABLE,0
SEAT002593,ST001_S03,16,93,AVAILABLE,0
SEAT002594,ST001_S03,16,94,AVAILABLE,0
SEAT002595,ST001_S03,16,95,AVAILABLE,0
SEAT002596,ST001_S03,16,96,AVAILABLE,0
SEAT002597,ST001_S03,16,97,AVAILABLE,0
SEAT002598,ST001_S03,16,98,AVAILABLE,0
SEAT002599,ST001_S03,16,99,AVAILABLE,0
SEAT002600,ST001_S03,16,100,AVAILABLE,0
SEAT002601,ST001_S03,17,1,AVAILABLE,0
SEAT002602,ST001_S03,17,2,AVAILABLE,0
SEAT002603,ST001_S03,17,3,AVAILABLE,0
SEAT002604,ST001_S03,17,4,AVAILABLE,0
SEAT002605,ST001_S03,17,5,AVAILABLE,0
SEAT002606,ST001_S03,17,6,AVAILABLE,0
SEAT002607,ST001_S03,17,7,AVAILABLE,0
SEAT002608,ST001_S03,17,8,AVAILABLE,0
SEAT002609,ST001_S03,17,9,AVAILABLE,0
SEAT002610,ST001_S03,17,10,AVAILABLE,0
SEAT002611,ST001_S03,17,11,AVAILABLE,0
SEAT002612,ST001_S03,17,12,AVAILABLE,0
SEAT002613,ST001_S03,17,13,AVAILABLE,0
SEAT002614,ST001_S03,17,14,AVAILABLE,0
SEAT002615,ST001_S03,17,15,AVAILABLE,0
SEAT002616,ST001_S03,17,16,AVAILABLE,0
SEAT002617,ST001_S03,17,17,AVAILABLE,0
SEAT002618,ST001_S03,17,18,AVAILABLE,0
SEAT002619,ST001_S03,17,19,AVAILABLE,0
SEAT002620,ST001_S03,17,20,AVAILABLE,0
SEAT002621,ST001_S03,17,21,AVAILABLE,0
SEAT002622,ST001_S03,17,22,AVAILABLE,0
SEAT002623,ST001_S03,17,23,AVAILABLE,0
SEAT002624,ST001_S03,17,24,AVAILABLE,0
SEAT002625,ST001_S03,17,25,AVAILABLE,0
SEAT002626,ST001_S03,17,26,AVAILABLE,0
SEAT002627,ST001_S03,17,27,AVAILABLE,0
SEAT002628,ST001_S03,17,28,AVAILABLE,0
SEAT002629,ST001_S03,17,29,AVAILABLE,0
SEAT002630,ST001_S03,17,30,AVAILABLE,0
SEAT002631,ST001_S03,17,31,AVAILABLE,0
SEAT002632,ST001_S03,17,32,AVAILABLE,0
SEAT002633,ST001_S03,17,33,AVAILABLE,0
SEAT002634,ST001_S03,17,34,AVAILABLE,0
SEAT002635,ST001_S03,17,35,AVAILABLE,0
SEAT002636,ST001_S03,17,36,AVAILABLE,0
SEAT002637,ST001_S03,17,37,AVAILABLE,0
SEAT002638,ST001_S03,17,38,AVAILABLE,0
SEAT002639,ST001_S03,17,39,AVAILABLE,0
SEAT002640,ST001_S03,17,40,AVAILABLE,0
SEAT002641,ST001_S03,17,41,AVAILABLE,0
SEAT002642,ST001_S03,17,42,AVAILABLE,0
SEAT002643,ST001_S03,17,43,AVAILABLE,0
SEAT002644,ST001_S03,17,44,AVAILABLE,0
SEAT002645,ST001_S03,17,45,AVAILABLE,0
SEAT002646,ST001_S03,17,46,AVAILABLE,0
SEAT002647,ST001_S03,17,47,AVAILABLE,0
SEAT002648,ST001_S03,17,48,AVAILABLE,0
SEAT002649,ST001_S03,17,49,AVAILABLE,0
SEAT002650,ST001_S03,17,50,AVAILABLE,0
SEAT002651,ST001_S03,17,51,AVAILABLE,0
SEAT002652,ST001_S03,17,52,AVAILABLE,0
SEAT002653,ST001_S03,17,53,AVAILABLE,0
SEAT002654,ST001_S03,17,54,AVAILABLE,0
SEAT002655,ST001_S03,17,55,AVAILABLE,0
SEAT002656,ST001_S03,17,56,AVAILABLE,0
SEAT002657,ST001_S03,17,57,AVAILABLE,0
SEAT002658,ST001_S03,17,58,AVAILABLE,0
SEAT002659,ST001_S03,17,59,AVAILABLE,0
SEAT002660,ST001_S03,17,60,AVAILABLE,0
SEAT002661,ST001_S03,17,61,AVAILABLE,0
SEAT002662,ST001_S03,17,62,AVAILABLE,0
SEAT002663,ST001_S03,17,63,AVAILABLE,0
SEAT002664,ST001_S03,17,64,AVAILABLE,0
SEAT002665,ST001_S03,17,65,AVAILABLE,0
SEAT002666,ST001_S03,17,66,AVAILABLE,0
SEAT002667,ST001_S03,17,67,AVAILABLE,0
SEAT002668,ST001_S03,17,68,AVAILABLE,0
SEAT002669,ST001_S03,17,69,AVAILABLE,0
SEAT002670,ST001_S03,17,70,AVAILABLE,0
SEAT002671,ST001_S03,17,71,AVAILABLE,0
SEAT002672,ST001_S03,17,72,AVAILABLE,0
SEAT002673,ST001_S03,17,73,AVAILABLE,0
SEAT002674,ST001_S03,17,74,AVAILABLE,0
SEAT002675,ST001_S03,17,75,AVAILABLE,0
SEAT002676,ST001_S03,17,76,AVAILABLE,0
SEAT002677,ST001_S03,17,77,AVAILABLE,0
SEAT002678,ST001_S03,17,78,AVAILABLE,0
SEAT002679,ST001_S03,17,79,AVAILABLE,0
SEAT002680,ST001_S03,17,80,AVAILABLE,0
SEAT002681,ST001_S03,17,81,AVAILABLE,0
SEAT002682,ST001_S03,17,82,AVAILABLE,0
SEAT002683,ST001_S03,17,83,AVAILABLE,0
SEAT002684,ST001_S03,17,84,AVAILABLE,0
SEAT002685,ST001_S03,17,85,AVAILABLE,0
SEAT002686,ST001_S03,17,86,AVAILABLE,0
SEAT002687,ST001_S03,17,87,AVAILABLE,0
SEAT002688,ST001_S03,17,88,AVAILABLE,0
SEAT002689,ST001_S03,17,89,AVAILABLE,0
SEAT002690,ST001_S03,17,90,AVAILABLE,0
SEAT002691,ST001_S03,17,91,AVAILABLE,0
SEAT002692,ST001_S03,17,92,AVAILABLE,0
SEAT002693,ST001_S03,17,93,AVAILABLE,0
SEAT002694,ST001_S03,17,94,AVAILABLE,0
SEAT002695,ST001_S03,17,95,AVAILABLE,0
SEAT002696,ST001_S03,17,96,AVAILABLE,0
SEAT002697,ST001_S03,17,97,AVAILABLE,0
SEAT002698,ST001_S03,17,98,AVAILABLE,0
SEAT002699,ST001_S03,17,99,AVAILABLE,0
SEAT002700,ST001_S03,17,100,AVAILABLE,0
SEAT002701,ST001_S03,18,1,AVAILABLE,0
SEAT002702,ST001_S03,18,2,AVAILABLE,0
SEAT002703,ST001_S03,18,3,AVAILABLE,0
SEAT002704,ST001_S03,18,4,AVAILABLE,0
SEAT002705,ST001_S03,18,5,AVAILABLE,0
SEAT002706,ST001_S03,18,6,AVAILABLE,0
SEAT002707,ST001_S03,18,7,AVAILABLE,0
SEAT002708,ST001_S03,18,8,AVAILABLE,0
SEAT002709,ST001_S03,18,9,AVAILABLE,0
SEAT002710,ST001_S03,18,10,AVAILABLE,0
SEAT002711,ST001_S03,18,11,AVAILABLE,0
SEAT002712,ST001_S03,18,12,AVAILABLE,0
SEAT002713,ST001_S03,18,13,AVAILABLE,0
SEAT002714,ST001_S03,18,14,AVAILABLE,0
SEAT002715,ST001_S03,18,15,AVAILABLE,0
SEAT002716,ST001_S03,18,16,AVAILABLE,0
SEAT002717,ST001_S03,18,17,AVAILABLE,0
SEAT002718,ST001_S03,18,18,AVAILABLE,0
SEAT002719,ST001_S03,18,19,AVAILABLE,0
SEAT002720,ST001_S03,18,20,AVAILABLE,0
SEAT002721,ST001_S03,18,21,AVAILABLE,0
SEAT002722,ST001_S03,18,22,AVAILABLE,0
SEAT002723,ST001_S03,18,23,AVAILABLE,0
SEAT002724,ST001_S03,18,24,AVAILABLE,0
SEAT002725,ST001_S03,18,25,AVAILABLE,0
SEAT002726,ST001_S03,18,26,AVAILABLE,0
SEAT002727,ST001_S03,18,27,AVAILABLE,0
SEAT002728,ST001_S03,18,28,AVAILABLE,0
SEAT002729,ST001_S03,18,29,AVAILABLE,0
SEAT002730,ST001_S03,18,30,AVAILABLE,0
SEAT002731,ST001_S03,18,31,AVAILABLE,0
SEAT002732,ST001_S03,18,32,AVAILABLE,0
SEAT002733,ST001_S03,18,33,AVAILABLE,0
SEAT002734,ST001_S03,18,34,AVAILABLE,0
SEAT002735,ST001_S03,18,35,AVAILABLE,0
SEAT002736,ST001_S03,18,36,AVAILABLE,0
SEAT002737,ST001_S03,18,37,AVAILABLE,0
SEAT002738,ST001_S03,18,38,AVAILABLE,0
SEAT002739,ST001_S03,18,39,AVAILABLE,0
SEAT002740,ST001_S03,18,40,AVAILABLE,0
SEAT002741,ST001_S03,18,41,AVAILABLE,0
SEAT002742,ST001_S03,18,42,AVAILABLE,0
SEAT002743,ST001_S03,18,43,AVAILABLE,0
SEAT002744,ST001_S03,18,44,AVAILABLE,0
SEAT002745,ST001_S03,18,45,AVAILABLE,0
SEAT002746,ST001_S03,18,46,AVAILABLE,0
SEAT002747,ST001_S03,18,47,AVAILABLE,0
SEAT002748,ST001_S03,18,48,AVAILABLE,0
SEAT002749,ST001_S03,18,49,AVAILABLE,0
SEAT002750,ST001_S03,18,50,AVAILABLE,0
SEAT002751,ST001_S03,18,51,AVAILABLE,0
SEAT002752,ST001_S03,18,52,AVAILABLE,0
SEAT002753,ST001_S03,18,53,AVAILABLE,0
SEAT002754,ST001_S03,18,54,AVAILABLE,0
SEAT002755,ST001_S03,18,55,AVAILABLE,0
SEAT002756,ST001_S03,18,56,AVAILABLE,0
SEAT002757,ST001_S03,18,57,AVAILABLE,0
SEAT002758,ST001_S03,18,58,AVAILABLE,0
SEAT002759,ST001_S03,18,59,AVAILABLE,0
SEAT002760,ST001_S03,18,60,AVAILABLE,0
SEAT002761,ST001_S03,18,61,AVAILABLE,0
SEAT002762,ST001_S03,18,62,AVAILABLE,0
SEAT002763,ST001_S03,18,63,AVAILABLE,0
SEAT002764,ST001_S03,18,64,AVAILABLE,0
SEAT002765,ST001_S03,18,65,AVAILABLE,0
SEAT002766,ST001_S03,18,66,AVAILABLE,0
SEAT002767,ST001_S03,18,67,AVAILABLE,0
SEAT002768,ST001_S03,18,68,AVAILABLE,0
SEAT002769,ST001_S03,18,69,AVAILABLE,0
SEAT002770,ST001_S03,18,70,AVAILABLE,0
SEAT002771,ST001_S03,18,71,AVAILABLE,0
SEAT002772,ST001_S03,18,72,AVAILABLE,0
SEAT002773,ST001_S03,18,73,AVAILABLE,0
SEAT002774,ST001_S03,18,74,AVAILABLE,0
SEAT002775,ST001_S03,18,75,AVAILABLE,0
SEAT002776,ST001_S03,18,76,AVAILABLE,0
SEAT002777,ST001_S03,18,77,AVAILABLE,0
SEAT002778,ST001_S03,18,78,AVAILABLE,0
SEAT002779,ST001_S03,18,79,AVAILABLE,0
SEAT002780,ST001_S03,18,80,AVAILABLE,0
SEAT002781,ST001_S03,18,81,AVAILABLE,0
SEAT002782,ST001_S03,18,82,AVAILABLE,0
SEAT002783,ST001_S03,18,83,AVAILABLE,0
SEAT002784,ST001_S03,18,84,AVAILABLE,0
SEAT002785,ST001_S03,18,85,AVAILABLE,0
SEAT002786,ST001_S03,18,86,AVAILABLE,0
SEAT002787,ST001_S03,18,87,AVAILABLE,0
SEAT002788,ST001_S03,18,88,AVAILABLE,0
SEAT002789,ST001_S03,18,89,AVAILABLE,0
SEAT002790,ST001_S03,18,90,AVAILABLE,0
SEAT002791,ST001_S03,18,91,AVAILABLE,0
SEAT002792,ST001_S03,18,92,AVAILABLE,0
SEAT002793,ST001_S03,18,93,AVAILABLE,0
SEAT002794,ST001_S03,18,94,AVAILABLE,0
SEAT002795,ST001_S03,18,95,AVAILABLE,0
SEAT002796,ST001_S03,18,96,AVAILABLE,0
SEAT002797,ST001_S03,18,97,AVAILABLE,0
SEAT002798,ST001_S03,18,98,AVAILABLE,0
SEAT002799,ST001_S03,18,99,AVAILABLE,0
SEAT002800,ST001_S03,18,100,AVAILABLE,0
SEAT002801,ST001_S03,19,1,AVAILABLE,0
SEAT002802,ST001_S03,19,2,AVAILABLE,0
SEAT002803,ST001_S03,19,3,AVAILABLE,0
SEAT002804,ST001_S03,19,4,AVAILABLE,0
SEAT002805,ST001_S03,19,5,AVAILABLE,0
SEAT002806,ST001_S03,19,6,AVAILABLE,0
SEAT002807,ST001_S03,19,7,AVAILABLE,0
SEAT002808,ST001_S03,19,8,AVAILABLE,0
SEAT002809,ST001_S03,19,9,AVAILABLE,0
SEAT002810,ST001_S03,19,10,AVAILABLE,0
SEAT002811,ST001_S03,19,11,AVAILABLE,0
SEAT002812,ST001_S03,19,12,AVAILABLE,0
SEAT002813,ST001_S03,19,13,AVAILABLE,0
SEAT002814,ST001_S03,19,14,AVAILABLE,0
SEAT002815,ST001_S03,19,15,AVAILABLE,0
SEAT002816,ST001_S03,19,16,AVAILABLE,0
SEAT002817,ST001_S03,19,17,AVAILABLE,0
SEAT002818,ST001_S03,19,18,AVAILABLE,0
SEAT002819,ST001_S03,19,19,AVAILABLE,0
SEAT002820,ST001_S03,19,20,AVAILABLE,0
SEAT002821,ST001_S03,19,21,AVAILABLE,0
SEAT002822,ST001_S03,19,22,AVAILABLE,0
SEAT002823,ST001_S03,19,23,AVAILABLE,0
SEAT002824,ST001_S03,19,24,AVAILABLE,0
SEAT002825,ST001_S03,19,25,AVAILABLE,0
SEAT002826,ST001_S03,19,26,AVAILABLE,0
SEAT002827,ST001_S03,19,27,AVAILABLE,0
SEAT002828,ST001_S03,19,28,AVAILABLE,0
SEAT002829,ST001_S03,19,29,AVAILABLE,0
SEAT002830,ST001_S03,19,30,AVAILABLE,0
SEAT002831,ST001_S03,19,31,AVAILABLE,0
SEAT002832,ST001_S03,19,32,AVAILABLE,0
SEAT002833,ST001_S03,19,33,AVAILABLE,0
SEAT002834,ST001_S03,19,34,AVAILABLE,0
SEAT002835,ST001_S03,19,35,AVAILABLE,0
SEAT002836,ST001_S03,19,36,AVAILABLE,0
SEAT002837,ST001_S03,19,37,AVAILABLE,0
SEAT002838,ST001_S03,19,38,AVAILABLE,0
SEAT002839,ST001_S03,19,39,AVAILABLE,0
SEAT002840,ST001_S03,19,40,AVAILABLE,0
SEAT002841,ST001_S03,19,41,AVAILABLE,0
SEAT002842,ST001_S03,19,42,AVAILABLE,0
SEAT002843,ST001_S03,19,43,AVAILABLE,0
SEAT002844,ST001_S03,19,44,AVAILABLE,0
SEAT002845,ST001_S03,19,45,AVAILABLE,0
SEAT002846,ST001_S03,19,46,AVAILABLE,0
SEAT002847,ST001_S03,19,47,AVAILABLE,0
SEAT002848,ST001_S03,19,48,AVAILABLE,0
SEAT002849,ST001_S03,19,49,AVAILABLE,0
SEAT002850,ST001_S03,19,50,AVAILABLE,0
SEAT002851,ST001_S03,19,51,AVAILABLE,0
SEAT002852,ST001_S03,19,52,AVAILABLE,0
SEAT002853,ST001_S03,19,53,AVAILABLE,0
SEAT002854,ST001_S03,19,54,AVAILABLE,0
SEAT002855,ST001_S03,19,55,AVAILABLE,0
SEAT002856,ST001_S03,19,56,AVAILABLE,0
SEAT002857,ST001_S03,19,57,AVAILABLE,0
SEAT002858,ST001_S03,19,58,AVAILABLE,0
SEAT002859,ST001_S03,19,59,AVAILABLE,0
SEAT002860,ST001_S03,19,60,AVAILABLE,0
SEAT002861,ST001_S03,19,61,AVAILABLE,0
SEAT002862,ST001_S03,19,62,AVAILABLE,0
SEAT002863,ST001_S03,19,63,AVAILABLE,0
SEAT002864,ST001_S03,19,64,AVAILABLE,0
SEAT002865,ST001_S03,19,65,AVAILABLE,0
SEAT002866,ST001_S03,19,66,AVAILABLE,0
SEAT002867,ST001_S03,19,67,AVAILABLE,0
SEAT002868,ST001_S03,19,68,AVAILABLE,0
SEAT002869,ST001_S03,19,69,AVAILABLE,0
SEAT002870,ST001_S03,19,70,AVAILABLE,0
SEAT002871,ST001_S03,19,71,AVAILABLE,0
SEAT002872,ST001_S03,19,72,AVAILABLE,0
SEAT002873,ST001_S03,19,73,AVAILABLE,0
SEAT002874,ST001_S03,19,74,AVAILABLE,0
SEAT002875,ST001_S03,19,75,AVAILABLE,0
SEAT002876,ST001_S03,19,76,AVAILABLE,0
SEAT002877,ST001_S03,19,77,AVAILABLE,0
SEAT002878,ST001_S03,19,78,AVAILABLE,0
SEAT002879,ST001_S03,19,79,AVAILABLE,0
SEAT002880,ST001_S03,19,80,AVAILABLE,0
SEAT002881,ST001_S03,19,81,AVAILABLE,0
SEAT002882,ST001_S03,19,82,AVAILABLE,0
SEAT002883,ST001_S03,19,83,AVAILABLE,0
SEAT002884,ST001_S03,19,84,AVAILABLE,0
SEAT002885,ST001_S03,19,85,AVAILABLE,0
SEAT002886,ST001_S03,19,86,AVAILABLE,0
SEAT002887,ST001_S03,19,87,AVAILABLE,0
SEAT002888,ST001_S03,19,88,AVAILABLE,0
SEAT002889,ST001_S03,19,89,AVAILABLE,0
SEAT002890,ST001_S03,19,90,AVAILABLE,0
SEAT002891,ST001_S03,19,91,AVAILABLE,0
SEAT002892,ST001_S03,19,92,AVAILABLE,0
SEAT002893,ST001_S03,19,93,AVAILABLE,0
SEAT002894,ST001_S03,19,94,AVAILABLE,0
SEAT002895,ST001_S03,19,95,AVAILABLE,0
SEAT002896,ST001_S03,19,96,AVAILABLE,0
SEAT002897,ST001_S03,19,97,AVAILABLE,0
SEAT002898,ST001_S03,19,98,AVAILABLE,0
SEAT002899,ST001_S03,19,99,AVAILABLE,0
SEAT002900,ST001_S03,19,100,AVAILABLE,0
SEAT002901,ST001_S03,20,1,AVAILABLE,0
SEAT002902,ST001_S03,20,2,AVAILABLE,0
SEAT002903,ST001_S03,20,3,AVAILABLE,0
SEAT002904,ST001_S03,20,4,AVAILABLE,0
SEAT002905,ST001_S03,20,5,AVAILABLE,0
SEAT002906,ST001_S03,20,6,AVAILABLE,0
SEAT002907,ST001_S03,20,7,AVAILABLE,0
SEAT002908,ST001_S03,20,8,AVAILABLE,0
SEAT002909,ST001_S03,20,9,AVAILABLE,0
SEAT002910,ST001_S03,20,10,AVAILABLE,0
SEAT002911,ST001_S03,20,11,AVAILABLE,0
SEAT002912,ST001_S03,20,12,AVAILABLE,0
SEAT002913,ST001_S03,20,13,AVAILABLE,0
SEAT002914,ST001_S03,20,14,AVAILABLE,0
SEAT002915,ST001_S03,20,15,AVAILABLE,0
SEAT002916,ST001_S03,20,16,AVAILABLE,0
SEAT002917,ST001_S03,20,17,AVAILABLE,0
SEAT002918,ST001_S03,20,18,AVAILABLE,0
SEAT002919,ST001_S03,20,19,AVAILABLE,0
SEAT002920,ST001_S03,20,20,AVAILABLE,0
SEAT002921,ST001_S03,20,21,AVAILABLE,0
SEAT002922,ST001_S03,20,22,AVAILABLE,0
SEAT002923,ST001_S03,20,23,AVAILABLE,0
SEAT002924,ST001_S03,20,24,AVAILABLE,0
SEAT002925,ST001_S03,20,25,AVAILABLE,0
SEAT002926,ST001_S03,20,26,AVAILABLE,0
SEAT002927,ST001_S03,20,27,AVAILABLE,0
SEAT002928,ST001_S03,20,28,AVAILABLE,0
SEAT002929,ST001_S03,20,29,AVAILABLE,0
SEAT002930,ST001_S03,20,30,AVAILABLE,0
SEAT002931,ST001_S03,20,31,AVAILABLE,0
SEAT002932,ST001_S03,20,32,AVAILABLE,0
SEAT002933,ST001_S03,20,33,AVAILABLE,0
SEAT002934,ST001_S03,20,34,AVAILABLE,0
SEAT002935,ST001_S03,20,35,AVAILABLE,0
SEAT002936,ST001_S03,20,36,AVAILABLE,0
SEAT002937,ST001_S03,20,37,AVAILABLE,0
SEAT002938,ST001_S03,20,38,AVAILABLE,0
SEAT002939,ST001_S03,20,39,AVAILABLE,0
SEAT002940,ST001_S03,20,40,AVAILABLE,0
SEAT002941,ST001_S03,20,41,AVAILABLE,0
SEAT002942,ST001_S03,20,42,AVAILABLE,0
SEAT002943,ST001_S03,20,43,AVAILABLE,0
SEAT002944,ST001_S03,20,44,AVAILABLE,0
SEAT002945,ST001_S03,20,45,AVAILABLE,0
SEAT002946,ST001_S03,20,46,AVAILABLE,0
SEAT002947,ST001_S03,20,47,AVAILABLE,0
SEAT002948,ST001_S03,20,48,AVAILABLE,0
SEAT002949,ST001_S03,20,49,AVAILABLE,0
SEAT002950,ST001_S03,20,50,AVAILABLE,0
SEAT002951,ST001_S03,20,51,AVAILABLE,0
SEAT002952,ST001_S03,20,52,AVAILABLE,0
SEAT002953,ST001_S03,20,53,AVAILABLE,0
SEAT002954,ST001_S03,20,54,AVAILABLE,0
SEAT002955,ST001_S03,20,55,AVAILABLE,0
SEAT002956,ST001_S03,20,56,AVAILABLE,0
SEAT002957,ST001_S03,20,57,AVAILABLE,0
SEAT002958,ST001_S03,20,58,AVAILABLE,0
SEAT002959,ST001_S03,20,59,AVAILABLE,0
SEAT002960,ST001_S03,20,60,AVAILABLE,0
SEAT002961,ST001_S03,20,61,AVAILABLE,0
SEAT002962,ST001_S03,20,62,AVAILABLE,0
SEAT002963,ST001_S03,20,63,AVAILABLE,0
SEAT002964,ST001_S03,20,64,AVAILABLE,0
SEAT002965,ST001_S03,20,65,AVAILABLE,0
SEAT002966,ST001_S03,20,66,AVAILABLE,0
SEAT002967,ST001_S03,20,67,AVAILABLE,0
SEAT002968,ST001_S03,20,68,AVAILABLE,0
SEAT002969,ST001_S03,20,69,AVAILABLE,0
SEAT002970,ST001_S03,20,70,AVAILABLE,0
SEAT002971,ST001_S03,20,71,AVAILABLE,0
SEAT002972,ST001_S03,20,72,AVAILABLE,0
SEAT002973,ST001_S03,20,73,AVAILABLE,0
SEAT002974,ST001_S03,20,74,AVAILABLE,0
SEAT002975,ST001_S03,20,75,AVAILABLE,0
SEAT002976,ST001_S03,20,76,AVAILABLE,0
SEAT002977,ST001_S03,20,77,AVAILABLE,0
SEAT002978,ST001_S03,20,78,AVAILABLE,0
SEAT002979,ST001_S03,20,79,AVAILABLE,0
SEAT002980,ST001_S03,20,80,AVAILABLE,0
SEAT002981,ST001_S03,20,81,AVAILABLE,0
SEAT002982,ST001_S03,20,82,AVAILABLE,0
SEAT002983,ST001_S03,20,83,AVAILABLE,0
SEAT002984,ST001_S03,20,84,AVAILABLE,0
SEAT002985,ST001_S03,20,85,AVAILABLE,0
SEAT002986,ST001_S03,20,86,AVAILABLE,0
SEAT002987,ST001_S03,20,87,AVAILABLE,0
SEAT002988,ST001_S03,20,88,AVAILABLE,0
SEAT002989,ST001_S03,20,89,AVAILABLE,0
SEAT002990,ST001_S03,20,90,AVAILABLE,0
SEAT002991,ST001_S03,20,91,AVAILABLE,0
SEAT002992,ST001_S03,20,92,AVAILABLE,0
SEAT002993,ST001_S03,20,93,AVAILABLE,0
SEAT002994,ST001_S03,20,94,AVAILABLE,0
SEAT002995,ST001_S03,20,95,AVAILABLE,0
SEAT002996,ST001_S03,20,96,AVAILABLE,0
SEAT002997,ST001_S03,20,97,AVAILABLE,0
SEAT002998,ST001_S03,20,98,AVAILABLE,0
SEAT002999,ST001_S03,20,99,AVAILABLE,0
SEAT003000,ST001_S03,20,100,AVAILABLE,0
SEAT003001,ST001_S03,21,1,AVAILABLE,0
SEAT003002,ST001_S03,21,2,AVAILABLE,0
SEAT003003,ST001_S03,21,3,AVAILABLE,0
SEAT003004,ST001_S03,21,4,AVAILABLE,0
SEAT003005,ST001_S03,21,5,AVAILABLE,0
SEAT003006,ST001_S03,21,6,AVAILABLE,0
SEAT003007,ST001_S03,21,7,AVAILABLE,0
SEAT003008,ST001_S03,21,8,AVAILABLE,0
SEAT003009,ST001_S03,21,9,AVAILABLE,0
SEAT003010,ST001_S03,21,10,AVAILABLE,0
SEAT003011,ST001_S03,21,11,AVAILABLE,0
SEAT003012,ST001_S03,21,12,AVAILABLE,0
SEAT003013,ST001_S03,21,13,AVAILABLE,0
SEAT003014,ST001_S03,21,14,AVAILABLE,0
SEAT003015,ST001_S03,21,15,AVAILABLE,0
SEAT003016,ST001_S03,21,16,AVAILABLE,0
SEAT003017,ST001_S03,21,17,AVAILABLE,0
SEAT003018,ST001_S03,21,18,AVAILABLE,0
SEAT003019,ST001_S03,21,19,AVAILABLE,0
SEAT003020,ST001_S03,21,20,AVAILABLE,0
SEAT003021,ST001_S03,21,21,AVAILABLE,0
SEAT003022,ST001_S03,21,22,AVAILABLE,0
SEAT003023,ST001_S03,21,23,AVAILABLE,0
SEAT003024,ST001_S03,21,24,AVAILABLE,0
SEAT003025,ST001_S03,21,25,AVAILABLE,0
SEAT003026,ST001_S03,21,26,AVAILABLE,0
SEAT003027,ST001_S03,21,27,AVAILABLE,0
SEAT003028,ST001_S03,21,28,AVAILABLE,0
SEAT003029,ST001_S03,21,29,AVAILABLE,0
SEAT003030,ST001_S03,21,30,AVAILABLE,0
SEAT003031,ST001_S03,21,31,AVAILABLE,0
SEAT003032,ST001_S03,21,32,AVAILABLE,0
SEAT003033,ST001_S03,21,33,AVAILABLE,0
SEAT003034,ST001_S03,21,34,AVAILABLE,0
SEAT003035,ST001_S03,21,35,AVAILABLE,0
SEAT003036,ST001_S03,21,36,AVAILABLE,0
SEAT003037,ST001_S03,21,37,AVAILABLE,0
SEAT003038,ST001_S03,21,38,AVAILABLE,0
SEAT003039,ST001_S03,21,39,AVAILABLE,0
SEAT003040,ST001_S03,21,40,AVAILABLE,0
SEAT003041,ST001_S03,21,41,AVAILABLE,0
SEAT003042,ST001_S03,21,42,AVAILABLE,0
SEAT003043,ST001_S03,21,43,AVAILABLE,0
SEAT003044,ST001_S03,21,44,AVAILABLE,0
SEAT003045,ST001_S03,21,45,AVAILABLE,0
SEAT003046,ST001_S03,21,46,AVAILABLE,0
SEAT003047,ST001_S03,21,47,AVAILABLE,0
SEAT003048,ST001_S03,21,48,AVAILABLE,0
SEAT003049,ST001_S03,21,49,AVAILABLE,0
SEAT003050,ST001_S03,21,50,AVAILABLE,0
SEAT003051,ST001_S03,21,51,AVAILABLE,0
SEAT003052,ST001_S03,21,52,AVAILABLE,0
SEAT003053,ST001_S03,21,53,AVAILABLE,0
SEAT003054,ST001_S03,21,54,AVAILABLE,0
SEAT003055,ST001_S03,21,55,AVAILABLE,0
SEAT003056,ST001_S03,21,56,AVAILABLE,0
SEAT003057,ST001_S03,21,57,AVAILABLE,0
SEAT003058,ST001_S03,21,58,AVAILABLE,0
SEAT003059,ST001_S03,21,59,AVAILABLE,0
SEAT003060,ST001_S03,21,60,AVAILABLE,0
SEAT003061,ST001_S03,21,61,AVAILABLE,0
SEAT003062,ST001_S03,21,62,AVAILABLE,0
SEAT003063,ST001_S03,21,63,AVAILABLE,0
SEAT003064,ST001_S03,21,64,AVAILABLE,0
SEAT003065,ST001_S03,21,65,AVAILABLE,0
SEAT003066,ST001_S03,21,66,AVAILABLE,0
SEAT003067,ST001_S03,21,67,AVAILABLE,0
SEAT003068,ST001_S03,21,68,AVAILABLE,0
SEAT003069,ST001_S03,21,69,AVAILABLE,0
SEAT003070,ST001_S03,21,70,AVAILABLE,0
SEAT003071,ST001_S03,21,71,AVAILABLE,0
SEAT003072,ST001_S03,21,72,AVAILABLE,0
SEAT003073,ST001_S03,21,73,AVAILABLE,0
SEAT003074,ST001_S03,21,74,AVAILABLE,0
SEAT003075,ST001_S03,21,75,AVAILABLE,0
SEAT003076,ST001_S03,21,76,AVAILABLE,0
SEAT003077,ST001_S03,21,77,AVAILABLE,0
SEAT003078,ST001_S03,21,78,AVAILABLE,0
SEAT003079,ST001_S03,21,79,AVAILABLE,0
SEAT003080,ST001_S03,21,80,AVAILABLE,0
SEAT003081,ST001_S03,21,81,AVAILABLE,0
SEAT003082,ST001_S03,21,82,AVAILABLE,0
SEAT003083,ST001_S03,21,83,AVAILABLE,0
SEAT003084,ST001_S03,21,84,AVAILABLE,0
SEAT003085,ST001_S03,21,85,AVAILABLE,0
SEAT003086,ST001_S03,21,86,AVAILABLE,0
SEAT003087,ST001_S03,21,87,AVAILABLE,0
SEAT003088,ST001_S03,21,88,AVAILABLE,0
SEAT003089,ST001_S03,21,89,AVAILABLE,0
SEAT003090,ST001_S03,21,90,AVAILABLE,0
SEAT003091,ST001_S03,21,91,AVAILABLE,0
SEAT003092,ST001_S03,21,92,AVAILABLE,0
SEAT003093,ST001_S03,21,93,AVAILABLE,0
SEAT003094,ST001_S03,21,94,AVAILABLE,0
SEAT003095,ST001_S03,21,95,AVAILABLE,0
SEAT003096,ST001_S03,21,96,AVAILABLE,0
SEAT003097,ST001_S03,21,97,AVAILABLE,0
SEAT003098,ST001_S03,21,98,AVAILABLE,0
SEAT003099,ST001_S03,21,99,AVAILABLE,0
SEAT003100,ST001_S03,21,100,AVAILABLE,0
SEAT003101,ST001_S03,22,1,AVAILABLE,0
SEAT003102,ST001_S03,22,2,AVAILABLE,0
SEAT003103,ST001_S03,22,3,AVAILABLE,0
SEAT003104,ST001_S03,22,4,AVAILABLE,0
SEAT003105,ST001_S03,22,5,AVAILABLE,0
SEAT003106,ST001_S03,22,6,AVAILABLE,0
SEAT003107,ST001_S03,22,7,AVAILABLE,0
SEAT003108,ST001_S03,22,8,AVAILABLE,0
SEAT003109,ST001_S03,22,9,AVAILABLE,0
SEAT003110,ST001_S03,22,10,AVAILABLE,0
SEAT003111,ST001_S03,22,11,AVAILABLE,0
SEAT003112,ST001_S03,22,12,AVAILABLE,0
SEAT003113,ST001_S03,22,13,AVAILABLE,0
SEAT003114,ST001_S03,22,14,AVAILABLE,0
SEAT003115,ST001_S03,22,15,AVAILABLE,0
SEAT003116,ST001_S03,22,16,AVAILABLE,0
SEAT003117,ST001_S03,22,17,AVAILABLE,0
SEAT003118,ST001_S03,22,18,AVAILABLE,0
SEAT003119,ST001_S03,22,19,AVAILABLE,0
SEAT003120,ST001_S03,22,20,AVAILABLE,0
SEAT003121,ST001_S03,22,21,AVAILABLE,0
SEAT003122,ST001_S03,22,22,AVAILABLE,0
SEAT003123,ST001_S03,22,23,AVAILABLE,0
SEAT003124,ST001_S03,22,24,AVAILABLE,0
SEAT003125,ST001_S03,22,25,AVAILABLE,0
SEAT003126,ST001_S03,22,26,AVAILABLE,0
SEAT003127,ST001_S03,22,27,AVAILABLE,0
SEAT003128,ST001_S03,22,28,AVAILABLE,0
SEAT003129,ST001_S03,22,29,AVAILABLE,0
SEAT003130,ST001_S03,22,30,AVAILABLE,0
SEAT003131,ST001_S03,22,31,AVAILABLE,0
SEAT003132,ST001_S03,22,32,AVAILABLE,0
SEAT003133,ST001_S03,22,33,AVAILABLE,0
SEAT003134,ST001_S03,22,34,AVAILABLE,0
SEAT003135,ST001_S03,22,35,AVAILABLE,0
SEAT003136,ST001_S03,22,36,AVAILABLE,0
SEAT003137,ST001_S03,22,37,AVAILABLE,0
SEAT003138,ST001_S03,22,38,AVAILABLE,0
SEAT003139,ST001_S03,22,39,AVAILABLE,0
SEAT003140,ST001_S03,22,40,AVAILABLE,0
SEAT003141,ST001_S03,22,41,AVAILABLE,0
SEAT003142,ST001_S03,22,42,AVAILABLE,0
SEAT003143,ST001_S03,22,43,AVAILABLE,0
SEAT003144,ST001_S03,22,44,AVAILABLE,0
SEAT003145,ST001_S03,22,45,AVAILABLE,0
SEAT003146,ST001_S03,22,46,AVAILABLE,0
SEAT003147,ST001_S03,22,47,AVAILABLE,0
SEAT003148,ST001_S03,22,48,AVAILABLE,0
SEAT003149,ST001_S03,22,49,AVAILABLE,0
SEAT003150,ST001_S03,22,50,AVAILABLE,0
SEAT003151,ST001_S03,22,51,AVAILABLE,0
SEAT003152,ST001_S03,22,52,AVAILABLE,0
SEAT003153,ST001_S03,22,53,AVAILABLE,0
SEAT003154,ST001_S03,22,54,AVAILABLE,0
SEAT003155,ST001_S03,22,55,AVAILABLE,0
SEAT003156,ST001_S03,22,56,AVAILABLE,0
SEAT003157,ST001_S03,22,57,AVAILABLE,0
SEAT003158,ST001_S03,22,58,AVAILABLE,0
SEAT003159,ST001_S03,22,59,AVAILABLE,0
SEAT003160,ST001_S03,22,60,AVAILABLE,0
SEAT003161,ST001_S03,22,61,AVAILABLE,0
SEAT003162,ST001_S03,22,62,AVAILABLE,0
SEAT003163,ST001_S03,22,63,AVAILABLE,0
SEAT003164,ST001_S03,22,64,AVAILABLE,0
SEAT003165,ST001_S03,22,65,AVAILABLE,0
SEAT003166,ST001_S03,22,66,AVAILABLE,0
SEAT003167,ST001_S03,22,67,AVAILABLE,0
SEAT003168,ST001_S03,22,68,AVAILABLE,0
SEAT003169,ST001_S03,22,69,AVAILABLE,0
SEAT003170,ST001_S03,22,70,AVAILABLE,0
SEAT003171,ST001_S03,22,71,AVAILABLE,0
SEAT003172,ST001_S03,22,72,AVAILABLE,0
SEAT003173,ST001_S03,22,73,AVAILABLE,0
SEAT003174,ST001_S03,22,74,AVAILABLE,0
SEAT003175,ST001_S03,22,75,AVAILABLE,0
SEAT003176,ST001_S03,22,76,AVAILABLE,0
SEAT003177,ST001_S03,22,77,AVAILABLE,0
SEAT003178,ST001_S03,22,78,AVAILABLE,0
SEAT003179,ST001_S03,22,79,AVAILABLE,0
SEAT003180,ST001_S03,22,80,AVAILABLE,0
SEAT003181,ST001_S03,22,81,AVAILABLE,0
SEAT003182,ST001_S03,22,82,AVAILABLE,0
SEAT003183,ST001_S03,22,83,AVAILABLE,0
SEAT003184,ST001_S03,22,84,AVAILABLE,0
SEAT003185,ST001_S03,22,85,AVAILABLE,0
SEAT003186,ST001_S03,22,86,AVAILABLE,0
SEAT003187,ST001_S03,22,87,AVAILABLE,0
SEAT003188,ST001_S03,22,88,AVAILABLE,0
SEAT003189,ST001_S03,22,89,AVAILABLE,0
SEAT003190,ST001_S03,22,90,AVAILABLE,0
SEAT003191,ST001_S03,22,91,AVAILABLE,0
SEAT003192,ST001_S03,22,92,AVAILABLE,0
SEAT003193,ST001_S03,22,93,AVAILABLE,0
SEAT003194,ST001_S03,22,94,AVAILABLE,0
SEAT003195,ST001_S03,22,95,AVAILABLE,0
SEAT003196,ST001_S03,22,96,AVAILABLE,0
SEAT003197,ST001_S03,22,97,AVAILABLE,0
SEAT003198,ST001_S03,22,98,AVAILABLE,0
SEAT003199,ST001_S03,22,99,AVAILABLE,0
SEAT003200,ST001_S03,22,100,AVAILABLE,0
SEAT003201,ST001_S03,23,1,AVAILABLE,0
SEAT003202,ST001_S03,23,2,AVAILABLE,0
SEAT003203,ST001_S03,23,3,AVAILABLE,0
SEAT003204,ST001_S03,23,4,AVAILABLE,0
SEAT003205,ST001_S03,23,5,AVAILABLE,0
SEAT003206,ST001_S03,23,6,AVAILABLE,0
SEAT003207,ST001_S03,23,7,AVAILABLE,0
SEAT003208,ST001_S03,23,8,AVAILABLE,0
SEAT003209,ST001_S03,23,9,AVAILABLE,0
SEAT003210,ST001_S03,23,10,AVAILABLE,0
SEAT003211,ST001_S03,23,11,AVAILABLE,0
SEAT003212,ST001_S03,23,12,AVAILABLE,0
SEAT003213,ST001_S03,23,13,AVAILABLE,0
SEAT003214,ST001_S03,23,14,AVAILABLE,0
SEAT003215,ST001_S03,23,15,AVAILABLE,0
SEAT003216,ST001_S03,23,16,AVAILABLE,0
SEAT003217,ST001_S03,23,17,AVAILABLE,0
SEAT003218,ST001_S03,23,18,AVAILABLE,0
SEAT003219,ST001_S03,23,19,AVAILABLE,0
SEAT003220,ST001_S03,23,20,AVAILABLE,0
SEAT003221,ST001_S03,23,21,AVAILABLE,0
SEAT003222,ST001_S03,23,22,AVAILABLE,0
SEAT003223,ST001_S03,23,23,AVAILABLE,0
SEAT003224,ST001_S03,23,24,AVAILABLE,0
SEAT003225,ST001_S03,23,25,AVAILABLE,0
SEAT003226,ST001_S03,23,26,AVAILABLE,0
SEAT003227,ST001_S03,23,27,AVAILABLE,0
SEAT003228,ST001_S03,23,28,AVAILABLE,0
SEAT003229,ST001_S03,23,29,AVAILABLE,0
SEAT003230,ST001_S03,23,30,AVAILABLE,0
SEAT003231,ST001_S03,23,31,AVAILABLE,0
SEAT003232,ST001_S03,23,32,AVAILABLE,0
SEAT003233,ST001_S03,23,33,AVAILABLE,0
SEAT003234,ST001_S03,23,34,AVAILABLE,0
SEAT003235,ST001_S03,23,35,AVAILABLE,0
SEAT003236,ST001_S03,23,36,AVAILABLE,0
SEAT003237,ST001_S03,23,37,AVAILABLE,0
SEAT003238,ST001_S03,23,38,AVAILABLE,0
SEAT003239,ST001_S03,23,39,AVAILABLE,0
SEAT003240,ST001_S03,23,40,AVAILABLE,0
SEAT003241,ST001_S03,23,41,AVAILABLE,0
SEAT003242,ST001_S03,23,42,AVAILABLE,0
SEAT003243,ST001_S03,23,43,AVAILABLE,0
SEAT003244,ST001_S03,23,44,AVAILABLE,0
SEAT003245,ST001_S03,23,45,AVAILABLE,0
SEAT003246,ST001_S03,23,46,AVAILABLE,0
SEAT003247,ST001_S03,23,47,AVAILABLE,0
SEAT003248,ST001_S03,23,48,AVAILABLE,0
SEAT003249,ST001_S03,23,49,AVAILABLE,0
SEAT003250,ST001_S03,23,50,AVAILABLE,0
SEAT003251,ST001_S03,23,51,AVAILABLE,0
SEAT003252,ST001_S03,23,52,AVAILABLE,0
SEAT003253,ST001_S03,23,53,AVAILABLE,0
SEAT003254,ST001_S03,23,54,AVAILABLE,0
SEAT003255,ST001_S03,23,55,AVAILABLE,0
SEAT003256,ST001_S03,23,56,AVAILABLE,0
SEAT003257,ST001_S03,23,57,AVAILABLE,0
SEAT003258,ST001_S03,23,58,AVAILABLE,0
SEAT003259,ST001_S03,23,59,AVAILABLE,0
SEAT003260,ST001_S03,23,60,AVAILABLE,0
SEAT003261,ST001_S03,23,61,AVAILABLE,0
SEAT003262,ST001_S03,23,62,AVAILABLE,0
SEAT003263,ST001_S03,23,63,AVAILABLE,0
SEAT003264,ST001_S03,23,64,AVAILABLE,0
SEAT003265,ST001_S03,23,65,AVAILABLE,0
SEAT003266,ST001_S03,23,66,AVAILABLE,0
SEAT003267,ST001_S03,23,67,AVAILABLE,0
SEAT003268,ST001_S03,23,68,AVAILABLE,0
SEAT003269,ST001_S03,23,69,AVAILABLE,0
SEAT003270,ST001_S03,23,70,AVAILABLE,0
SEAT003271,ST001_S03,23,71,AVAILABLE,0
SEAT003272,ST001_S03,23,72,AVAILABLE,0
SEAT003273,ST001_S03,23,73,AVAILABLE,0
SEAT003274,ST001_S03,23,74,AVAILABLE,0
SEAT003275,ST001_S03,23,75,AVAILABLE,0
SEAT003276,ST001_S03,23,76,AVAILABLE,0
SEAT003277,ST001_S03,23,77,AVAILABLE,0
SEAT003278,ST001_S03,23,78,AVAILABLE,0
SEAT003279,ST001_S03,23,79,AVAILABLE,0
SEAT003280,ST001_S03,23,80,AVAILABLE,0
SEAT003281,ST001_S03,23,81,AVAILABLE,0
SEAT003282,ST001_S03,23,82,AVAILABLE,0
SEAT003283,ST001_S03,23,83,AVAILABLE,0
SEAT003284,ST001_S03,23,84,AVAILABLE,0
SEAT003285,ST001_S03,23,85,AVAILABLE,0
SEAT003286,ST001_S03,23,86,AVAILABLE,0
SEAT003287,ST001_S03,23,87,AVAILABLE,0
SEAT003288,ST001_S03,23,88,AVAILABLE,0
SEAT003289,ST001_S03,23,89,AVAILABLE,0
SEAT003290,ST001_S03,23,90,AVAILABLE,0
SEAT003291,ST001_S03,23,91,AVAILABLE,0
SEAT003292,ST001_S03,23,92,AVAILABLE,0
SEAT003293,ST001_S03,23,93,AVAILABLE,0
SEAT003294,ST001_S03,23,94,AVAILABLE,0
SEAT003295,ST001_S03,23,95,AVAILABLE,0
SEAT003296,ST001_S03,23,96,AVAILABLE,0
SEAT003297,ST001_S03,23,97,AVAILABLE,0
SEAT003298,ST001_S03,23,98,AVAILABLE,0
SEAT003299,ST001_S03,23,99,AVAILABLE,0
SEAT003300,ST001_S03,23,100,AVAILABLE,0
SEAT003301,ST001_S03,24,1,AVAILABLE,0
SEAT003302,ST001_S03,24,2,AVAILABLE,0
SEAT003303,ST001_S03,24,3,AVAILABLE,0
SEAT003304,ST001_S03,24,4,AVAILABLE,0
SEAT003305,ST001_S03,24,5,AVAILABLE,0
SEAT003306,ST001_S03,24,6,AVAILABLE,0
SEAT003307,ST001_S03,24,7,AVAILABLE,0
SEAT003308,ST001_S03,24,8,AVAILABLE,0
SEAT003309,ST001_S03,24,9,AVAILABLE,0
SEAT003310,ST001_S03,24,10,AVAILABLE,0
SEAT003311,ST001_S03,24,11,AVAILABLE,0
SEAT003312,ST001_S03,24,12,AVAILABLE,0
SEAT003313,ST001_S03,24,13,AVAILABLE,0
SEAT003314,ST001_S03,24,14,AVAILABLE,0
SEAT003315,ST001_S03,24,15,AVAILABLE,0
SEAT003316,ST001_S03,24,16,AVAILABLE,0
SEAT003317,ST001_S03,24,17,AVAILABLE,0
SEAT003318,ST001_S03,24,18,AVAILABLE,0
SEAT003319,ST001_S03,24,19,AVAILABLE,0
SEAT003320,ST001_S03,24,20,AVAILABLE,0
SEAT003321,ST001_S03,24,21,AVAILABLE,0
SEAT003322,ST001_S03,24,22,AVAILABLE,0
SEAT003323,ST001_S03,24,23,AVAILABLE,0
SEAT003324,ST001_S03,24,24,AVAILABLE,0
SEAT003325,ST001_S03,24,25,AVAILABLE,0
SEAT003326,ST001_S03,24,26,AVAILABLE,0
SEAT003327,ST001_S03,24,27,AVAILABLE,0
SEAT003328,ST001_S03,24,28,AVAILABLE,0
SEAT003329,ST001_S03,24,29,AVAILABLE,0
SEAT003330,ST001_S03,24,30,AVAILABLE,0
SEAT003331,ST001_S03,24,31,AVAILABLE,0
SEAT003332,ST001_S03,24,32,AVAILABLE,0
SEAT003333,ST001_S03,24,33,AVAILABLE,0
SEAT003334,ST001_S03,24,34,AVAILABLE,0
SEAT003335,ST001_S03,24,35,AVAILABLE,0
SEAT003336,ST001_S03,24,36,AVAILABLE,0
SEAT003337,ST001_S03,24,37,AVAILABLE,0
SEAT003338,ST001_S03,24,38,AVAILABLE,0
SEAT003339,ST001_S03,24,39,AVAILABLE,0
SEAT003340,ST001_S03,24,40,AVAILABLE,0
SEAT003341,ST001_S03,24,41,AVAILABLE,0
SEAT003342,ST001_S03,24,42,AVAILABLE,0
SEAT003343,ST001_S03,24,43,AVAILABLE,0
SEAT003344,ST001_S03,24,44,AVAILABLE,0
SEAT003345,ST001_S03,24,45,AVAILABLE,0
SEAT003346,ST001_S03,24,46,AVAILABLE,0
SEAT003347,ST001_S03,24,47,AVAILABLE,0
SEAT003348,ST001_S03,24,48,AVAILABLE,0
SEAT003349,ST001_S03,24,49,AVAILABLE,0
SEAT003350,ST001_S03,24,50,AVAILABLE,0
SEAT003351,ST001_S03,24,51,AVAILABLE,0
SEAT003352,ST001_S03,24,52,AVAILABLE,0
SEAT003353,ST001_S03,24,53,AVAILABLE,0
SEAT003354,ST001_S03,24,54,AVAILABLE,0
SEAT003355,ST001_S03,24,55,AVAILABLE,0
SEAT003356,ST001_S03,24,56,AVAILABLE,0
SEAT003357,ST001_S03,24,57,AVAILABLE,0
SEAT003358,ST001_S03,24,58,AVAILABLE,0
SEAT003359,ST001_S03,24,59,AVAILABLE,0
SEAT003360,ST001_S03,24,60,AVAILABLE,0
SEAT003361,ST001_S03,24,61,AVAILABLE,0
SEAT003362,ST001_S03,24,62,AVAILABLE,0
SEAT003363,ST001_S03,24,63,AVAILABLE,0
SEAT003364,ST001_S03,24,64,AVAILABLE,0
SEAT003365,ST001_S03,24,65,AVAILABLE,0
SEAT003366,ST001_S03,24,66,AVAILABLE,0
SEAT003367,ST001_S03,24,67,AVAILABLE,0
SEAT003368,ST001_S03,24,68,AVAILABLE,0
SEAT003369,ST001_S03,24,69,AVAILABLE,0
SEAT003370,ST001_S03,24,70,AVAILABLE,0
SEAT003371,ST001_S03,24,71,AVAILABLE,0
SEAT003372,ST001_S03,24,72,AVAILABLE,0
SEAT003373,ST001_S03,24,73,AVAILABLE,0
SEAT003374,ST001_S03,24,74,AVAILABLE,0
SEAT003375,ST001_S03,24,75,AVAILABLE,0
SEAT003376,ST001_S03,24,76,AVAILABLE,0
SEAT003377,ST001_S03,24,77,AVAILABLE,0
SEAT003378,ST001_S03,24,78,AVAILABLE,0
SEAT003379,ST001_S03,24,79,AVAILABLE,0
SEAT003380,ST001_S03,24,80,AVAILABLE,0
SEAT003381,ST001_S03,24,81,AVAILABLE,0
SEAT003382,ST001_S03,24,82,AVAILABLE,0
SEAT003383,ST001_S03,24,83,AVAILABLE,0
SEAT003384,ST001_S03,24,84,AVAILABLE,0
SEAT003385,ST001_S03,24,85,AVAILABLE,0
SEAT003386,ST001_S03,24,86,AVAILABLE,0
SEAT003387,ST001_S03,24,87,AVAILABLE,0
SEAT003388,ST001_S03,24,88,AVAILABLE,0
SEAT003389,ST001_S03,24,89,AVAILABLE,0
SEAT003390,ST001_S03,24,90,AVAILABLE,0
SEAT003391,ST001_S03,24,91,AVAILABLE,0
SEAT003392,ST001_S03,24,92,AVAILABLE,0
SEAT003393,ST001_S03,24,93,AVAILABLE,0
SEAT003394,ST001_S03,24,94,AVAILABLE,0
SEAT003395,ST001_S03,24,95,AVAILABLE,0
SEAT003396,ST001_S03,24,96,AVAILABLE,0
SEAT003397,ST001_S03,24,97,AVAILABLE,0
SEAT003398,ST001_S03,24,98,AVAILABLE,0
SEAT003399,ST001_S03,24,99,AVAILABLE,0
SEAT003400,ST001_S03,24,100,AVAILABLE,0
SEAT003401,ST001_S03,25,1,AVAILABLE,0
SEAT003402,ST001_S03,25,2,AVAILABLE,0
SEAT003403,ST001_S03,25,3,AVAILABLE,0
SEAT003404,ST001_S03,25,4,AVAILABLE,0
SEAT003405,ST001_S03,25,5,AVAILABLE,0
SEAT003406,ST001_S03,25,6,AVAILABLE,0
SEAT003407,ST001_S03,25,7,AVAILABLE,0
SEAT003408,ST001_S03,25,8,AVAILABLE,0
SEAT003409,ST001_S03,25,9,AVAILABLE,0
SEAT003410,ST001_S03,25,10,AVAILABLE,0
SEAT003411,ST001_S03,25,11,AVAILABLE,0
SEAT003412,ST001_S03,25,12,AVAILABLE,0
SEAT003413,ST001_S03,25,13,AVAILABLE,0
SEAT003414,ST001_S03,25,14,AVAILABLE,0
SEAT003415,ST001_S03,25,15,AVAILABLE,0
SEAT003416,ST001_S03,25,16,AVAILABLE,0
SEAT003417,ST001_S03,25,17,AVAILABLE,0
SEAT003418,ST001_S03,25,18,AVAILABLE,0
SEAT003419,ST001_S03,25,19,AVAILABLE,0
SEAT003420,ST001_S03,25,20,AVAILABLE,0
SEAT003421,ST001_S03,25,21,AVAILABLE,0
SEAT003422,ST001_S03,25,22,AVAILABLE,0
SEAT003423,ST001_S03,25,23,AVAILABLE,0
SEAT003424,ST001_S03,25,24,AVAILABLE,0
SEAT003425,ST001_S03,25,25,AVAILABLE,0
SEAT003426,ST001_S03,25,26,AVAILABLE,0
SEAT003427,ST001_S03,25,27,AVAILABLE,0
SEAT003428,ST001_S03,25,28,AVAILABLE,0
SEAT003429,ST001_S03,25,29,AVAILABLE,0
SEAT003430,ST001_S03,25,30,AVAILABLE,0
SEAT003431,ST001_S03,25,31,AVAILABLE,0
SEAT003432,ST001_S03,25,32,AVAILABLE,0
SEAT003433,ST001_S03,25,33,AVAILABLE,0
SEAT003434,ST001_S03,25,34,AVAILABLE,0
SEAT003435,ST001_S03,25,35,AVAILABLE,0
SEAT003436,ST001_S03,25,36,AVAILABLE,0
SEAT003437,ST001_S03,25,37,AVAILABLE,0
SEAT003438,ST001_S03,25,38,AVAILABLE,0
SEAT003439,ST001_S03,25,39,AVAILABLE,0
SEAT003440,ST001_S03,25,40,AVAILABLE,0
SEAT003441,ST001_S03,25,41,AVAILABLE,0
SEAT003442,ST001_S03,25,42,AVAILABLE,0
SEAT003443,ST001_S03,25,43,AVAILABLE,0
SEAT003444,ST001_S03,25,44,AVAILABLE,0
SEAT003445,ST001_S03,25,45,AVAILABLE,0
SEAT003446,ST001_S03,25,46,AVAILABLE,0
SEAT003447,ST001_S03,25,47,AVAILABLE,0
SEAT003448,ST001_S03,25,48,AVAILABLE,0
SEAT003449,ST001_S03,25,49,AVAILABLE,0
SEAT003450,ST001_S03,25,50,AVAILABLE,0
SEAT003451,ST001_S03,25,51,AVAILABLE,0
SEAT003452,ST001_S03,25,52,AVAILABLE,0
SEAT003453,ST001_S03,25,53,AVAILABLE,0
SEAT003454,ST001_S03,25,54,AVAILABLE,0
SEAT003455,ST001_S03,25,55,AVAILABLE,0
SEAT003456,ST001_S03,25,56,AVAILABLE,0
SEAT003457,ST001_S03,25,57,AVAILABLE,0
SEAT003458,ST001_S03,25,58,AVAILABLE,0
SEAT003459,ST001_S03,25,59,AVAILABLE,0
SEAT003460,ST001_S03,25,60,AVAILABLE,0
SEAT003461,ST001_S03,25,61,AVAILABLE,0
SEAT003462,ST001_S03,25,62,AVAILABLE,0
SEAT003463,ST001_S03,25,63,AVAILABLE,0
SEAT003464,ST001_S03,25,64,AVAILABLE,0
SEAT003465,ST001_S03,25,65,AVAILABLE,0
SEAT003466,ST001_S03,25,66,AVAILABLE,0
SEAT003467,ST001_S03,25,67,AVAILABLE,0
SEAT003468,ST001_S03,25,68,AVAILABLE,0
SEAT003469,ST001_S03,25,69,AVAILABLE,0
SEAT003470,ST001_S03,25,70,AVAILABLE,0
SEAT003471,ST001_S03,25,71,AVAILABLE,0
SEAT003472,ST001_S03,25,72,AVAILABLE,0
SEAT003473,ST001_S03,25,73,AVAILABLE,0
SEAT003474,ST001_S03,25,74,AVAILABLE,0
SEAT003475,ST001_S03,25,75,AVAILABLE,0
SEAT003476,ST001_S03,25,76,AVAILABLE,0
SEAT003477,ST001_S03,25,77,AVAILABLE,0
SEAT003478,ST001_S03,25,78,AVAILABLE,0
SEAT003479,ST001_S03,25,79,AVAILABLE,0
SEAT003480,ST001_S03,25,80,AVAILABLE,0
SEAT003481,ST001_S03,25,81,AVAILABLE,0
SEAT003482,ST001_S03,25,82,AVAILABLE,0
SEAT003483,ST001_S03,25,83,AVAILABLE,0
SEAT003484,ST001_S03,25,84,AVAILABLE,0
SEAT003485,ST001_S03,25,85,AVAILABLE,0
SEAT003486,ST001_S03,25,86,AVAILABLE,0
SEAT003487,ST001_S03,25,87,AVAILABLE,0
SEAT003488,ST001_S03,25,88,AVAILABLE,0
SEAT003489,ST001_S03,25,89,AVAILABLE,0
SEAT003490,ST001_S03,25,90,AVAILABLE,0
SEAT003491,ST001_S03,25,91,AVAILABLE,0
SEAT003492,ST001_S03,25,92,AVAILABLE,0
SEAT003493,ST001_S03,25,93,AVAILABLE,0
SEAT003494,ST001_S03,25,94,AVAILABLE,0
SEAT003495,ST001_S03,25,95,AVAILABLE,0
SEAT003496,ST001_S03,25,96,AVAILABLE,0
SEAT003497,ST001_S03,25,97,AVAILABLE,0
SEAT003498,ST001_S03,25,98,AVAILABLE,0
SEAT003499,ST001_S03,25,99,AVAILABLE,0
SEAT003500,ST001_S03,25,100,AVAILABLE,0
SEAT003501,ST001_S03,26,1,AVAILABLE,0
SEAT003502,ST001_S03,26,2,AVAILABLE,0
SEAT003503,ST001_S03,26,3,AVAILABLE,0
SEAT003504,ST001_S03,26,4,AVAILABLE,0
SEAT003505,ST001_S03,26,5,AVAILABLE,0
SEAT003506,ST001_S03,26,6,AVAILABLE,0
SEAT003507,ST001_S03,26,7,AVAILABLE,0
SEAT003508,ST001_S03,26,8,AVAILABLE,0
SEAT003509,ST001_S03,26,9,AVAILABLE,0
SEAT003510,ST001_S03,26,10,AVAILABLE,0
SEAT003511,ST001_S03,26,11,AVAILABLE,0
SEAT003512,ST001_S03,26,12,AVAILABLE,0
SEAT003513,ST001_S03,26,13,AVAILABLE,0
SEAT003514,ST001_S03,26,14,AVAILABLE,0
SEAT003515,ST001_S03,26,15,AVAILABLE,0
SEAT003516,ST001_S03,26,16,AVAILABLE,0
SEAT003517,ST001_S03,26,17,AVAILABLE,0
SEAT003518,ST001_S03,26,18,AVAILABLE,0
SEAT003519,ST001_S03,26,19,AVAILABLE,0
SEAT003520,ST001_S03,26,20,AVAILABLE,0
SEAT003521,ST001_S03,26,21,AVAILABLE,0
SEAT003522,ST001_S03,26,22,AVAILABLE,0
SEAT003523,ST001_S03,26,23,AVAILABLE,0
SEAT003524,ST001_S03,26,24,AVAILABLE,0
SEAT003525,ST001_S03,26,25,AVAILABLE,0
SEAT003526,ST001_S03,26,26,AVAILABLE,0
SEAT003527,ST001_S03,26,27,AVAILABLE,0
SEAT003528,ST001_S03,26,28,AVAILABLE,0
SEAT003529,ST001_S03,26,29,AVAILABLE,0
SEAT003530,ST001_S03,26,30,AVAILABLE,0
SEAT003531,ST001_S03,26,31,AVAILABLE,0
SEAT003532,ST001_S03,26,32,AVAILABLE,0
SEAT003533,ST001_S03,26,33,AVAILABLE,0
SEAT003534,ST001_S03,26,34,AVAILABLE,0
SEAT003535,ST001_S03,26,35,AVAILABLE,0
SEAT003536,ST001_S03,26,36,AVAILABLE,0
SEAT003537,ST001_S03,26,37,AVAILABLE,0
SEAT003538,ST001_S03,26,38,AVAILABLE,0
SEAT003539,ST001_S03,26,39,AVAILABLE,0
SEAT003540,ST001_S03,26,40,AVAILABLE,0
SEAT003541,ST001_S03,26,41,AVAILABLE,0
SEAT003542,ST001_S03,26,42,AVAILABLE,0
SEAT003543,ST001_S03,26,43,AVAILABLE,0
SEAT003544,ST001_S03,26,44,AVAILABLE,0
SEAT003545,ST001_S03,26,45,AVAILABLE,0
SEAT003546,ST001_S03,26,46,AVAILABLE,0
SEAT003547,ST001_S03,26,47,AVAILABLE,0
SEAT003548,ST001_S03,26,48,AVAILABLE,0
SEAT003549,ST001_S03,26,49,AVAILABLE,0
SEAT003550,ST001_S03,26,50,AVAILABLE,0
SEAT003551,ST001_S03,26,51,AVAILABLE,0
SEAT003552,ST001_S03,26,52,AVAILABLE,0
SEAT003553,ST001_S03,26,53,AVAILABLE,0
SEAT003554,ST001_S03,26,54,AVAILABLE,0
SEAT003555,ST001_S03,26,55,AVAILABLE,0
SEAT003556,ST001_S03,26,56,AVAILABLE,0
SEAT003557,ST001_S03,26,57,AVAILABLE,0
SEAT003558,ST001_S03,26,58,AVAILABLE,0
SEAT003559,ST001_S03,26,59,AVAILABLE,0
SEAT003560,ST001_S03,26,60,AVAILABLE,0
SEAT003561,ST001_S03,26,61,AVAILABLE,0
SEAT003562,ST001_S03,26,62,AVAILABLE,0
SEAT003563,ST001_S03,26,63,AVAILABLE,0
SEAT003564,ST001_S03,26,64,AVAILABLE,0
SEAT003565,ST001_S03,26,65,AVAILABLE,0
SEAT003566,ST001_S03,26,66,AVAILABLE,0
SEAT003567,ST001_S03,26,67,AVAILABLE,0
SEAT003568,ST001_S03,26,68,AVAILABLE,0
SEAT003569,ST001_S03,26,69,AVAILABLE,0
SEAT003570,ST001_S03,26,70,AVAILABLE,0
SEAT003571,ST001_S03,26,71,AVAILABLE,0
SEAT003572,ST001_S03,26,72,AVAILABLE,0
SEAT003573,ST001_S03,26,73,AVAILABLE,0
SEAT003574,ST001_S03,26,74,AVAILABLE,0
SEAT003575,ST001_S03,26,75,AVAILABLE,0
SEAT003576,ST001_S03,26,76,AVAILABLE,0
SEAT003577,ST001_S03,26,77,AVAILABLE,0
SEAT003578,ST001_S03,26,78,AVAILABLE,0
SEAT003579,ST001_S03,26,79,AVAILABLE,0
SEAT003580,ST001_S03,26,80,AVAILABLE,0
SEAT003581,ST001_S03,26,81,AVAILABLE,0
SEAT003582,ST001_S03,26,82,AVAILABLE,0
SEAT003583,ST001_S03,26,83,AVAILABLE,0
SEAT003584,ST001_S03,26,84,AVAILABLE,0
SEAT003585,ST001_S03,26,85,AVAILABLE,0
SEAT003586,ST001_S03,26,86,AVAILABLE,0
SEAT003587,ST001_S03,26,87,AVAILABLE,0
SEAT003588,ST001_S03,26,88,AVAILABLE,0
SEAT003589,ST001_S03,26,89,AVAILABLE,0
SEAT003590,ST001_S03,26,90,AVAILABLE,0
SEAT003591,ST001_S03,26,91,AVAILABLE,0
SEAT003592,ST001_S03,26,92,AVAILABLE,0
SEAT003593,ST001_S03,26,93,AVAILABLE,0
SEAT003594,ST001_S03,26,94,AVAILABLE,0
SEAT003595,ST001_S03,26,95,AVAILABLE,0
SEAT003596,ST001_S03,26,96,AVAILABLE,0
SEAT003597,ST001_S03,26,97,AVAILABLE,0
SEAT003598,ST001_S03,26,98,AVAILABLE,0
SEAT003599,ST001_S03,26,99,AVAILABLE,0
SEAT003600,ST001_S03,26,100,AVAILABLE,0
SEAT003601,ST001_S03,27,1,AVAILABLE,0
SEAT003602,ST001_S03,27,2,AVAILABLE,0
SEAT003603,ST001_S03,27,3,AVAILABLE,0
SEAT003604,ST001_S03,27,4,AVAILABLE,0
SEAT003605,ST001_S03,27,5,AVAILABLE,0
SEAT003606,ST001_S03,27,6,AVAILABLE,0
SEAT003607,ST001_S03,27,7,AVAILABLE,0
SEAT003608,ST001_S03,27,8,AVAILABLE,0
SEAT003609,ST001_S03,27,9,AVAILABLE,0
SEAT003610,ST001_S03,27,10,AVAILABLE,0
SEAT003611,ST001_S03,27,11,AVAILABLE,0
SEAT003612,ST001_S03,27,12,AVAILABLE,0
SEAT003613,ST001_S03,27,13,AVAILABLE,0
SEAT003614,ST001_S03,27,14,AVAILABLE,0
SEAT003615,ST001_S03,27,15,AVAILABLE,0
SEAT003616,ST001_S03,27,16,AVAILABLE,0
SEAT003617,ST001_S03,27,17,AVAILABLE,0
SEAT003618,ST001_S03,27,18,AVAILABLE,0
SEAT003619,ST001_S03,27,19,AVAILABLE,0
SEAT003620,ST001_S03,27,20,AVAILABLE,0
SEAT003621,ST001_S03,27,21,AVAILABLE,0
SEAT003622,ST001_S03,27,22,AVAILABLE,0
SEAT003623,ST001_S03,27,23,AVAILABLE,0
SEAT003624,ST001_S03,27,24,AVAILABLE,0
SEAT003625,ST001_S03,27,25,AVAILABLE,0
SEAT003626,ST001_S03,27,26,AVAILABLE,0
SEAT003627,ST001_S03,27,27,AVAILABLE,0
SEAT003628,ST001_S03,27,28,AVAILABLE,0
SEAT003629,ST001_S03,27,29,AVAILABLE,0
SEAT003630,ST001_S03,27,30,AVAILABLE,0
SEAT003631,ST001_S03,27,31,AVAILABLE,0
SEAT003632,ST001_S03,27,32,AVAILABLE,0
SEAT003633,ST001_S03,27,33,AVAILABLE,0
SEAT003634,ST001_S03,27,34,AVAILABLE,0
SEAT003635,ST001_S03,27,35,AVAILABLE,0
SEAT003636,ST001_S03,27,36,AVAILABLE,0
SEAT003637,ST001_S03,27,37,AVAILABLE,0
SEAT003638,ST001_S03,27,38,AVAILABLE,0
SEAT003639,ST001_S03,27,39,AVAILABLE,0
SEAT003640,ST001_S03,27,40,AVAILABLE,0
SEAT003641,ST001_S03,27,41,AVAILABLE,0
SEAT003642,ST001_S03,27,42,AVAILABLE,0
SEAT003643,ST001_S03,27,43,AVAILABLE,0
SEAT003644,ST001_S03,27,44,AVAILABLE,0
SEAT003645,ST001_S03,27,45,AVAILABLE,0
SEAT003646,ST001_S03,27,46,AVAILABLE,0
SEAT003647,ST001_S03,27,47,AVAILABLE,0
SEAT003648,ST001_S03,27,48,AVAILABLE,0
SEAT003649,ST001_S03,27,49,AVAILABLE,0
SEAT003650,ST001_S03,27,50,AVAILABLE,0
SEAT003651,ST001_S03,27,51,AVAILABLE,0
SEAT003652,ST001_S03,27,52,AVAILABLE,0
SEAT003653,ST001_S03,27,53,AVAILABLE,0
SEAT003654,ST001_S03,27,54,AVAILABLE,0
SEAT003655,ST001_S03,27,55,AVAILABLE,0
SEAT003656,ST001_S03,27,56,AVAILABLE,0
SEAT003657,ST001_S03,27,57,AVAILABLE,0
SEAT003658,ST001_S03,27,58,AVAILABLE,0
SEAT003659,ST001_S03,27,59,AVAILABLE,0
SEAT003660,ST001_S03,27,60,AVAILABLE,0
SEAT003661,ST001_S03,27,61,AVAILABLE,0
SEAT003662,ST001_S03,27,62,AVAILABLE,0
SEAT003663,ST001_S03,27,63,AVAILABLE,0
SEAT003664,ST001_S03,27,64,AVAILABLE,0
SEAT003665,ST001_S03,27,65,AVAILABLE,0
SEAT003666,ST001_S03,27,66,AVAILABLE,0
SEAT003667,ST001_S03,27,67,AVAILABLE,0
SEAT003668,ST001_S03,27,68,AVAILABLE,0
SEAT003669,ST001_S03,27,69,AVAILABLE,0
SEAT003670,ST001_S03,27,70,AVAILABLE,0
SEAT003671,ST001_S03,27,71,AVAILABLE,0
SEAT003672,ST001_S03,27,72,AVAILABLE,0
SEAT003673,ST001_S03,27,73,AVAILABLE,0
SEAT003674,ST001_S03,27,74,AVAILABLE,0
SEAT003675,ST001_S03,27,75,AVAILABLE,0
SEAT003676,ST001_S03,27,76,AVAILABLE,0
SEAT003677,ST001_S03,27,77,AVAILABLE,0
SEAT003678,ST001_S03,27,78,AVAILABLE,0
SEAT003679,ST001_S03,27,79,AVAILABLE,0
SEAT003680,ST001_S03,27,80,AVAILABLE,0
SEAT003681,ST001_S03,27,81,AVAILABLE,0
SEAT003682,ST001_S03,27,82,AVAILABLE,0
SEAT003683,ST001_S03,27,83,AVAILABLE,0
SEAT003684,ST001_S03,27,84,AVAILABLE,0
SEAT003685,ST001_S03,27,85,AVAILABLE,0
SEAT003686,ST001_S03,27,86,AVAILABLE,0
SEAT003687,ST001_S03,27,87,AVAILABLE,0
SEAT003688,ST001_S03,27,88,AVAILABLE,0
SEAT003689,ST001_S03,27,89,AVAILABLE,0
SEAT003690,ST001_S03,27,90,AVAILABLE,0
SEAT003691,ST001_S03,27,91,AVAILABLE,0
SEAT003692,ST001_S03,27,92,AVAILABLE,0
SEAT003693,ST001_S03,27,93,AVAILABLE,0
SEAT003694,ST001_S03,27,94,AVAILABLE,0
SEAT003695,ST001_S03,27,95,AVAILABLE,0
SEAT003696,ST001_S03,27,96,AVAILABLE,0
SEAT003697,ST001_S03,27,97,AVAILABLE,0
SEAT003698,ST001_S03,27,98,AVAILABLE,0
SEAT003699,ST001_S03,27,99,AVAILABLE,0
SEAT003700,ST001_S03,27,100,AVAILABLE,0
SEAT003701,ST001_S03,28,1,AVAILABLE,0
SEAT003702,ST001_S03,28,2,AVAILABLE,0
SEAT003703,ST001_S03,28,3,AVAILABLE,0
SEAT003704,ST001_S03,28,4,AVAILABLE,0
SEAT003705,ST001_S03,28,5,AVAILABLE,0
SEAT003706,ST001_S03,28,6,AVAILABLE,0
SEAT003707,ST001_S03,28,7,AVAILABLE,0
SEAT003708,ST001_S03,28,8,AVAILABLE,0
SEAT003709,ST001_S03,28,9,AVAILABLE,0
SEAT003710,ST001_S03,28,10,AVAILABLE,0
SEAT003711,ST001_S03,28,11,AVAILABLE,0
SEAT003712,ST001_S03,28,12,AVAILABLE,0
SEAT003713,ST001_S03,28,13,AVAILABLE,0
SEAT003714,ST001_S03,28,14,AVAILABLE,0
SEAT003715,ST001_S03,28,15,AVAILABLE,0
SEAT003716,ST001_S03,28,16,AVAILABLE,0
SEAT003717,ST001_S03,28,17,AVAILABLE,0
SEAT003718,ST001_S03,28,18,AVAILABLE,0
SEAT003719,ST001_S03,28,19,AVAILABLE,0
SEAT003720,ST001_S03,28,20,AVAILABLE,0
SEAT003721,ST001_S03,28,21,AVAILABLE,0
SEAT003722,ST001_S03,28,22,AVAILABLE,0
SEAT003723,ST001_S03,28,23,AVAILABLE,0
SEAT003724,ST001_S03,28,24,AVAILABLE,0
SEAT003725,ST001_S03,28,25,AVAILABLE,0
SEAT003726,ST001_S03,28,26,AVAILABLE,0
SEAT003727,ST001_S03,28,27,AVAILABLE,0
SEAT003728,ST001_S03,28,28,AVAILABLE,0
SEAT003729,ST001_S03,28,29,AVAILABLE,0
SEAT003730,ST001_S03,28,30,AVAILABLE,0
SEAT003731,ST001_S03,28,31,AVAILABLE,0
SEAT003732,ST001_S03,28,32,AVAILABLE,0
SEAT003733,ST001_S03,28,33,AVAILABLE,0
SEAT003734,ST001_S03,28,34,AVAILABLE,0
SEAT003735,ST001_S03,28,35,AVAILABLE,0
SEAT003736,ST001_S03,28,36,AVAILABLE,0
SEAT003737,ST001_S03,28,37,AVAILABLE,0
SEAT003738,ST001_S03,28,38,AVAILABLE,0
SEAT003739,ST001_S03,28,39,AVAILABLE,0
SEAT003740,ST001_S03,28,40,AVAILABLE,0
SEAT003741,ST001_S03,28,41,AVAILABLE,0
SEAT003742,ST001_S03,28,42,AVAILABLE,0
SEAT003743,ST001_S03,28,43,AVAILABLE,0
SEAT003744,ST001_S03,28,44,AVAILABLE,0
SEAT003745,ST001_S03,28,45,AVAILABLE,0
SEAT003746,ST001_S03,28,46,AVAILABLE,0
SEAT003747,ST001_S03,28,47,AVAILABLE,0
SEAT003748,ST001_S03,28,48,AVAILABLE,0
SEAT003749,ST001_S03,28,49,AVAILABLE,0
SEAT003750,ST001_S03,28,50,AVAILABLE,0
SEAT003751,ST001_S03,28,51,AVAILABLE,0
SEAT003752,ST001_S03,28,52,AVAILABLE,0
SEAT003753,ST001_S03,28,53,AVAILABLE,0
SEAT003754,ST001_S03,28,54,AVAILABLE,0
SEAT003755,ST001_S03,28,55,AVAILABLE,0
SEAT003756,ST001_S03,28,56,AVAILABLE,0
SEAT003757,ST001_S03,28,57,AVAILABLE,0
SEAT003758,ST001_S03,28,58,AVAILABLE,0
SEAT003759,ST001_S03,28,59,AVAILABLE,0
SEAT003760,ST001_S03,28,60,AVAILABLE,0
SEAT003761,ST001_S03,28,61,AVAILABLE,0
SEAT003762,ST001_S03,28,62,AVAILABLE,0
SEAT003763,ST001_S03,28,63,AVAILABLE,0
SEAT003764,ST001_S03,28,64,AVAILABLE,0
SEAT003765,ST001_S03,28,65,AVAILABLE,0
SEAT003766,ST001_S03,28,66,AVAILABLE,0
SEAT003767,ST001_S03,28,67,AVAILABLE,0
SEAT003768,ST001_S03,28,68,AVAILABLE,0
SEAT003769,ST001_S03,28,69,AVAILABLE,0
SEAT003770,ST001_S03,28,70,AVAILABLE,0
SEAT003771,ST001_S03,28,71,AVAILABLE,0
SEAT003772,ST001_S03,28,72,AVAILABLE,0
SEAT003773,ST001_S03,28,73,AVAILABLE,0
SEAT003774,ST001_S03,28,74,AVAILABLE,0
SEAT003775,ST001_S03,28,75,AVAILABLE,0
SEAT003776,ST001_S03,28,76,AVAILABLE,0
SEAT003777,ST001_S03,28,77,AVAILABLE,0
SEAT003778,ST001_S03,28,78,AVAILABLE,0
SEAT003779,ST001_S03,28,79,AVAILABLE,0
SEAT003780,ST001_S03,28,80,AVAILABLE,0
SEAT003781,ST001_S03,28,81,AVAILABLE,0
SEAT003782,ST001_S03,28,82,AVAILABLE,0
SEAT003783,ST001_S03,28,83,AVAILABLE,0
SEAT003784,ST001_S03,28,84,AVAILABLE,0
SEAT003785,ST001_S03,28,85,AVAILABLE,0
SEAT003786,ST001_S03,28,86,AVAILABLE,0
SEAT003787,ST001_S03,28,87,AVAILABLE,0
SEAT003788,ST001_S03,28,88,AVAILABLE,0
SEAT003789,ST001_S03,28,89,AVAILABLE,0
SEAT003790,ST001_S03,28,90,AVAILABLE,0
SEAT003791,ST001_S03,28,91,AVAILABLE,0
SEAT003792,ST001_S03,28,92,AVAILABLE,0
SEAT003793,ST001_S03,28,93,AVAILABLE,0
SEAT003794,ST001_S03,28,94,AVAILABLE,0
SEAT003795,ST001_S03,28,95,AVAILABLE,0
SEAT003796,ST001_S03,28,96,AVAILABLE,0
SEAT003797,ST001_S03,28,97,AVAILABLE,0
SEAT003798,ST001_S03,28,98,AVAILABLE,0
SEAT003799,ST001_S03,28,99,AVAILABLE,0
SEAT003800,ST001_S03,28,100,AVAILABLE,0
SEAT003801,ST001_S03,29,1,AVAILABLE,0
SEAT003802,ST001_S03,29,2,AVAILABLE,0
SEAT003803,ST001_S03,29,3,AVAILABLE,0
SEAT003804,ST001_S03,29,4,AVAILABLE,0
SEAT003805,ST001_S03,29,5,AVAILABLE,0
SEAT003806,ST001_S03,29,6,AVAILABLE,0
SEAT003807,ST001_S03,29,7,AVAILABLE,0
SEAT003808,ST001_S03,29,8,AVAILABLE,0
SEAT003809,ST001_S03,29,9,AVAILABLE,0
SEAT003810,ST001_S03,29,10,AVAILABLE,0
SEAT003811,ST001_S03,29,11,AVAILABLE,0
SEAT003812,ST001_S03,29,12,AVAILABLE,0
SEAT003813,ST001_S03,29,13,AVAILABLE,0
SEAT003814,ST001_S03,29,14,AVAILABLE,0
SEAT003815,ST001_S03,29,15,AVAILABLE,0
SEAT003816,ST001_S03,29,16,AVAILABLE,0
SEAT003817,ST001_S03,29,17,AVAILABLE,0
SEAT003818,ST001_S03,29,18,AVAILABLE,0
SEAT003819,ST001_S03,29,19,AVAILABLE,0
SEAT003820,ST001_S03,29,20,AVAILABLE,0
SEAT003821,ST001_S03,29,21,AVAILABLE,0
SEAT003822,ST001_S03,29,22,AVAILABLE,0
SEAT003823,ST001_S03,29,23,AVAILABLE,0
SEAT003824,ST001_S03,29,24,AVAILABLE,0
SEAT003825,ST001_S03,29,25,AVAILABLE,0
SEAT003826,ST001_S03,29,26,AVAILABLE,0
SEAT003827,ST001_S03,29,27,AVAILABLE,0
SEAT003828,ST001_S03,29,28,AVAILABLE,0
SEAT003829,ST001_S03,29,29,AVAILABLE,0
SEAT003830,ST001_S03,29,30,AVAILABLE,0
SEAT003831,ST001_S03,29,31,AVAILABLE,0
SEAT003832,ST001_S03,29,32,AVAILABLE,0
SEAT003833,ST001_S03,29,33,AVAILABLE,0
SEAT003834,ST001_S03,29,34,AVAILABLE,0
SEAT003835,ST001_S03,29,35,AVAILABLE,0
SEAT003836,ST001_S03,29,36,AVAILABLE,0
SEAT003837,ST001_S03,29,37,AVAILABLE,0
SEAT003838,ST001_S03,29,38,AVAILABLE,0
SEAT003839,ST001_S03,29,39,AVAILABLE,0
SEAT003840,ST001_S03,29,40,AVAILABLE,0
SEAT003841,ST001_S03,29,41,AVAILABLE,0
SEAT003842,ST001_S03,29,42,AVAILABLE,0
SEAT003843,ST001_S03,29,43,AVAILABLE,0
SEAT003844,ST001_S03,29,44,AVAILABLE,0
SEAT003845,ST001_S03,29,45,AVAILABLE,0
SEAT003846,ST001_S03,29,46,AVAILABLE,0
SEAT003847,ST001_S03,29,47,AVAILABLE,0
SEAT003848,ST001_S03,29,48,AVAILABLE,0
SEAT003849,ST001_S03,29,49,AVAILABLE,0
SEAT003850,ST001_S03,29,50,AVAILABLE,0
SEAT003851,ST001_S03,29,51,AVAILABLE,0
SEAT003852,ST001_S03,29,52,AVAILABLE,0
SEAT003853,ST001_S03,29,53,AVAILABLE,0
SEAT003854,ST001_S03,29,54,AVAILABLE,0
SEAT003855,ST001_S03,29,55,AVAILABLE,0
SEAT003856,ST001_S03,29,56,AVAILABLE,0
SEAT003857,ST001_S03,29,57,AVAILABLE,0
SEAT003858,ST001_S03,29,58,AVAILABLE,0
SEAT003859,ST001_S03,29,59,AVAILABLE,0
SEAT003860,ST001_S03,29,60,AVAILABLE,0
SEAT003861,ST001_S03,29,61,AVAILABLE,0
SEAT003862,ST001_S03,29,62,AVAILABLE,0
SEAT003863,ST001_S03,29,63,AVAILABLE,0
SEAT003864,ST001_S03,29,64,AVAILABLE,0
SEAT003865,ST001_S03,29,65,AVAILABLE,0
SEAT003866,ST001_S03,29,66,AVAILABLE,0
SEAT003867,ST001_S03,29,67,AVAILABLE,0
SEAT003868,ST001_S03,29,68,AVAILABLE,0
SEAT003869,ST001_S03,29,69,AVAILABLE,0
SEAT003870,ST001_S03,29,70,AVAILABLE,0
SEAT003871,ST001_S03,29,71,AVAILABLE,0
SEAT003872,ST001_S03,29,72,AVAILABLE,0
SEAT003873,ST001_S03,29,73,AVAILABLE,0
SEAT003874,ST001_S03,29,74,AVAILABLE,0
SEAT003875,ST001_S03,29,75,AVAILABLE,0
SEAT003876,ST001_S03,29,76,AVAILABLE,0
SEAT003877,ST001_S03,29,77,AVAILABLE,0
SEAT003878,ST001_S03,29,78,AVAILABLE,0
SEAT003879,ST001_S03,29,79,AVAILABLE,0
SEAT003880,ST001_S03,29,80,AVAILABLE,0
SEAT003881,ST001_S03,29,81,AVAILABLE,0
SEAT003882,ST001_S03,29,82,AVAILABLE,0
SEAT003883,ST001_S03,29,83,AVAILABLE,0
SEAT003884,ST001_S03,29,84,AVAILABLE,0
SEAT003885,ST001_S03,29,85,AVAILABLE,0
SEAT003886,ST001_S03,29,86,AVAILABLE,0
SEAT003887,ST001_S03,29,87,AVAILABLE,0
SEAT003888,ST001_S03,29,88,AVAILABLE,0
SEAT003889,ST001_S03,29,89,AVAILABLE,0
SEAT003890,ST001_S03,29,90,AVAILABLE,0
SEAT003891,ST001_S03,29,91,AVAILABLE,0
SEAT003892,ST001_S03,29,92,AVAILABLE,0
SEAT003893,ST001_S03,29,93,AVAILABLE,0
SEAT003894,ST001_S03,29,94,AVAILABLE,0
SEAT003895,ST001_S03,29,95,AVAILABLE,0
SEAT003896,ST001_S03,29,96,AVAILABLE,0
SEAT003897,ST001_S03,29,97,AVAILABLE,0
SEAT003898,ST001_S03,29,98,AVAILABLE,0
SEAT003899,ST001_S03,29,99,AVAILABLE,0
SEAT003900,ST001_S03,29,100,AVAILABLE,0
SEAT003901,ST001_S03,30,1,AVAILABLE,0
SEAT003902,ST001_S03,30,2,AVAILABLE,0
SEAT003903,ST001_S03,30,3,AVAILABLE,0
SEAT003904,ST001_S03,30,4,AVAILABLE,0
SEAT003905,ST001_S03,30,5,AVAILABLE,0
SEAT003906,ST001_S03,30,6,AVAILABLE,0
SEAT003907,ST001_S03,30,7,AVAILABLE,0
SEAT003908,ST001_S03,30,8,AVAILABLE,0
SEAT003909,ST001_S03,30,9,AVAILABLE,0
SEAT003910,ST001_S03,30,10,AVAILABLE,0
SEAT003911,ST001_S03,30,11,AVAILABLE,0
SEAT003912,ST001_S03,30,12,AVAILABLE,0
SEAT003913,ST001_S03,30,13,AVAILABLE,0
SEAT003914,ST001_S03,30,14,AVAILABLE,0
SEAT003915,ST001_S03,30,15,AVAILABLE,0
SEAT003916,ST001_S03,30,16,AVAILABLE,0
SEAT003917,ST001_S03,30,17,AVAILABLE,0
SEAT003918,ST001_S03,30,18,AVAILABLE,0
SEAT003919,ST001_S03,30,19,AVAILABLE,0
SEAT003920,ST001_S03,30,20,AVAILABLE,0
SEAT003921,ST001_S03,30,21,AVAILABLE,0
SEAT003922,ST001_S03,30,22,AVAILABLE,0
SEAT003923,ST001_S03,30,23,AVAILABLE,0
SEAT003924,ST001_S03,30,24,AVAILABLE,0
SEAT003925,ST001_S03,30,25,AVAILABLE,0
SEAT003926,ST001_S03,30,26,AVAILABLE,0
SEAT003927,ST001_S03,30,27,AVAILABLE,0
SEAT003928,ST001_S03,30,28,AVAILABLE,0
SEAT003929,ST001_S03,30,29,AVAILABLE,0
SEAT003930,ST001_S03,30,30,AVAILABLE,0
SEAT003931,ST001_S03,30,31,AVAILABLE,0
SEAT003932,ST001_S03,30,32,AVAILABLE,0
SEAT003933,ST001_S03,30,33,AVAILABLE,0
SEAT003934,ST001_S03,30,34,AVAILABLE,0
SEAT003935,ST001_S03,30,35,AVAILABLE,0
SEAT003936,ST001_S03,30,36,AVAILABLE,0
SEAT003937,ST001_S03,30,37,AVAILABLE,0
SEAT003938,ST001_S03,30,38,AVAILABLE,0
SEAT003939,ST001_S03,30,39,AVAILABLE,0
SEAT003940,ST001_S03,30,40,AVAILABLE,0
SEAT003941,ST001_S03,30,41,AVAILABLE,0
SEAT003942,ST001_S03,30,42,AVAILABLE,0
SEAT003943,ST001_S03,30,43,AVAILABLE,0
SEAT003944,ST001_S03,30,44,AVAILABLE,0
SEAT003945,ST001_S03,30,45,AVAILABLE,0
SEAT003946,ST001_S03,30,46,AVAILABLE,0
SEAT003947,ST001_S03,30,47,AVAILABLE,0
SEAT003948,ST001_S03,30,48,AVAILABLE,0
SEAT003949,ST001_S03,30,49,AVAILABLE,0
SEAT003950,ST001_S03,30,50,AVAILABLE,0
SEAT003951,ST001_S03,30,51,AVAILABLE,0
SEAT003952,ST001_S03,30,52,AVAILABLE,0
SEAT003953,ST001_S03,30,53,AVAILABLE,0
SEAT003954,ST001_S03,30,54,AVAILABLE,0
SEAT003955,ST001_S03,30,55,AVAILABLE,0
SEAT003956,ST001_S03,30,56,AVAILABLE,0
SEAT003957,ST001_S03,30,57,AVAILABLE,0
SEAT003958,ST001_S03,30,58,AVAILABLE,0
SEAT003959,ST001_S03,30,59,AVAILABLE,0
SEAT003960,ST001_S03,30,60,AVAILABLE,0
SEAT003961,ST001_S03,30,61,AVAILABLE,0
SEAT003962,ST001_S03,30,62,AVAILABLE,0
SEAT003963,ST001_S03,30,63,AVAILABLE,0
SEAT003964,ST001_S03,30,64,AVAILABLE,0
SEAT003965,ST001_S03,30,65,AVAILABLE,0
SEAT003966,ST001_S03,30,66,AVAILABLE,0
SEAT003967,ST001_S03,30,67,AVAILABLE,0
SEAT003968,ST001_S03,30,68,AVAILABLE,0
SEAT003969,ST001_S03,30,69,AVAILABLE,0
SEAT003970,ST001_S03,30,70,AVAILABLE,0
SEAT003971,ST001_S03,30,71,AVAILABLE,0
SEAT003972,ST001_S03,30,72,AVAILABLE,0
SEAT003973,ST001_S03,30,73,AVAILABLE,0
SEAT003974,ST001_S03,30,74,AVAILABLE,0
SEAT003975,ST001_S03,30,75,AVAILABLE,0
SEAT003976,ST001_S03,30,76,AVAILABLE,0
SEAT003977,ST001_S03,30,77,AVAILABLE,0
SEAT003978,ST001_S03,30,78,AVAILABLE,0
SEAT003979,ST001_S03,30,79,AVAILABLE,0
SEAT003980,ST001_S03,30,80,AVAILABLE,0
SEAT003981,ST001_S03,30,81,AVAILABLE,0
SEAT003982,ST001_S03,30,82,AVAILABLE,0
SEAT003983,ST001_S03,30,83,AVAILABLE,0
SEAT003984,ST001_S03,30,84,AVAILABLE,0
SEAT003985,ST001_S03,30,85,AVAILABLE,0
SEAT003986,ST001_S03,30,86,AVAILABLE,0
SEAT003987,ST001_S03,30,87,AVAILABLE,0
SEAT003988,ST001_S03,30,88,AVAILABLE,0
SEAT003989,ST001_S03,30,89,AVAILABLE,0
SEAT003990,ST001_S03,30,90,AVAILABLE,0
SEAT003991,ST001_S03,30,91,AVAILABLE,0
SEAT003992,ST001_S03,30,92,AVAILABLE,0
SEAT003993,ST001_S03,30,93,AVAILABLE,0
SEAT003994,ST001_S03,30,94,AVAILABLE,0
SEAT003995,ST001_S03,30,95,AVAILABLE,0
SEAT003996,ST001_S03,30,96,AVAILABLE,0
SEAT003997,ST001_S03,30,97,AVAILABLE,0
SEAT003998,ST001_S03,30,98,AVAILABLE,0
SEAT003999,ST001_S03,30,99,AVAILABLE,0
SEAT004000,ST001_S03,30,100,AVAILABLE,0
SEAT004001,ST001_S04,1,1,AVAILABLE,0
SEAT004002,ST001_S04,1,2,AVAILABLE,0
SEAT004003,ST001_S04,1,3,AVAILABLE,0
SEAT004004,ST001_S04,1,4,AVAILABLE,0
SEAT004005,ST001_S04,1,5,AVAILABLE,0
SEAT004006,ST001_S04,1,6,AVAILABLE,0
SEAT004007,ST001_S04,1,7,AVAILABLE,0
SEAT004008,ST001_S04,1,8,AVAILABLE,0
SEAT004009,ST001_S04,1,9,AVAILABLE,0
SEAT004010,ST001_S04,1,10,AVAILABLE,0
SEAT004011,ST001_S04,1,11,AVAILABLE,0
SEAT004012,ST001_S04,1,12,AVAILABLE,0
SEAT004013,ST001_S04,1,13,AVAILABLE,0
SEAT004014,ST001_S04,1,14,AVAILABLE,0
SEAT004015,ST001_S04,1,15,AVAILABLE,0
SEAT004016,ST001_S04,1,16,AVAILABLE,0
SEAT004017,ST001_S04,1,17,AVAILABLE,0
SEAT004018,ST001_S04,1,18,AVAILABLE,0
SEAT004019,ST001_S04,1,19,AVAILABLE,0
SEAT004020,ST001_S04,1,20,AVAILABLE,0
SEAT004021,ST001_S04,1,21,AVAILABLE,0
SEAT004022,ST001_S04,1,22,AVAILABLE,0
SEAT004023,ST001_S04,1,23,AVAILABLE,0
SEAT004024,ST001_S04,1,24,AVAILABLE,0
SEAT004025,ST001_S04,1,25,AVAILABLE,0
SEAT004026,ST001_S04,1,26,AVAILABLE,0
SEAT004027,ST001_S04,1,27,AVAILABLE,0
SEAT004028,ST001_S04,1,28,AVAILABLE,0
SEAT004029,ST001_S04,1,29,AVAILABLE,0
SEAT004030,ST001_S04,1,30,AVAILABLE,0
SEAT004031,ST001_S04,1,31,AVAILABLE,0
SEAT004032,ST001_S04,1,32,AVAILABLE,0
SEAT004033,ST001_S04,1,33,AVAILABLE,0
SEAT004034,ST001_S04,1,34,AVAILABLE,0
SEAT004035,ST001_S04,1,35,AVAILABLE,0
SEAT004036,ST001_S04,1,36,AVAILABLE,0
SEAT004037,ST001_S04,1,37,AVAILABLE,0
SEAT004038,ST001_S04,1,38,AVAILABLE,0
SEAT004039,ST001_S04,1,39,AVAILABLE,0
SEAT004040,ST001_S04,1,40,AVAILABLE,0
SEAT004041,ST001_S04,1,41,AVAILABLE,0
SEAT004042,ST001_S04,1,42,AVAILABLE,0
SEAT004043,ST001_S04,1,43,AVAILABLE,0
SEAT004044,ST001_S04,1,44,AVAILABLE,0
SEAT004045,ST001_S04,1,45,AVAILABLE,0
SEAT004046,ST001_S04,1,46,AVAILABLE,0
SEAT004047,ST001_S04,1,47,AVAILABLE,0
SEAT004048,ST001_S04,1,48,AVAILABLE,0
SEAT004049,ST001_S04,1,49,AVAILABLE,0
SEAT004050,ST001_S04,1,50,AVAILABLE,0
SEAT004051,ST001_S04,1,51,AVAILABLE,0
SEAT004052,ST001_S04,1,52,AVAILABLE,0
SEAT004053,ST001_S04,1,53,AVAILABLE,0
SEAT004054,ST001_S04,1,54,AVAILABLE,0
SEAT004055,ST001_S04,1,55,AVAILABLE,0
SEAT004056,ST001_S04,1,56,AVAILABLE,0
SEAT004057,ST001_S04,1,57,AVAILABLE,0
SEAT004058,ST001_S04,1,58,AVAILABLE,0
SEAT004059,ST001_S04,1,59,AVAILABLE,0
SEAT004060,ST001_S04,1,60,AVAILABLE,0
SEAT004061,ST001_S04,1,61,AVAILABLE,0
SEAT004062,ST001_S04,1,62,AVAILABLE,0
SEAT004063,ST001_S04,1,63,AVAILABLE,0
SEAT004064,ST001_S04,1,64,AVAILABLE,0
SEAT004065,ST001_S04,1,65,AVAILABLE,0
SEAT004066,ST001_S04,1,66,AVAILABLE,0
SEAT004067,ST001_S04,1,67,AVAILABLE,0
SEAT004068,ST001_S04,1,68,AVAILABLE,0
SEAT004069,ST001_S04,1,69,AVAILABLE,0
SEAT004070,ST001_S04,1,70,AVAILABLE,0
SEAT004071,ST001_S04,1,71,AVAILABLE,0
SEAT004072,ST001_S04,1,72,AVAILABLE,0
SEAT004073,ST001_S04,1,73,AVAILABLE,0
SEAT004074,ST001_S04,1,74,AVAILABLE,0
SEAT004075,ST001_S04,1,75,AVAILABLE,0
SEAT004076,ST001_S04,1,76,AVAILABLE,0
SEAT004077,ST001_S04,1,77,AVAILABLE,0
SEAT004078,ST001_S04,1,78,AVAILABLE,0
SEAT004079,ST001_S04,1,79,AVAILABLE,0
SEAT004080,ST001_S04,1,80,AVAILABLE,0
SEAT004081,ST001_S04,1,81,AVAILABLE,0
SEAT004082,ST001_S04,1,82,AVAILABLE,0
SEAT004083,ST001_S04,1,83,AVAILABLE,0
SEAT004084,ST001_S04,1,84,AVAILABLE,0
SEAT004085,ST001_S04,1,85,AVAILABLE,0
SEAT004086,ST001_S04,1,86,AVAILABLE,0
SEAT004087,ST001_S04,1,87,AVAILABLE,0
SEAT004088,ST001_S04,1,88,AVAILABLE,0
SEAT004089,ST001_S04,1,89,AVAILABLE,0
SEAT004090,ST001_S04,1,90,AVAILABLE,0
SEAT004091,ST001_S04,1,91,AVAILABLE,0
SEAT004092,ST001_S04,1,92,AVAILABLE,0
SEAT004093,ST001_S04,1,93,AVAILABLE,0
SEAT004094,ST001_S04,1,94,AVAILABLE,0
SEAT004095,ST001_S04,1,95,AVAILABLE,0
SEAT004096,ST001_S04,1,96,AVAILABLE,0
SEAT004097,ST001_S04,1,97,AVAILABLE,0
SEAT004098,ST001_S04,1,98,AVAILABLE,0
SEAT004099,ST001_S04,1,99,AVAILABLE,0
SEAT004100,ST001_S04,1,100,AVAILABLE,0
SEAT004101,ST001_S04,2,1,AVAILABLE,0
SEAT004102,ST001_S04,2,2,AVAILABLE,0
SEAT004103,ST001_S04,2,3,AVAILABLE,0
SEAT004104,ST001_S04,2,4,AVAILABLE,0
SEAT004105,ST001_S04,2,5,AVAILABLE,0
SEAT004106,ST001_S04,2,6,AVAILABLE,0
SEAT004107,ST001_S04,2,7,AVAILABLE,0
SEAT004108,ST001_S04,2,8,AVAILABLE,0
SEAT004109,ST001_S04,2,9,AVAILABLE,0
SEAT004110,ST001_S04,2,10,AVAILABLE,0
SEAT004111,ST001_S04,2,11,AVAILABLE,0
SEAT004112,ST001_S04,2,12,AVAILABLE,0
SEAT004113,ST001_S04,2,13,AVAILABLE,0
SEAT004114,ST001_S04,2,14,AVAILABLE,0
SEAT004115,ST001_S04,2,15,AVAILABLE,0
SEAT004116,ST001_S04,2,16,AVAILABLE,0
SEAT004117,ST001_S04,2,17,AVAILABLE,0
SEAT004118,ST001_S04,2,18,AVAILABLE,0
SEAT004119,ST001_S04,2,19,AVAILABLE,0
SEAT004120,ST001_S04,2,20,AVAILABLE,0
SEAT004121,ST001_S04,2,21,AVAILABLE,0
SEAT004122,ST001_S04,2,22,AVAILABLE,0
SEAT004123,ST001_S04,2,23,AVAILABLE,0
SEAT004124,ST001_S04,2,24,AVAILABLE,0
SEAT004125,ST001_S04,2,25,AVAILABLE,0
SEAT004126,ST001_S04,2,26,AVAILABLE,0
SEAT004127,ST001_S04,2,27,AVAILABLE,0
SEAT004128,ST001_S04,2,28,AVAILABLE,0
SEAT004129,ST001_S04,2,29,AVAILABLE,0
SEAT004130,ST001_S04,2,30,AVAILABLE,0
SEAT004131,ST001_S04,2,31,AVAILABLE,0
SEAT004132,ST001_S04,2,32,AVAILABLE,0
SEAT004133,ST001_S04,2,33,AVAILABLE,0
SEAT004134,ST001_S04,2,34,AVAILABLE,0
SEAT004135,ST001_S04,2,35,AVAILABLE,0
SEAT004136,ST001_S04,2,36,AVAILABLE,0
SEAT004137,ST001_S04,2,37,AVAILABLE,0
SEAT004138,ST001_S04,2,38,AVAILABLE,0
SEAT004139,ST001_S04,2,39,AVAILABLE,0
SEAT004140,ST001_S04,2,40,AVAILABLE,0
SEAT004141,ST001_S04,2,41,AVAILABLE,0
SEAT004142,ST001_S04,2,42,AVAILABLE,0
SEAT004143,ST001_S04,2,43,AVAILABLE,0
SEAT004144,ST001_S04,2,44,AVAILABLE,0
SEAT004145,ST001_S04,2,45,AVAILABLE,0
SEAT004146,ST001_S04,2,46,AVAILABLE,0
SEAT004147,ST001_S04,2,47,AVAILABLE,0
SEAT004148,ST001_S04,2,48,AVAILABLE,0
SEAT004149,ST001_S04,2,49,AVAILABLE,0
SEAT004150,ST001_S04,2,50,AVAILABLE,0
SEAT004151,ST001_S04,2,51,AVAILABLE,0
SEAT004152,ST001_S04,2,52,AVAILABLE,0
SEAT004153,ST001_S04,2,53,AVAILABLE,0
SEAT004154,ST001_S04,2,54,AVAILABLE,0
SEAT004155,ST001_S04,2,55,AVAILABLE,0
SEAT004156,ST001_S04,2,56,AVAILABLE,0
SEAT004157,ST001_S04,2,57,AVAILABLE,0
SEAT004158,ST001_S04,2,58,AVAILABLE,0
SEAT004159,ST001_S04,2,59,AVAILABLE,0
SEAT004160,ST001_S04,2,60,AVAILABLE,0
SEAT004161,ST001_S04,2,61,AVAILABLE,0
SEAT004162,ST001_S04,2,62,AVAILABLE,0
SEAT004163,ST001_S04,2,63,AVAILABLE,0
SEAT004164,ST001_S04,2,64,AVAILABLE,0
SEAT004165,ST001_S04,2,65,AVAILABLE,0
SEAT004166,ST001_S04,2,66,AVAILABLE,0
SEAT004167,ST001_S04,2,67,AVAILABLE,0
SEAT004168,ST001_S04,2,68,AVAILABLE,0
SEAT004169,ST001_S04,2,69,AVAILABLE,0
SEAT004170,ST001_S04,2,70,AVAILABLE,0
SEAT004171,ST001_S04,2,71,AVAILABLE,0
SEAT004172,ST001_S04,2,72,AVAILABLE,0
SEAT004173,ST001_S04,2,73,AVAILABLE,0
SEAT004174,ST001_S04,2,74,AVAILABLE,0
SEAT004175,ST001_S04,2,75,AVAILABLE,0
SEAT004176,ST001_S04,2,76,AVAILABLE,0
SEAT004177,ST001_S04,2,77,AVAILABLE,0
SEAT004178,ST001_S04,2,78,AVAILABLE,0
SEAT004179,ST001_S04,2,79,AVAILABLE,0
SEAT004180,ST001_S04,2,80,AVAILABLE,0
SEAT004181,ST001_S04,2,81,AVAILABLE,0
SEAT004182,ST001_S04,2,82,AVAILABLE,0
SEAT004183,ST001_S04,2,83,AVAILABLE,0
SEAT004184,ST001_S04,2,84,AVAILABLE,0
SEAT004185,ST001_S04,2,85,AVAILABLE,0
SEAT004186,ST001_S04,2,86,AVAILABLE,0
SEAT004187,ST001_S04,2,87,AVAILABLE,0
SEAT004188,ST001_S04,2,88,AVAILABLE,0
SEAT004189,ST001_S04,2,89,AVAILABLE,0
SEAT004190,ST001_S04,2,90,AVAILABLE,0
SEAT004191,ST001_S04,2,91,AVAILABLE,0
SEAT004192,ST001_S04,2,92,AVAILABLE,0
SEAT004193,ST001_S04,2,93,AVAILABLE,0
SEAT004194,ST001_S04,2,94,AVAILABLE,0
SEAT004195,ST001_S04,2,95,AVAILABLE,0
SEAT004196,ST001_S04,2,96,AVAILABLE,0
SEAT004197,ST001_S04,2,97,AVAILABLE,0
SEAT004198,ST001_S04,2,98,AVAILABLE,0
SEAT004199,ST001_S04,2,99,AVAILABLE,0
SEAT004200,ST001_S04,2,100,AVAILABLE,0
SEAT004201,ST001_S04,3,1,AVAILABLE,0
SEAT004202,ST001_S04,3,2,AVAILABLE,0
SEAT004203,ST001_S04,3,3,AVAILABLE,0
SEAT004204,ST001_S04,3,4,AVAILABLE,0
SEAT004205,ST001_S04,3,5,AVAILABLE,0
SEAT004206,ST001_S04,3,6,AVAILABLE,0
SEAT004207,ST001_S04,3,7,AVAILABLE,0
SEAT004208,ST001_S04,3,8,AVAILABLE,0
SEAT004209,ST001_S04,3,9,AVAILABLE,0
SEAT004210,ST001_S04,3,10,AVAILABLE,0
SEAT004211,ST001_S04,3,11,AVAILABLE,0
SEAT004212,ST001_S04,3,12,AVAILABLE,0
SEAT004213,ST001_S04,3,13,AVAILABLE,0
SEAT004214,ST001_S04,3,14,AVAILABLE,0
SEAT004215,ST001_S04,3,15,AVAILABLE,0
SEAT004216,ST001_S04,3,16,AVAILABLE,0
SEAT004217,ST001_S04,3,17,AVAILABLE,0
SEAT004218,ST001_S04,3,18,AVAILABLE,0
SEAT004219,ST001_S04,3,19,AVAILABLE,0
SEAT004220,ST001_S04,3,20,AVAILABLE,0
SEAT004221,ST001_S04,3,21,AVAILABLE,0
SEAT004222,ST001_S04,3,22,AVAILABLE,0
SEAT004223,ST001_S04,3,23,AVAILABLE,0
SEAT004224,ST001_S04,3,24,AVAILABLE,0
SEAT004225,ST001_S04,3,25,AVAILABLE,0
SEAT004226,ST001_S04,3,26,AVAILABLE,0
SEAT004227,ST001_S04,3,27,AVAILABLE,0
SEAT004228,ST001_S04,3,28,AVAILABLE,0
SEAT004229,ST001_S04,3,29,AVAILABLE,0
SEAT004230,ST001_S04,3,30,AVAILABLE,0
SEAT004231,ST001_S04,3,31,AVAILABLE,0
SEAT004232,ST001_S04,3,32,AVAILABLE,0
SEAT004233,ST001_S04,3,33,AVAILABLE,0
SEAT004234,ST001_S04,3,34,AVAILABLE,0
SEAT004235,ST001_S04,3,35,AVAILABLE,0
SEAT004236,ST001_S04,3,36,AVAILABLE,0
SEAT004237,ST001_S04,3,37,AVAILABLE,0
SEAT004238,ST001_S04,3,38,AVAILABLE,0
SEAT004239,ST001_S04,3,39,AVAILABLE,0
SEAT004240,ST001_S04,3,40,AVAILABLE,0
SEAT004241,ST001_S04,3,41,AVAILABLE,0
SEAT004242,ST001_S04,3,42,AVAILABLE,0
SEAT004243,ST001_S04,3,43,AVAILABLE,0
SEAT004244,ST001_S04,3,44,AVAILABLE,0
SEAT004245,ST001_S04,3,45,AVAILABLE,0
SEAT004246,ST001_S04,3,46,AVAILABLE,0
SEAT004247,ST001_S04,3,47,AVAILABLE,0
SEAT004248,ST001_S04,3,48,AVAILABLE,0
SEAT004249,ST001_S04,3,49,AVAILABLE,0
SEAT004250,ST001_S04,3,50,AVAILABLE,0
SEAT004251,ST001_S04,3,51,AVAILABLE,0
SEAT004252,ST001_S04,3,52,AVAILABLE,0
SEAT004253,ST001_S04,3,53,AVAILABLE,0
SEAT004254,ST001_S04,3,54,AVAILABLE,0
SEAT004255,ST001_S04,3,55,AVAILABLE,0
SEAT004256,ST001_S04,3,56,AVAILABLE,0
SEAT004257,ST001_S04,3,57,AVAILABLE,0
SEAT004258,ST001_S04,3,58,AVAILABLE,0
SEAT004259,ST001_S04,3,59,AVAILABLE,0
SEAT004260,ST001_S04,3,60,AVAILABLE,0
SEAT004261,ST001_S04,3,61,AVAILABLE,0
SEAT004262,ST001_S04,3,62,AVAILABLE,0
SEAT004263,ST001_S04,3,63,AVAILABLE,0
SEAT004264,ST001_S04,3,64,AVAILABLE,0
SEAT004265,ST001_S04,3,65,AVAILABLE,0
SEAT004266,ST001_S04,3,66,AVAILABLE,0
SEAT004267,ST001_S04,3,67,AVAILABLE,0
SEAT004268,ST001_S04,3,68,AVAILABLE,0
SEAT004269,ST001_S04,3,69,AVAILABLE,0
SEAT004270,ST001_S04,3,70,AVAILABLE,0
SEAT004271,ST001_S04,3,71,AVAILABLE,0
SEAT004272,ST001_S04,3,72,AVAILABLE,0
SEAT004273,ST001_S04,3,73,AVAILABLE,0
SEAT004274,ST001_S04,3,74,AVAILABLE,0
SEAT004275,ST001_S04,3,75,AVAILABLE,0
SEAT004276,ST001_S04,3,76,AVAILABLE,0
SEAT004277,ST001_S04,3,77,AVAILABLE,0
SEAT004278,ST001_S04,3,78,AVAILABLE,0
SEAT004279,ST001_S04,3,79,AVAILABLE,0
SEAT004280,ST001_S04,3,80,AVAILABLE,0
SEAT004281,ST001_S04,3,81,AVAILABLE,0
SEAT004282,ST001_S04,3,82,AVAILABLE,0
SEAT004283,ST001_S04,3,83,AVAILABLE,0
SEAT004284,ST001_S04,3,84,AVAILABLE,0
SEAT004285,ST001_S04,3,85,AVAILABLE,0
SEAT004286,ST001_S04,3,86,AVAILABLE,0
SEAT004287,ST001_S04,3,87,AVAILABLE,0
SEAT004288,ST001_S04,3,88,AVAILABLE,0
SEAT004289,ST001_S04,3,89,AVAILABLE,0
SEAT004290,ST001_S04,3,90,AVAILABLE,0
SEAT004291,ST001_S04,3,91,AVAILABLE,0
SEAT004292,ST001_S04,3,92,AVAILABLE,0
SEAT004293,ST001_S04,3,93,AVAILABLE,0
SEAT004294,ST001_S04,3,94,AVAILABLE,0
SEAT004295,ST001_S04,3,95,AVAILABLE,0
SEAT004296,ST001_S04,3,96,AVAILABLE,0
SEAT004297,ST001_S04,3,97,AVAILABLE,0
SEAT004298,ST001_S04,3,98,AVAILABLE,0
SEAT004299,ST001_S04,3,99,AVAILABLE,0
SEAT004300,ST001_S04,3,100,AVAILABLE,0
SEAT004301,ST001_S04,4,1,AVAILABLE,0
SEAT004302,ST001_S04,4,2,AVAILABLE,0
SEAT004303,ST001_S04,4,3,AVAILABLE,0
SEAT004304,ST001_S04,4,4,AVAILABLE,0
SEAT004305,ST001_S04,4,5,AVAILABLE,0
SEAT004306,ST001_S04,4,6,AVAILABLE,0
SEAT004307,ST001_S04,4,7,AVAILABLE,0
SEAT004308,ST001_S04,4,8,AVAILABLE,0
SEAT004309,ST001_S04,4,9,AVAILABLE,0
SEAT004310,ST001_S04,4,10,AVAILABLE,0
SEAT004311,ST001_S04,4,11,AVAILABLE,0
SEAT004312,ST001_S04,4,12,AVAILABLE,0
SEAT004313,ST001_S04,4,13,AVAILABLE,0
SEAT004314,ST001_S04,4,14,AVAILABLE,0
SEAT004315,ST001_S04,4,15,AVAILABLE,0
SEAT004316,ST001_S04,4,16,AVAILABLE,0
SEAT004317,ST001_S04,4,17,AVAILABLE,0
SEAT004318,ST001_S04,4,18,AVAILABLE,0
SEAT004319,ST001_S04,4,19,AVAILABLE,0
SEAT004320,ST001_S04,4,20,AVAILABLE,0
SEAT004321,ST001_S04,4,21,AVAILABLE,0
SEAT004322,ST001_S04,4,22,AVAILABLE,0
SEAT004323,ST001_S04,4,23,AVAILABLE,0
SEAT004324,ST001_S04,4,24,AVAILABLE,0
SEAT004325,ST001_S04,4,25,AVAILABLE,0
SEAT004326,ST001_S04,4,26,AVAILABLE,0
SEAT004327,ST001_S04,4,27,AVAILABLE,0
SEAT004328,ST001_S04,4,28,AVAILABLE,0
SEAT004329,ST001_S04,4,29,AVAILABLE,0
SEAT004330,ST001_S04,4,30,AVAILABLE,0
SEAT004331,ST001_S04,4,31,AVAILABLE,0
SEAT004332,ST001_S04,4,32,AVAILABLE,0
SEAT004333,ST001_S04,4,33,AVAILABLE,0
SEAT004334,ST001_S04,4,34,AVAILABLE,0
SEAT004335,ST001_S04,4,35,AVAILABLE,0
SEAT004336,ST001_S04,4,36,AVAILABLE,0
SEAT004337,ST001_S04,4,37,AVAILABLE,0
SEAT004338,ST001_S04,4,38,AVAILABLE,0
SEAT004339,ST001_S04,4,39,AVAILABLE,0
SEAT004340,ST001_S04,4,40,AVAILABLE,0
SEAT004341,ST001_S04,4,41,AVAILABLE,0
SEAT004342,ST001_S04,4,42,AVAILABLE,0
SEAT004343,ST001_S04,4,43,AVAILABLE,0
SEAT004344,ST001_S04,4,44,AVAILABLE,0
SEAT004345,ST001_S04,4,45,AVAILABLE,0
SEAT004346,ST001_S04,4,46,AVAILABLE,0
SEAT004347,ST001_S04,4,47,AVAILABLE,0
SEAT004348,ST001_S04,4,48,AVAILABLE,0
SEAT004349,ST001_S04,4,49,AVAILABLE,0
SEAT004350,ST001_S04,4,50,AVAILABLE,0
SEAT004351,ST001_S04,4,51,AVAILABLE,0
SEAT004352,ST001_S04,4,52,AVAILABLE,0
SEAT004353,ST001_S04,4,53,AVAILABLE,0
SEAT004354,ST001_S04,4,54,AVAILABLE,0
SEAT004355,ST001_S04,4,55,AVAILABLE,0
SEAT004356,ST001_S04,4,56,AVAILABLE,0
SEAT004357,ST001_S04,4,57,AVAILABLE,0
SEAT004358,ST001_S04,4,58,AVAILABLE,0
SEAT004359,ST001_S04,4,59,AVAILABLE,0
SEAT004360,ST001_S04,4,60,AVAILABLE,0
SEAT004361,ST001_S04,4,61,AVAILABLE,0
SEAT004362,ST001_S04,4,62,AVAILABLE,0
SEAT004363,ST001_S04,4,63,AVAILABLE,0
SEAT004364,ST001_S04,4,64,AVAILABLE,0
SEAT004365,ST001_S04,4,65,AVAILABLE,0
SEAT004366,ST001_S04,4,66,AVAILABLE,0
SEAT004367,ST001_S04,4,67,AVAILABLE,0
SEAT004368,ST001_S04,4,68,AVAILABLE,0
SEAT004369,ST001_S04,4,69,AVAILABLE,0
SEAT004370,ST001_S04,4,70,AVAILABLE,0
SEAT004371,ST001_S04,4,71,AVAILABLE,0
SEAT004372,ST001_S04,4,72,AVAILABLE,0
SEAT004373,ST001_S04,4,73,AVAILABLE,0
SEAT004374,ST001_S04,4,74,AVAILABLE,0
SEAT004375,ST001_S04,4,75,AVAILABLE,0
SEAT004376,ST001_S04,4,76,AVAILABLE,0
SEAT004377,ST001_S04,4,77,AVAILABLE,0
SEAT004378,ST001_S04,4,78,AVAILABLE,0
SEAT004379,ST001_S04,4,79,AVAILABLE,0
SEAT004380,ST001_S04,4,80,AVAILABLE,0
SEAT004381,ST001_S04,4,81,AVAILABLE,0
SEAT004382,ST001_S04,4,82,AVAILABLE,0
SEAT004383,ST001_S04,4,83,AVAILABLE,0
SEAT004384,ST001_S04,4,84,AVAILABLE,0
SEAT004385,ST001_S04,4,85,AVAILABLE,0
SEAT004386,ST001_S04,4,86,AVAILABLE,0
SEAT004387,ST001_S04,4,87,AVAILABLE,0
SEAT004388,ST001_S04,4,88,AVAILABLE,0
SEAT004389,ST001_S04,4,89,AVAILABLE,0
SEAT004390,ST001_S04,4,90,AVAILABLE,0
SEAT004391,ST001_S04,4,91,AVAILABLE,0
SEAT004392,ST001_S04,4,92,AVAILABLE,0
SEAT004393,ST001_S04,4,93,AVAILABLE,0
SEAT004394,ST001_S04,4,94,AVAILABLE,0
SEAT004395,ST001_S04,4,95,AVAILABLE,0
SEAT004396,ST001_S04,4,96,AVAILABLE,0
SEAT004397,ST001_S04,4,97,AVAILABLE,0
SEAT004398,ST001_S04,4,98,AVAILABLE,0
SEAT004399,ST001_S04,4,99,AVAILABLE,0
SEAT004400,ST001_S04,4,100,AVAILABLE,0
SEAT004401,ST001_S04,5,1,AVAILABLE,0
SEAT004402,ST001_S04,5,2,AVAILABLE,0
SEAT004403,ST001_S04,5,3,AVAILABLE,0
SEAT004404,ST001_S04,5,4,AVAILABLE,0
SEAT004405,ST001_S04,5,5,AVAILABLE,0
SEAT004406,ST001_S04,5,6,AVAILABLE,0
SEAT004407,ST001_S04,5,7,AVAILABLE,0
SEAT004408,ST001_S04,5,8,AVAILABLE,0
SEAT004409,ST001_S04,5,9,AVAILABLE,0
SEAT004410,ST001_S04,5,10,AVAILABLE,0
SEAT004411,ST001_S04,5,11,AVAILABLE,0
SEAT004412,ST001_S04,5,12,AVAILABLE,0
SEAT004413,ST001_S04,5,13,AVAILABLE,0
SEAT004414,ST001_S04,5,14,AVAILABLE,0
SEAT004415,ST001_S04,5,15,AVAILABLE,0
SEAT004416,ST001_S04,5,16,AVAILABLE,0
SEAT004417,ST001_S04,5,17,AVAILABLE,0
SEAT004418,ST001_S04,5,18,AVAILABLE,0
SEAT004419,ST001_S04,5,19,AVAILABLE,0
SEAT004420,ST001_S04,5,20,AVAILABLE,0
SEAT004421,ST001_S04,5,21,AVAILABLE,0
SEAT004422,ST001_S04,5,22,AVAILABLE,0
SEAT004423,ST001_S04,5,23,AVAILABLE,0
SEAT004424,ST001_S04,5,24,AVAILABLE,0
SEAT004425,ST001_S04,5,25,AVAILABLE,0
SEAT004426,ST001_S04,5,26,AVAILABLE,0
SEAT004427,ST001_S04,5,27,AVAILABLE,0
SEAT004428,ST001_S04,5,28,AVAILABLE,0
SEAT004429,ST001_S04,5,29,AVAILABLE,0
SEAT004430,ST001_S04,5,30,AVAILABLE,0
SEAT004431,ST001_S04,5,31,AVAILABLE,0
SEAT004432,ST001_S04,5,32,AVAILABLE,0
SEAT004433,ST001_S04,5,33,AVAILABLE,0
SEAT004434,ST001_S04,5,34,AVAILABLE,0
SEAT004435,ST001_S04,5,35,AVAILABLE,0
SEAT004436,ST001_S04,5,36,AVAILABLE,0
SEAT004437,ST001_S04,5,37,AVAILABLE,0
SEAT004438,ST001_S04,5,38,AVAILABLE,0
SEAT004439,ST001_S04,5,39,AVAILABLE,0
SEAT004440,ST001_S04,5,40,AVAILABLE,0
SEAT004441,ST001_S04,5,41,AVAILABLE,0
SEAT004442,ST001_S04,5,42,AVAILABLE,0
SEAT004443,ST001_S04,5,43,AVAILABLE,0
SEAT004444,ST001_S04,5,44,AVAILABLE,0
SEAT004445,ST001_S04,5,45,AVAILABLE,0
SEAT004446,ST001_S04,5,46,AVAILABLE,0
SEAT004447,ST001_S04,5,47,AVAILABLE,0
SEAT004448,ST001_S04,5,48,AVAILABLE,0
SEAT004449,ST001_S04,5,49,AVAILABLE,0
SEAT004450,ST001_S04,5,50,AVAILABLE,0
SEAT004451,ST001_S04,5,51,AVAILABLE,0
SEAT004452,ST001_S04,5,52,AVAILABLE,0
SEAT004453,ST001_S04,5,53,AVAILABLE,0
SEAT004454,ST001_S04,5,54,AVAILABLE,0
SEAT004455,ST001_S04,5,55,AVAILABLE,0
SEAT004456,ST001_S04,5,56,AVAILABLE,0
SEAT004457,ST001_S04,5,57,AVAILABLE,0
SEAT004458,ST001_S04,5,58,AVAILABLE,0
SEAT004459,ST001_S04,5,59,AVAILABLE,0
SEAT004460,ST001_S04,5,60,AVAILABLE,0
SEAT004461,ST001_S04,5,61,AVAILABLE,0
SEAT004462,ST001_S04,5,62,AVAILABLE,0
SEAT004463,ST001_S04,5,63,AVAILABLE,0
SEAT004464,ST001_S04,5,64,AVAILABLE,0
SEAT004465,ST001_S04,5,65,AVAILABLE,0
SEAT004466,ST001_S04,5,66,AVAILABLE,0
SEAT004467,ST001_S04,5,67,AVAILABLE,0
SEAT004468,ST001_S04,5,68,AVAILABLE,0
SEAT004469,ST001_S04,5,69,AVAILABLE,0
SEAT004470,ST001_S04,5,70,AVAILABLE,0
SEAT004471,ST001_S04,5,71,AVAILABLE,0
SEAT004472,ST001_S04,5,72,AVAILABLE,0
SEAT004473,ST001_S04,5,73,AVAILABLE,0
SEAT004474,ST001_S04,5,74,AVAILABLE,0
SEAT004475,ST001_S04,5,75,AVAILABLE,0
SEAT004476,ST001_S04,5,76,AVAILABLE,0
SEAT004477,ST001_S04,5,77,AVAILABLE,0
SEAT004478,ST001_S04,5,78,AVAILABLE,0
SEAT004479,ST001_S04,5,79,AVAILABLE,0
SEAT004480,ST001_S04,5,80,AVAILABLE,0
SEAT004481,ST001_S04,5,81,AVAILABLE,0
SEAT004482,ST001_S04,5,82,AVAILABLE,0
SEAT004483,ST001_S04,5,83,AVAILABLE,0
SEAT004484,ST001_S04,5,84,AVAILABLE,0
SEAT004485,ST001_S04,5,85,AVAILABLE,0
SEAT004486,ST001_S04,5,86,AVAILABLE,0
SEAT004487,ST001_S04,5,87,AVAILABLE,0
SEAT004488,ST001_S04,5,88,AVAILABLE,0
SEAT004489,ST001_S04,5,89,AVAILABLE,0
SEAT004490,ST001_S04,5,90,AVAILABLE,0
SEAT004491,ST001_S04,5,91,AVAILABLE,0
SEAT004492,ST001_S04,5,92,AVAILABLE,0
SEAT004493,ST001_S04,5,93,AVAILABLE,0
SEAT004494,ST001_S04,5,94,AVAILABLE,0
SEAT004495,ST001_S04,5,95,AVAILABLE,0
SEAT004496,ST001_S04,5,96,AVAILABLE,0
SEAT004497,ST001_S04,5,97,AVAILABLE,0
SEAT004498,ST001_S04,5,98,AVAILABLE,0
SEAT004499,ST001_S04,5,99,AVAILABLE,0
SEAT004500,ST001_S04,5,100,AVAILABLE,0
SEAT004501,ST001_S04,6,1,AVAILABLE,0
SEAT004502,ST001_S04,6,2,AVAILABLE,0
SEAT004503,ST001_S04,6,3,AVAILABLE,0
SEAT004504,ST001_S04,6,4,AVAILABLE,0
SEAT004505,ST001_S04,6,5,AVAILABLE,0
SEAT004506,ST001_S04,6,6,AVAILABLE,0
SEAT004507,ST001_S04,6,7,AVAILABLE,0
SEAT004508,ST001_S04,6,8,AVAILABLE,0
SEAT004509,ST001_S04,6,9,AVAILABLE,0
SEAT004510,ST001_S04,6,10,AVAILABLE,0
SEAT004511,ST001_S04,6,11,AVAILABLE,0
SEAT004512,ST001_S04,6,12,AVAILABLE,0
SEAT004513,ST001_S04,6,13,AVAILABLE,0
SEAT004514,ST001_S04,6,14,AVAILABLE,0
SEAT004515,ST001_S04,6,15,AVAILABLE,0
SEAT004516,ST001_S04,6,16,AVAILABLE,0
SEAT004517,ST001_S04,6,17,AVAILABLE,0
SEAT004518,ST001_S04,6,18,AVAILABLE,0
SEAT004519,ST001_S04,6,19,AVAILABLE,0
SEAT004520,ST001_S04,6,20,AVAILABLE,0
SEAT004521,ST001_S04,6,21,AVAILABLE,0
SEAT004522,ST001_S04,6,22,AVAILABLE,0
SEAT004523,ST001_S04,6,23,AVAILABLE,0
SEAT004524,ST001_S04,6,24,AVAILABLE,0
SEAT004525,ST001_S04,6,25,AVAILABLE,0
SEAT004526,ST001_S04,6,26,AVAILABLE,0
SEAT004527,ST001_S04,6,27,AVAILABLE,0
SEAT004528,ST001_S04,6,28,AVAILABLE,0
SEAT004529,ST001_S04,6,29,AVAILABLE,0
SEAT004530,ST001_S04,6,30,AVAILABLE,0
SEAT004531,ST001_S04,6,31,AVAILABLE,0
SEAT004532,ST001_S04,6,32,AVAILABLE,0
SEAT004533,ST001_S04,6,33,AVAILABLE,0
SEAT004534,ST001_S04,6,34,AVAILABLE,0
SEAT004535,ST001_S04,6,35,AVAILABLE,0
SEAT004536,ST001_S04,6,36,AVAILABLE,0
SEAT004537,ST001_S04,6,37,AVAILABLE,0
SEAT004538,ST001_S04,6,38,AVAILABLE,0
SEAT004539,ST001_S04,6,39,AVAILABLE,0
SEAT004540,ST001_S04,6,40,AVAILABLE,0
SEAT004541,ST001_S04,6,41,AVAILABLE,0
SEAT004542,ST001_S04,6,42,AVAILABLE,0
SEAT004543,ST001_S04,6,43,AVAILABLE,0
SEAT004544,ST001_S04,6,44,AVAILABLE,0
SEAT004545,ST001_S04,6,45,AVAILABLE,0
SEAT004546,ST001_S04,6,46,AVAILABLE,0
SEAT004547,ST001_S04,6,47,AVAILABLE,0
SEAT004548,ST001_S04,6,48,AVAILABLE,0
SEAT004549,ST001_S04,6,49,AVAILABLE,0
SEAT004550,ST001_S04,6,50,AVAILABLE,0
SEAT004551,ST001_S04,6,51,AVAILABLE,0
SEAT004552,ST001_S04,6,52,AVAILABLE,0
SEAT004553,ST001_S04,6,53,AVAILABLE,0
SEAT004554,ST001_S04,6,54,AVAILABLE,0
SEAT004555,ST001_S04,6,55,AVAILABLE,0
SEAT004556,ST001_S04,6,56,AVAILABLE,0
SEAT004557,ST001_S04,6,57,AVAILABLE,0
SEAT004558,ST001_S04,6,58,AVAILABLE,0
SEAT004559,ST001_S04,6,59,AVAILABLE,0
SEAT004560,ST001_S04,6,60,AVAILABLE,0
SEAT004561,ST001_S04,6,61,AVAILABLE,0
SEAT004562,ST001_S04,6,62,AVAILABLE,0
SEAT004563,ST001_S04,6,63,AVAILABLE,0
SEAT004564,ST001_S04,6,64,AVAILABLE,0
SEAT004565,ST001_S04,6,65,AVAILABLE,0
SEAT004566,ST001_S04,6,66,AVAILABLE,0
SEAT004567,ST001_S04,6,67,AVAILABLE,0
SEAT004568,ST001_S04,6,68,AVAILABLE,0
SEAT004569,ST001_S04,6,69,AVAILABLE,0
SEAT004570,ST001_S04,6,70,AVAILABLE,0
SEAT004571,ST001_S04,6,71,AVAILABLE,0
SEAT004572,ST001_S04,6,72,AVAILABLE,0
SEAT004573,ST001_S04,6,73,AVAILABLE,0
SEAT004574,ST001_S04,6,74,AVAILABLE,0
SEAT004575,ST001_S04,6,75,AVAILABLE,0
SEAT004576,ST001_S04,6,76,AVAILABLE,0
SEAT004577,ST001_S04,6,77,AVAILABLE,0
SEAT004578,ST001_S04,6,78,AVAILABLE,0
SEAT004579,ST001_S04,6,79,AVAILABLE,0
SEAT004580,ST001_S04,6,80,AVAILABLE,0
SEAT004581,ST001_S04,6,81,AVAILABLE,0
SEAT004582,ST001_S04,6,82,AVAILABLE,0
SEAT004583,ST001_S04,6,83,AVAILABLE,0
SEAT004584,ST001_S04,6,84,AVAILABLE,0
SEAT004585,ST001_S04,6,85,AVAILABLE,0
SEAT004586,ST001_S04,6,86,AVAILABLE,0
SEAT004587,ST001_S04,6,87,AVAILABLE,0
SEAT004588,ST001_S04,6,88,AVAILABLE,0
SEAT004589,ST001_S04,6,89,AVAILABLE,0
SEAT004590,ST001_S04,6,90,AVAILABLE,0
SEAT004591,ST001_S04,6,91,AVAILABLE,0
SEAT004592,ST001_S04,6,92,AVAILABLE,0
SEAT004593,ST001_S04,6,93,AVAILABLE,0
SEAT004594,ST001_S04,6,94,AVAILABLE,0
SEAT004595,ST001_S04,6,95,AVAILABLE,0
SEAT004596,ST001_S04,6,96,AVAILABLE,0
SEAT004597,ST001_S04,6,97,AVAILABLE,0
SEAT004598,ST001_S04,6,98,AVAILABLE,0
SEAT004599,ST001_S04,6,99,AVAILABLE,0
SEAT004600,ST001_S04,6,100,AVAILABLE,0
SEAT004601,ST001_S04,7,1,AVAILABLE,0
SEAT004602,ST001_S04,7,2,AVAILABLE,0
SEAT004603,ST001_S04,7,3,AVAILABLE,0
SEAT004604,ST001_S04,7,4,AVAILABLE,0
SEAT004605,ST001_S04,7,5,AVAILABLE,0
SEAT004606,ST001_S04,7,6,AVAILABLE,0
SEAT004607,ST001_S04,7,7,AVAILABLE,0
SEAT004608,ST001_S04,7,8,AVAILABLE,0
SEAT004609,ST001_S04,7,9,AVAILABLE,0
SEAT004610,ST001_S04,7,10,AVAILABLE,0
SEAT004611,ST001_S04,7,11,AVAILABLE,0
SEAT004612,ST001_S04,7,12,AVAILABLE,0
SEAT004613,ST001_S04,7,13,AVAILABLE,0
SEAT004614,ST001_S04,7,14,AVAILABLE,0
SEAT004615,ST001_S04,7,15,AVAILABLE,0
SEAT004616,ST001_S04,7,16,AVAILABLE,0
SEAT004617,ST001_S04,7,17,AVAILABLE,0
SEAT004618,ST001_S04,7,18,AVAILABLE,0
SEAT004619,ST001_S04,7,19,AVAILABLE,0
SEAT004620,ST001_S04,7,20,AVAILABLE,0
SEAT004621,ST001_S04,7,21,AVAILABLE,0
SEAT004622,ST001_S04,7,22,AVAILABLE,0
SEAT004623,ST001_S04,7,23,AVAILABLE,0
SEAT004624,ST001_S04,7,24,AVAILABLE,0
SEAT004625,ST001_S04,7,25,AVAILABLE,0
SEAT004626,ST001_S04,7,26,AVAILABLE,0
SEAT004627,ST001_S04,7,27,AVAILABLE,0
SEAT004628,ST001_S04,7,28,AVAILABLE,0
SEAT004629,ST001_S04,7,29,AVAILABLE,0
SEAT004630,ST001_S04,7,30,AVAILABLE,0
SEAT004631,ST001_S04,7,31,AVAILABLE,0
SEAT004632,ST001_S04,7,32,AVAILABLE,0
SEAT004633,ST001_S04,7,33,AVAILABLE,0
SEAT004634,ST001_S04,7,34,AVAILABLE,0
SEAT004635,ST001_S04,7,35,AVAILABLE,0
SEAT004636,ST001_S04,7,36,AVAILABLE,0
SEAT004637,ST001_S04,7,37,AVAILABLE,0
SEAT004638,ST001_S04,7,38,AVAILABLE,0
SEAT004639,ST001_S04,7,39,AVAILABLE,0
SEAT004640,ST001_S04,7,40,AVAILABLE,0
SEAT004641,ST001_S04,7,41,AVAILABLE,0
SEAT004642,ST001_S04,7,42,AVAILABLE,0
SEAT004643,ST001_S04,7,43,AVAILABLE,0
SEAT004644,ST001_S04,7,44,AVAILABLE,0
SEAT004645,ST001_S04,7,45,AVAILABLE,0
SEAT004646,ST001_S04,7,46,AVAILABLE,0
SEAT004647,ST001_S04,7,47,AVAILABLE,0
SEAT004648,ST001_S04,7,48,AVAILABLE,0
SEAT004649,ST001_S04,7,49,AVAILABLE,0
SEAT004650,ST001_S04,7,50,AVAILABLE,0
SEAT004651,ST001_S04,7,51,AVAILABLE,0
SEAT004652,ST001_S04,7,52,AVAILABLE,0
SEAT004653,ST001_S04,7,53,AVAILABLE,0
SEAT004654,ST001_S04,7,54,AVAILABLE,0
SEAT004655,ST001_S04,7,55,AVAILABLE,0
SEAT004656,ST001_S04,7,56,AVAILABLE,0
SEAT004657,ST001_S04,7,57,AVAILABLE,0
SEAT004658,ST001_S04,7,58,AVAILABLE,0
SEAT004659,ST001_S04,7,59,AVAILABLE,0
SEAT004660,ST001_S04,7,60,AVAILABLE,0
SEAT004661,ST001_S04,7,61,AVAILABLE,0
SEAT004662,ST001_S04,7,62,AVAILABLE,0
SEAT004663,ST001_S04,7,63,AVAILABLE,0
SEAT004664,ST001_S04,7,64,AVAILABLE,0
SEAT004665,ST001_S04,7,65,AVAILABLE,0
SEAT004666,ST001_S04,7,66,AVAILABLE,0
SEAT004667,ST001_S04,7,67,AVAILABLE,0
SEAT004668,ST001_S04,7,68,AVAILABLE,0
SEAT004669,ST001_S04,7,69,AVAILABLE,0
SEAT004670,ST001_S04,7,70,AVAILABLE,0
SEAT004671,ST001_S04,7,71,AVAILABLE,0
SEAT004672,ST001_S04,7,72,AVAILABLE,0
SEAT004673,ST001_S04,7,73,AVAILABLE,0
SEAT004674,ST001_S04,7,74,AVAILABLE,0
SEAT004675,ST001_S04,7,75,AVAILABLE,0
SEAT004676,ST001_S04,7,76,AVAILABLE,0
SEAT004677,ST001_S04,7,77,AVAILABLE,0
SEAT004678,ST001_S04,7,78,AVAILABLE,0
SEAT004679,ST001_S04,7,79,AVAILABLE,0
SEAT004680,ST001_S04,7,80,AVAILABLE,0
SEAT004681,ST001_S04,7,81,AVAILABLE,0
SEAT004682,ST001_S04,7,82,AVAILABLE,0
SEAT004683,ST001_S04,7,83,AVAILABLE,0
SEAT004684,ST001_S04,7,84,AVAILABLE,0
SEAT004685,ST001_S04,7,85,AVAILABLE,0
SEAT004686,ST001_S04,7,86,AVAILABLE,0
SEAT004687,ST001_S04,7,87,AVAILABLE,0
SEAT004688,ST001_S04,7,88,AVAILABLE,0
SEAT004689,ST001_S04,7,89,AVAILABLE,0
SEAT004690,ST001_S04,7,90,AVAILABLE,0
SEAT004691,ST001_S04,7,91,AVAILABLE,0
SEAT004692,ST001_S04,7,92,AVAILABLE,0
SEAT004693,ST001_S04,7,93,AVAILABLE,0
SEAT004694,ST001_S04,7,94,AVAILABLE,0
SEAT004695,ST001_S04,7,95,AVAILABLE,0
SEAT004696,ST001_S04,7,96,AVAILABLE,0
SEAT004697,ST001_S04,7,97,AVAILABLE,0
SEAT004698,ST001_S04,7,98,AVAILABLE,0
SEAT004699,ST001_S04,7,99,AVAILABLE,0
SEAT004700,ST001_S04,7,100,AVAILABLE,0
SEAT004701,ST001_S04,8,1,AVAILABLE,0
SEAT004702,ST001_S04,8,2,AVAILABLE,0
SEAT004703,ST001_S04,8,3,AVAILABLE,0
SEAT004704,ST001_S04,8,4,AVAILABLE,0
SEAT004705,ST001_S04,8,5,AVAILABLE,0
SEAT004706,ST001_S04,8,6,AVAILABLE,0
SEAT004707,ST001_S04,8,7,AVAILABLE,0
SEAT004708,ST001_S04,8,8,AVAILABLE,0
SEAT004709,ST001_S04,8,9,AVAILABLE,0
SEAT004710,ST001_S04,8,10,AVAILABLE,0
SEAT004711,ST001_S04,8,11,AVAILABLE,0
SEAT004712,ST001_S04,8,12,AVAILABLE,0
SEAT004713,ST001_S04,8,13,AVAILABLE,0
SEAT004714,ST001_S04,8,14,AVAILABLE,0
SEAT004715,ST001_S04,8,15,AVAILABLE,0
SEAT004716,ST001_S04,8,16,AVAILABLE,0
SEAT004717,ST001_S04,8,17,AVAILABLE,0
SEAT004718,ST001_S04,8,18,AVAILABLE,0
SEAT004719,ST001_S04,8,19,AVAILABLE,0
SEAT004720,ST001_S04,8,20,AVAILABLE,0
SEAT004721,ST001_S04,8,21,AVAILABLE,0
SEAT004722,ST001_S04,8,22,AVAILABLE,0
SEAT004723,ST001_S04,8,23,AVAILABLE,0
SEAT004724,ST001_S04,8,24,AVAILABLE,0
SEAT004725,ST001_S04,8,25,AVAILABLE,0
SEAT004726,ST001_S04,8,26,AVAILABLE,0
SEAT004727,ST001_S04,8,27,AVAILABLE,0
SEAT004728,ST001_S04,8,28,AVAILABLE,0
SEAT004729,ST001_S04,8,29,AVAILABLE,0
SEAT004730,ST001_S04,8,30,AVAILABLE,0
SEAT004731,ST001_S04,8,31,AVAILABLE,0
SEAT004732,ST001_S04,8,32,AVAILABLE,0
SEAT004733,ST001_S04,8,33,AVAILABLE,0
SEAT004734,ST001_S04,8,34,AVAILABLE,0
SEAT004735,ST001_S04,8,35,AVAILABLE,0
SEAT004736,ST001_S04,8,36,AVAILABLE,0
SEAT004737,ST001_S04,8,37,AVAILABLE,0
SEAT004738,ST001_S04,8,38,AVAILABLE,0
SEAT004739,ST001_S04,8,39,AVAILABLE,0
SEAT004740,ST001_S04,8,40,AVAILABLE,0
SEAT004741,ST001_S04,8,41,AVAILABLE,0
SEAT004742,ST001_S04,8,42,AVAILABLE,0
SEAT004743,ST001_S04,8,43,AVAILABLE,0
SEAT004744,ST001_S04,8,44,AVAILABLE,0
SEAT004745,ST001_S04,8,45,AVAILABLE,0
SEAT004746,ST001_S04,8,46,AVAILABLE,0
SEAT004747,ST001_S04,8,47,AVAILABLE,0
SEAT004748,ST001_S04,8,48,AVAILABLE,0
SEAT004749,ST001_S04,8,49,AVAILABLE,0
SEAT004750,ST001_S04,8,50,AVAILABLE,0
SEAT004751,ST001_S04,8,51,AVAILABLE,0
SEAT004752,ST001_S04,8,52,AVAILABLE,0
SEAT004753,ST001_S04,8,53,AVAILABLE,0
SEAT004754,ST001_S04,8,54,AVAILABLE,0
SEAT004755,ST001_S04,8,55,AVAILABLE,0
SEAT004756,ST001_S04,8,56,AVAILABLE,0
SEAT004757,ST001_S04,8,57,AVAILABLE,0
SEAT004758,ST001_S04,8,58,AVAILABLE,0
SEAT004759,ST001_S04,8,59,AVAILABLE,0
SEAT004760,ST001_S04,8,60,AVAILABLE,0
SEAT004761,ST001_S04,8,61,AVAILABLE,0
SEAT004762,ST001_S04,8,62,AVAILABLE,0
SEAT004763,ST001_S04,8,63,AVAILABLE,0
SEAT004764,ST001_S04,8,64,AVAILABLE,0
SEAT004765,ST001_S04,8,65,AVAILABLE,0
SEAT004766,ST001_S04,8,66,AVAILABLE,0
SEAT004767,ST001_S04,8,67,AVAILABLE,0
SEAT004768,ST001_S04,8,68,AVAILABLE,0
SEAT004769,ST001_S04,8,69,AVAILABLE,0
SEAT004770,ST001_S04,8,70,AVAILABLE,0
SEAT004771,ST001_S04,8,71,AVAILABLE,0
SEAT004772,ST001_S04,8,72,AVAILABLE,0
SEAT004773,ST001_S04,8,73,AVAILABLE,0
SEAT004774,ST001_S04,8,74,AVAILABLE,0
SEAT004775,ST001_S04,8,75,AVAILABLE,0
SEAT004776,ST001_S04,8,76,AVAILABLE,0
SEAT004777,ST001_S04,8,77,AVAILABLE,0
SEAT004778,ST001_S04,8,78,AVAILABLE,0
SEAT004779,ST001_S04,8,79,AVAILABLE,0
SEAT004780,ST001_S04,8,80,AVAILABLE,0
SEAT004781,ST001_S04,8,81,AVAILABLE,0
SEAT004782,ST001_S04,8,82,AVAILABLE,0
SEAT004783,ST001_S04,8,83,AVAILABLE,0
SEAT004784,ST001_S04,8,84,AVAILABLE,0
SEAT004785,ST001_S04,8,85,AVAILABLE,0
SEAT004786,ST001_S04,8,86,AVAILABLE,0
SEAT004787,ST001_S04,8,87,AVAILABLE,0
SEAT004788,ST001_S04,8,88,AVAILABLE,0
SEAT004789,ST001_S04,8,89,AVAILABLE,0
SEAT004790,ST001_S04,8,90,AVAILABLE,0
SEAT004791,ST001_S04,8,91,AVAILABLE,0
SEAT004792,ST001_S04,8,92,AVAILABLE,0
SEAT004793,ST001_S04,8,93,AVAILABLE,0
SEAT004794,ST001_S04,8,94,AVAILABLE,0
SEAT004795,ST001_S04,8,95,AVAILABLE,0
SEAT004796,ST001_S04,8,96,AVAILABLE,0
SEAT004797,ST001_S04,8,97,AVAILABLE,0
SEAT004798,ST001_S04,8,98,AVAILABLE,0
SEAT004799,ST001_S04,8,99,AVAILABLE,0
SEAT004800,ST001_S04,8,100,AVAILABLE,0
SEAT004801,ST001_S04,9,1,AVAILABLE,0
SEAT004802,ST001_S04,9,2,AVAILABLE,0
SEAT004803,ST001_S04,9,3,AVAILABLE,0
SEAT004804,ST001_S04,9,4,AVAILABLE,0
SEAT004805,ST001_S04,9,5,AVAILABLE,0
SEAT004806,ST001_S04,9,6,AVAILABLE,0
SEAT004807,ST001_S04,9,7,AVAILABLE,0
SEAT004808,ST001_S04,9,8,AVAILABLE,0
SEAT004809,ST001_S04,9,9,AVAILABLE,0
SEAT004810,ST001_S04,9,10,AVAILABLE,0
SEAT004811,ST001_S04,9,11,AVAILABLE,0
SEAT004812,ST001_S04,9,12,AVAILABLE,0
SEAT004813,ST001_S04,9,13,AVAILABLE,0
SEAT004814,ST001_S04,9,14,AVAILABLE,0
SEAT004815,ST001_S04,9,15,AVAILABLE,0
SEAT004816,ST001_S04,9,16,AVAILABLE,0
SEAT004817,ST001_S04,9,17,AVAILABLE,0
SEAT004818,ST001_S04,9,18,AVAILABLE,0
SEAT004819,ST001_S04,9,19,AVAILABLE,0
SEAT004820,ST001_S04,9,20,AVAILABLE,0
SEAT004821,ST001_S04,9,21,AVAILABLE,0
SEAT004822,ST001_S04,9,22,AVAILABLE,0
SEAT004823,ST001_S04,9,23,AVAILABLE,0
SEAT004824,ST001_S04,9,24,AVAILABLE,0
SEAT004825,ST001_S04,9,25,AVAILABLE,0
SEAT004826,ST001_S04,9,26,AVAILABLE,0
SEAT004827,ST001_S04,9,27,AVAILABLE,0
SEAT004828,ST001_S04,9,28,AVAILABLE,0
SEAT004829,ST001_S04,9,29,AVAILABLE,0
SEAT004830,ST001_S04,9,30,AVAILABLE,0
SEAT004831,ST001_S04,9,31,AVAILABLE,0
SEAT004832,ST001_S04,9,32,AVAILABLE,0
SEAT004833,ST001_S04,9,33,AVAILABLE,0
SEAT004834,ST001_S04,9,34,AVAILABLE,0
SEAT004835,ST001_S04,9,35,AVAILABLE,0
SEAT004836,ST001_S04,9,36,AVAILABLE,0
SEAT004837,ST001_S04,9,37,AVAILABLE,0
SEAT004838,ST001_S04,9,38,AVAILABLE,0
SEAT004839,ST001_S04,9,39,AVAILABLE,0
SEAT004840,ST001_S04,9,40,AVAILABLE,0
SEAT004841,ST001_S04,9,41,AVAILABLE,0
SEAT004842,ST001_S04,9,42,AVAILABLE,0
SEAT004843,ST001_S04,9,43,AVAILABLE,0
SEAT004844,ST001_S04,9,44,AVAILABLE,0
SEAT004845,ST001_S04,9,45,AVAILABLE,0
SEAT004846,ST001_S04,9,46,AVAILABLE,0
SEAT004847,ST001_S04,9,47,AVAILABLE,0
SEAT004848,ST001_S04,9,48,AVAILABLE,0
SEAT004849,ST001_S04,9,49,AVAILABLE,0
SEAT004850,ST001_S04,9,50,AVAILABLE,0
SEAT004851,ST001_S04,9,51,AVAILABLE,0
SEAT004852,ST001_S04,9,52,AVAILABLE,0
SEAT004853,ST001_S04,9,53,AVAILABLE,0
SEAT004854,ST001_S04,9,54,AVAILABLE,0
SEAT004855,ST001_S04,9,55,AVAILABLE,0
SEAT004856,ST001_S04,9,56,AVAILABLE,0
SEAT004857,ST001_S04,9,57,AVAILABLE,0
SEAT004858,ST001_S04,9,58,AVAILABLE,0
SEAT004859,ST001_S04,9,59,AVAILABLE,0
SEAT004860,ST001_S04,9,60,AVAILABLE,0
SEAT004861,ST001_S04,9,61,AVAILABLE,0
SEAT004862,ST001_S04,9,62,AVAILABLE,0
SEAT004863,ST001_S04,9,63,AVAILABLE,0
SEAT004864,ST001_S04,9,64,AVAILABLE,0
SEAT004865,ST001_S04,9,65,AVAILABLE,0
SEAT004866,ST001_S04,9,66,AVAILABLE,0
SEAT004867,ST001_S04,9,67,AVAILABLE,0
SEAT004868,ST001_S04,9,68,AVAILABLE,0
SEAT004869,ST001_S04,9,69,AVAILABLE,0
SEAT004870,ST001_S04,9,70,AVAILABLE,0
SEAT004871,ST001_S04,9,71,AVAILABLE,0
SEAT004872,ST001_S04,9,72,AVAILABLE,0
SEAT004873,ST001_S04,9,73,AVAILABLE,0
SEAT004874,ST001_S04,9,74,AVAILABLE,0
SEAT004875,ST001_S04,9,75,AVAILABLE,0
SEAT004876,ST001_S04,9,76,AVAILABLE,0
SEAT004877,ST001_S04,9,77,AVAILABLE,0
SEAT004878,ST001_S04,9,78,AVAILABLE,0
SEAT004879,ST001_S04,9,79,AVAILABLE,0
SEAT004880,ST001_S04,9,80,AVAILABLE,0
SEAT004881,ST001_S04,9,81,AVAILABLE,0
SEAT004882,ST001_S04,9,82,AVAILABLE,0
SEAT004883,ST001_S04,9,83,AVAILABLE,0
SEAT004884,ST001_S04,9,84,AVAILABLE,0
SEAT004885,ST001_S04,9,85,AVAILABLE,0
SEAT004886,ST001_S04,9,86,AVAILABLE,0
SEAT004887,ST001_S04,9,87,AVAILABLE,0
SEAT004888,ST001_S04,9,88,AVAILABLE,0
SEAT004889,ST001_S04,9,89,AVAILABLE,0
SEAT004890,ST001_S04,9,90,AVAILABLE,0
SEAT004891,ST001_S04,9,91,AVAILABLE,0
SEAT004892,ST001_S04,9,92,AVAILABLE,0
SEAT004893,ST001_S04,9,93,AVAILABLE,0
SEAT004894,ST001_S04,9,94,AVAILABLE,0
SEAT004895,ST001_S04,9,95,AVAILABLE,0
SEAT004896,ST001_S04,9,96,AVAILABLE,0
SEAT004897,ST001_S04,9,97,AVAILABLE,0
SEAT004898,ST001_S04,9,98,AVAILABLE,0
SEAT004899,ST001_S04,9,99,AVAILABLE,0
SEAT004900,ST001_S04,9,100,AVAILABLE,0
SEAT004901,ST001_S04,10,1,AVAILABLE,0
SEAT004902,ST001_S04,10,2,AVAILABLE,0
SEAT004903,ST001_S04,10,3,AVAILABLE,0
SEAT004904,ST001_S04,10,4,AVAILABLE,0
SEAT004905,ST001_S04,10,5,AVAILABLE,0
SEAT004906,ST001_S04,10,6,AVAILABLE,0
SEAT004907,ST001_S04,10,7,AVAILABLE,0
SEAT004908,ST001_S04,10,8,AVAILABLE,0
SEAT004909,ST001_S04,10,9,AVAILABLE,0
SEAT004910,ST001_S04,10,10,AVAILABLE,0
SEAT004911,ST001_S04,10,11,AVAILABLE,0
SEAT004912,ST001_S04,10,12,AVAILABLE,0
SEAT004913,ST001_S04,10,13,AVAILABLE,0
SEAT004914,ST001_S04,10,14,AVAILABLE,0
SEAT004915,ST001_S04,10,15,AVAILABLE,0
SEAT004916,ST001_S04,10,16,AVAILABLE,0
SEAT004917,ST001_S04,10,17,AVAILABLE,0
SEAT004918,ST001_S04,10,18,AVAILABLE,0
SEAT004919,ST001_S04,10,19,AVAILABLE,0
SEAT004920,ST001_S04,10,20,AVAILABLE,0
SEAT004921,ST001_S04,10,21,AVAILABLE,0
SEAT004922,ST001_S04,10,22,AVAILABLE,0
SEAT004923,ST001_S04,10,23,AVAILABLE,0
SEAT004924,ST001_S04,10,24,AVAILABLE,0
SEAT004925,ST001_S04,10,25,AVAILABLE,0
SEAT004926,ST001_S04,10,26,AVAILABLE,0
SEAT004927,ST001_S04,10,27,AVAILABLE,0
SEAT004928,ST001_S04,10,28,AVAILABLE,0
SEAT004929,ST001_S04,10,29,AVAILABLE,0
SEAT004930,ST001_S04,10,30,AVAILABLE,0
SEAT004931,ST001_S04,10,31,AVAILABLE,0
SEAT004932,ST001_S04,10,32,AVAILABLE,0
SEAT004933,ST001_S04,10,33,AVAILABLE,0
SEAT004934,ST001_S04,10,34,AVAILABLE,0
SEAT004935,ST001_S04,10,35,AVAILABLE,0
SEAT004936,ST001_S04,10,36,AVAILABLE,0
SEAT004937,ST001_S04,10,37,AVAILABLE,0
SEAT004938,ST001_S04,10,38,AVAILABLE,0
SEAT004939,ST001_S04,10,39,AVAILABLE,0
SEAT004940,ST001_S04,10,40,AVAILABLE,0
SEAT004941,ST001_S04,10,41,AVAILABLE,0
SEAT004942,ST001_S04,10,42,AVAILABLE,0
SEAT004943,ST001_S04,10,43,AVAILABLE,0
SEAT004944,ST001_S04,10,44,AVAILABLE,0
SEAT004945,ST001_S04,10,45,AVAILABLE,0
SEAT004946,ST001_S04,10,46,AVAILABLE,0
SEAT004947,ST001_S04,10,47,AVAILABLE,0
SEAT004948,ST001_S04,10,48,AVAILABLE,0
SEAT004949,ST001_S04,10,49,AVAILABLE,0
SEAT004950,ST001_S04,10,50,AVAILABLE,0
SEAT004951,ST001_S04,10,51,AVAILABLE,0
SEAT004952,ST001_S04,10,52,AVAILABLE,0
SEAT004953,ST001_S04,10,53,AVAILABLE,0
SEAT004954,ST001_S04,10,54,AVAILABLE,0
SEAT004955,ST001_S04,10,55,AVAILABLE,0
SEAT004956,ST001_S04,10,56,AVAILABLE,0
SEAT004957,ST001_S04,10,57,AVAILABLE,0
SEAT004958,ST001_S04,10,58,AVAILABLE,0
SEAT004959,ST001_S04,10,59,AVAILABLE,0
SEAT004960,ST001_S04,10,60,AVAILABLE,0
SEAT004961,ST001_S04,10,61,AVAILABLE,0
SEAT004962,ST001_S04,10,62,AVAILABLE,0
SEAT004963,ST001_S04,10,63,AVAILABLE,0
SEAT004964,ST001_S04,10,64,AVAILABLE,0
SEAT004965,ST001_S04,10,65,AVAILABLE,0
SEAT004966,ST001_S04,10,66,AVAILABLE,0
SEAT004967,ST001_S04,10,67,AVAILABLE,0
SEAT004968,ST001_S04,10,68,AVAILABLE,0
SEAT004969,ST001_S04,10,69,AVAILABLE,0
SEAT004970,ST001_S04,10,70,AVAILABLE,0
SEAT004971,ST001_S04,10,71,AVAILABLE,0
SEAT004972,ST001_S04,10,72,AVAILABLE,0
SEAT004973,ST001_S04,10,73,AVAILABLE,0
SEAT004974,ST001_S04,10,74,AVAILABLE,0
SEAT004975,ST001_S04,10,75,AVAILABLE,0
SEAT004976,ST001_S04,10,76,AVAILABLE,0
SEAT004977,ST001_S04,10,77,AVAILABLE,0
SEAT004978,ST001_S04,10,78,AVAILABLE,0
SEAT004979,ST001_S04,10,79,AVAILABLE,0
SEAT004980,ST001_S04,10,80,AVAILABLE,0
SEAT004981,ST001_S04,10,81,AVAILABLE,0
SEAT004982,ST001_S04,10,82,AVAILABLE,0
SEAT004983,ST001_S04,10,83,AVAILABLE,0
SEAT004984,ST001_S04,10,84,AVAILABLE,0
SEAT004985,ST001_S04,10,85,AVAILABLE,0
SEAT004986,ST001_S04,10,86,AVAILABLE,0
SEAT004987,ST001_S04,10,87,AVAILABLE,0
SEAT004988,ST001_S04,10,88,AVAILABLE,0
SEAT004989,ST001_S04,10,89,AVAILABLE,0
SEAT004990,ST001_S04,10,90,AVAILABLE,0
SEAT004991,ST001_S04,10,91,AVAILABLE,0
SEAT004992,ST001_S04,10,92,AVAILABLE,0
SEAT004993,ST001_S04,10,93,AVAILABLE,0
SEAT004994,ST001_S04,10,94,AVAILABLE,0
SEAT004995,ST001_S04,10,95,AVAILABLE,0
SEAT004996,ST001_S04,10,96,AVAILABLE,0
SEAT004997,ST001_S04,10,97,AVAILABLE,0
SEAT004998,ST001_S04,10,98,AVAILABLE,0
SEAT004999,ST001_S04,10,99,AVAILABLE,0
SEAT005000,ST001_S04,10,100,AVAILABLE,0
SEAT005001,ST001_S04,11,1,AVAILABLE,0
SEAT005002,ST001_S04,11,2,AVAILABLE,0
SEAT005003,ST001_S04,11,3,AVAILABLE,0
SEAT005004,ST001_S04,11,4,AVAILABLE,0
SEAT005005,ST001_S04,11,5,AVAILABLE,0
SEAT005006,ST001_S04,11,6,AVAILABLE,0
SEAT005007,ST001_S04,11,7,AVAILABLE,0
SEAT005008,ST001_S04,11,8,AVAILABLE,0
SEAT005009,ST001_S04,11,9,AVAILABLE,0
SEAT005010,ST001_S04,11,10,AVAILABLE,0
SEAT005011,ST001_S04,11,11,AVAILABLE,0
SEAT005012,ST001_S04,11,12,AVAILABLE,0
SEAT005013,ST001_S04,11,13,AVAILABLE,0
SEAT005014,ST001_S04,11,14,AVAILABLE,0
SEAT005015,ST001_S04,11,15,AVAILABLE,0
SEAT005016,ST001_S04,11,16,AVAILABLE,0
SEAT005017,ST001_S04,11,17,AVAILABLE,0
SEAT005018,ST001_S04,11,18,AVAILABLE,0
SEAT005019,ST001_S04,11,19,AVAILABLE,0
SEAT005020,ST001_S04,11,20,AVAILABLE,0
SEAT005021,ST001_S04,11,21,AVAILABLE,0
SEAT005022,ST001_S04,11,22,AVAILABLE,0
SEAT005023,ST001_S04,11,23,AVAILABLE,0
SEAT005024,ST001_S04,11,24,AVAILABLE,0
SEAT005025,ST001_S04,11,25,AVAILABLE,0
SEAT005026,ST001_S04,11,26,AVAILABLE,0
SEAT005027,ST001_S04,11,27,AVAILABLE,0
SEAT005028,ST001_S04,11,28,AVAILABLE,0
SEAT005029,ST001_S04,11,29,AVAILABLE,0
SEAT005030,ST001_S04,11,30,AVAILABLE,0
SEAT005031,ST001_S04,11,31,AVAILABLE,0
SEAT005032,ST001_S04,11,32,AVAILABLE,0
SEAT005033,ST001_S04,11,33,AVAILABLE,0
SEAT005034,ST001_S04,11,34,AVAILABLE,0
SEAT005035,ST001_S04,11,35,AVAILABLE,0
SEAT005036,ST001_S04,11,36,AVAILABLE,0
SEAT005037,ST001_S04,11,37,AVAILABLE,0
SEAT005038,ST001_S04,11,38,AVAILABLE,0
SEAT005039,ST001_S04,11,39,AVAILABLE,0
SEAT005040,ST001_S04,11,40,AVAILABLE,0
SEAT005041,ST001_S04,11,41,AVAILABLE,0
SEAT005042,ST001_S04,11,42,AVAILABLE,0
SEAT005043,ST001_S04,11,43,AVAILABLE,0
SEAT005044,ST001_S04,11,44,AVAILABLE,0
SEAT005045,ST001_S04,11,45,AVAILABLE,0
SEAT005046,ST001_S04,11,46,AVAILABLE,0
SEAT005047,ST001_S04,11,47,AVAILABLE,0
SEAT005048,ST001_S04,11,48,AVAILABLE,0
SEAT005049,ST001_S04,11,49,AVAILABLE,0
SEAT005050,ST001_S04,11,50,AVAILABLE,0
SEAT005051,ST001_S04,11,51,AVAILABLE,0
SEAT005052,ST001_S04,11,52,AVAILABLE,0
SEAT005053,ST001_S04,11,53,AVAILABLE,0
SEAT005054,ST001_S04,11,54,AVAILABLE,0
SEAT005055,ST001_S04,11,55,AVAILABLE,0
SEAT005056,ST001_S04,11,56,AVAILABLE,0
SEAT005057,ST001_S04,11,57,AVAILABLE,0
SEAT005058,ST001_S04,11,58,AVAILABLE,0
SEAT005059,ST001_S04,11,59,AVAILABLE,0
SEAT005060,ST001_S04,11,60,AVAILABLE,0
SEAT005061,ST001_S04,11,61,AVAILABLE,0
SEAT005062,ST001_S04,11,62,AVAILABLE,0
SEAT005063,ST001_S04,11,63,AVAILABLE,0
SEAT005064,ST001_S04,11,64,AVAILABLE,0
SEAT005065,ST001_S04,11,65,AVAILABLE,0
SEAT005066,ST001_S04,11,66,AVAILABLE,0
SEAT005067,ST001_S04,11,67,AVAILABLE,0
SEAT005068,ST001_S04,11,68,AVAILABLE,0
SEAT005069,ST001_S04,11,69,AVAILABLE,0
SEAT005070,ST001_S04,11,70,AVAILABLE,0
SEAT005071,ST001_S04,11,71,AVAILABLE,0
SEAT005072,ST001_S04,11,72,AVAILABLE,0
SEAT005073,ST001_S04,11,73,AVAILABLE,0
SEAT005074,ST001_S04,11,74,AVAILABLE,0
SEAT005075,ST001_S04,11,75,AVAILABLE,0
SEAT005076,ST001_S04,11,76,AVAILABLE,0
SEAT005077,ST001_S04,11,77,AVAILABLE,0
SEAT005078,ST001_S04,11,78,AVAILABLE,0
SEAT005079,ST001_S04,11,79,AVAILABLE,0
SEAT005080,ST001_S04,11,80,AVAILABLE,0
SEAT005081,ST001_S04,11,81,AVAILABLE,0
SEAT005082,ST001_S04,11,82,AVAILABLE,0
SEAT005083,ST001_S04,11,83,AVAILABLE,0
SEAT005084,ST001_S04,11,84,AVAILABLE,0
SEAT005085,ST001_S04,11,85,AVAILABLE,0
SEAT005086,ST001_S04,11,86,AVAILABLE,0
SEAT005087,ST001_S04,11,87,AVAILABLE,0
SEAT005088,ST001_S04,11,88,AVAILABLE,0
SEAT005089,ST001_S04,11,89,AVAILABLE,0
SEAT005090,ST001_S04,11,90,AVAILABLE,0
SEAT005091,ST001_S04,11,91,AVAILABLE,0
SEAT005092,ST001_S04,11,92,AVAILABLE,0
SEAT005093,ST001_S04,11,93,AVAILABLE,0
SEAT005094,ST001_S04,11,94,AVAILABLE,0
SEAT005095,ST001_S04,11,95,AVAILABLE,0
SEAT005096,ST001_S04,11,96,AVAILABLE,0
SEAT005097,ST001_S04,11,97,AVAILABLE,0
SEAT005098,ST001_S04,11,98,AVAILABLE,0
SEAT005099,ST001_S04,11,99,AVAILABLE,0
SEAT005100,ST001_S04,11,100,AVAILABLE,0
SEAT005101,ST001_S04,12,1,AVAILABLE,0
SEAT005102,ST001_S04,12,2,AVAILABLE,0
SEAT005103,ST001_S04,12,3,AVAILABLE,0
SEAT005104,ST001_S04,12,4,AVAILABLE,0
SEAT005105,ST001_S04,12,5,AVAILABLE,0
SEAT005106,ST001_S04,12,6,AVAILABLE,0
SEAT005107,ST001_S04,12,7,AVAILABLE,0
SEAT005108,ST001_S04,12,8,AVAILABLE,0
SEAT005109,ST001_S04,12,9,AVAILABLE,0
SEAT005110,ST001_S04,12,10,AVAILABLE,0
SEAT005111,ST001_S04,12,11,AVAILABLE,0
SEAT005112,ST001_S04,12,12,AVAILABLE,0
SEAT005113,ST001_S04,12,13,AVAILABLE,0
SEAT005114,ST001_S04,12,14,AVAILABLE,0
SEAT005115,ST001_S04,12,15,AVAILABLE,0
SEAT005116,ST001_S04,12,16,AVAILABLE,0
SEAT005117,ST001_S04,12,17,AVAILABLE,0
SEAT005118,ST001_S04,12,18,AVAILABLE,0
SEAT005119,ST001_S04,12,19,AVAILABLE,0
SEAT005120,ST001_S04,12,20,AVAILABLE,0
SEAT005121,ST001_S04,12,21,AVAILABLE,0
SEAT005122,ST001_S04,12,22,AVAILABLE,0
SEAT005123,ST001_S04,12,23,AVAILABLE,0
SEAT005124,ST001_S04,12,24,AVAILABLE,0
SEAT005125,ST001_S04,12,25,AVAILABLE,0
SEAT005126,ST001_S04,12,26,AVAILABLE,0
SEAT005127,ST001_S04,12,27,AVAILABLE,0
SEAT005128,ST001_S04,12,28,AVAILABLE,0
SEAT005129,ST001_S04,12,29,AVAILABLE,0
SEAT005130,ST001_S04,12,30,AVAILABLE,0
SEAT005131,ST001_S04,12,31,AVAILABLE,0
SEAT005132,ST001_S04,12,32,AVAILABLE,0
SEAT005133,ST001_S04,12,33,AVAILABLE,0
SEAT005134,ST001_S04,12,34,AVAILABLE,0
SEAT005135,ST001_S04,12,35,AVAILABLE,0
SEAT005136,ST001_S04,12,36,AVAILABLE,0
SEAT005137,ST001_S04,12,37,AVAILABLE,0
SEAT005138,ST001_S04,12,38,AVAILABLE,0
SEAT005139,ST001_S04,12,39,AVAILABLE,0
SEAT005140,ST001_S04,12,40,AVAILABLE,0
SEAT005141,ST001_S04,12,41,AVAILABLE,0
SEAT005142,ST001_S04,12,42,AVAILABLE,0
SEAT005143,ST001_S04,12,43,AVAILABLE,0
SEAT005144,ST001_S04,12,44,AVAILABLE,0
SEAT005145,ST001_S04,12,45,AVAILABLE,0
SEAT005146,ST001_S04,12,46,AVAILABLE,0
SEAT005147,ST001_S04,12,47,AVAILABLE,0
SEAT005148,ST001_S04,12,48,AVAILABLE,0
SEAT005149,ST001_S04,12,49,AVAILABLE,0
SEAT005150,ST001_S04,12,50,AVAILABLE,0
SEAT005151,ST001_S04,12,51,AVAILABLE,0
SEAT005152,ST001_S04,12,52,AVAILABLE,0
SEAT005153,ST001_S04,12,53,AVAILABLE,0
SEAT005154,ST001_S04,12,54,AVAILABLE,0
SEAT005155,ST001_S04,12,55,AVAILABLE,0
SEAT005156,ST001_S04,12,56,AVAILABLE,0
SEAT005157,ST001_S04,12,57,AVAILABLE,0
SEAT005158,ST001_S04,12,58,AVAILABLE,0
SEAT005159,ST001_S04,12,59,AVAILABLE,0
SEAT005160,ST001_S04,12,60,AVAILABLE,0
SEAT005161,ST001_S04,12,61,AVAILABLE,0
SEAT005162,ST001_S04,12,62,AVAILABLE,0
SEAT005163,ST001_S04,12,63,AVAILABLE,0
SEAT005164,ST001_S04,12,64,AVAILABLE,0
SEAT005165,ST001_S04,12,65,AVAILABLE,0
SEAT005166,ST001_S04,12,66,AVAILABLE,0
SEAT005167,ST001_S04,12,67,AVAILABLE,0
SEAT005168,ST001_S04,12,68,AVAILABLE,0
SEAT005169,ST001_S04,12,69,AVAILABLE,0
SEAT005170,ST001_S04,12,70,AVAILABLE,0
SEAT005171,ST001_S04,12,71,AVAILABLE,0
SEAT005172,ST001_S04,12,72,AVAILABLE,0
SEAT005173,ST001_S04,12,73,AVAILABLE,0
SEAT005174,ST001_S04,12,74,AVAILABLE,0
SEAT005175,ST001_S04,12,75,AVAILABLE,0
SEAT005176,ST001_S04,12,76,AVAILABLE,0
SEAT005177,ST001_S04,12,77,AVAILABLE,0
SEAT005178,ST001_S04,12,78,AVAILABLE,0
SEAT005179,ST001_S04,12,79,AVAILABLE,0
SEAT005180,ST001_S04,12,80,AVAILABLE,0
SEAT005181,ST001_S04,12,81,AVAILABLE,0
SEAT005182,ST001_S04,12,82,AVAILABLE,0
SEAT005183,ST001_S04,12,83,AVAILABLE,0
SEAT005184,ST001_S04,12,84,AVAILABLE,0
SEAT005185,ST001_S04,12,85,AVAILABLE,0
SEAT005186,ST001_S04,12,86,AVAILABLE,0
SEAT005187,ST001_S04,12,87,AVAILABLE,0
SEAT005188,ST001_S04,12,88,AVAILABLE,0
SEAT005189,ST001_S04,12,89,AVAILABLE,0
SEAT005190,ST001_S04,12,90,AVAILABLE,0
SEAT005191,ST001_S04,12,91,AVAILABLE,0
SEAT005192,ST001_S04,12,92,AVAILABLE,0
SEAT005193,ST001_S04,12,93,AVAILABLE,0
SEAT005194,ST001_S04,12,94,AVAILABLE,0
SEAT005195,ST001_S04,12,95,AVAILABLE,0
SEAT005196,ST001_S04,12,96,AVAILABLE,0
SEAT005197,ST001_S04,12,97,AVAILABLE,0
SEAT005198,ST001_S04,12,98,AVAILABLE,0
SEAT005199,ST001_S04,12,99,AVAILABLE,0
SEAT005200,ST001_S04,12,100,AVAILABLE,0
SEAT005201,ST001_S04,13,1,AVAILABLE,0
SEAT005202,ST001_S04,13,2,AVAILABLE,0
SEAT005203,ST001_S04,13,3,AVAILABLE,0
SEAT005204,ST001_S04,13,4,AVAILABLE,0
SEAT005205,ST001_S04,13,5,AVAILABLE,0
SEAT005206,ST001_S04,13,6,AVAILABLE,0
SEAT005207,ST001_S04,13,7,AVAILABLE,0
SEAT005208,ST001_S04,13,8,AVAILABLE,0
SEAT005209,ST001_S04,13,9,AVAILABLE,0
SEAT005210,ST001_S04,13,10,AVAILABLE,0
SEAT005211,ST001_S04,13,11,AVAILABLE,0
SEAT005212,ST001_S04,13,12,AVAILABLE,0
SEAT005213,ST001_S04,13,13,AVAILABLE,0
SEAT005214,ST001_S04,13,14,AVAILABLE,0
SEAT005215,ST001_S04,13,15,AVAILABLE,0
SEAT005216,ST001_S04,13,16,AVAILABLE,0
SEAT005217,ST001_S04,13,17,AVAILABLE,0
SEAT005218,ST001_S04,13,18,AVAILABLE,0
SEAT005219,ST001_S04,13,19,AVAILABLE,0
SEAT005220,ST001_S04,13,20,AVAILABLE,0
SEAT005221,ST001_S04,13,21,AVAILABLE,0
SEAT005222,ST001_S04,13,22,AVAILABLE,0
SEAT005223,ST001_S04,13,23,AVAILABLE,0
SEAT005224,ST001_S04,13,24,AVAILABLE,0
SEAT005225,ST001_S04,13,25,AVAILABLE,0
SEAT005226,ST001_S04,13,26,AVAILABLE,0
SEAT005227,ST001_S04,13,27,AVAILABLE,0
SEAT005228,ST001_S04,13,28,AVAILABLE,0
SEAT005229,ST001_S04,13,29,AVAILABLE,0
SEAT005230,ST001_S04,13,30,AVAILABLE,0
SEAT005231,ST001_S04,13,31,AVAILABLE,0
SEAT005232,ST001_S04,13,32,AVAILABLE,0
SEAT005233,ST001_S04,13,33,AVAILABLE,0
SEAT005234,ST001_S04,13,34,AVAILABLE,0
SEAT005235,ST001_S04,13,35,AVAILABLE,0
SEAT005236,ST001_S04,13,36,AVAILABLE,0
SEAT005237,ST001_S04,13,37,AVAILABLE,0
SEAT005238,ST001_S04,13,38,AVAILABLE,0
SEAT005239,ST001_S04,13,39,AVAILABLE,0
SEAT005240,ST001_S04,13,40,AVAILABLE,0
SEAT005241,ST001_S04,13,41,AVAILABLE,0
SEAT005242,ST001_S04,13,42,AVAILABLE,0
SEAT005243,ST001_S04,13,43,AVAILABLE,0
SEAT005244,ST001_S04,13,44,AVAILABLE,0
SEAT005245,ST001_S04,13,45,AVAILABLE,0
SEAT005246,ST001_S04,13,46,AVAILABLE,0
SEAT005247,ST001_S04,13,47,AVAILABLE,0
SEAT005248,ST001_S04,13,48,AVAILABLE,0
SEAT005249,ST001_S04,13,49,AVAILABLE,0
SEAT005250,ST001_S04,13,50,AVAILABLE,0
SEAT005251,ST001_S04,13,51,AVAILABLE,0
SEAT005252,ST001_S04,13,52,AVAILABLE,0
SEAT005253,ST001_S04,13,53,AVAILABLE,0
SEAT005254,ST001_S04,13,54,AVAILABLE,0
SEAT005255,ST001_S04,13,55,AVAILABLE,0
SEAT005256,ST001_S04,13,56,AVAILABLE,0
SEAT005257,ST001_S04,13,57,AVAILABLE,0
SEAT005258,ST001_S04,13,58,AVAILABLE,0
SEAT005259,ST001_S04,13,59,AVAILABLE,0
SEAT005260,ST001_S04,13,60,AVAILABLE,0
SEAT005261,ST001_S04,13,61,AVAILABLE,0
SEAT005262,ST001_S04,13,62,AVAILABLE,0
SEAT005263,ST001_S04,13,63,AVAILABLE,0
SEAT005264,ST001_S04,13,64,AVAILABLE,0
SEAT005265,ST001_S04,13,65,AVAILABLE,0
SEAT005266,ST001_S04,13,66,AVAILABLE,0
SEAT005267,ST001_S04,13,67,AVAILABLE,0
SEAT005268,ST001_S04,13,68,AVAILABLE,0
SEAT005269,ST001_S04,13,69,AVAILABLE,0
SEAT005270,ST001_S04,13,70,AVAILABLE,0
SEAT005271,ST001_S04,13,71,AVAILABLE,0
SEAT005272,ST001_S04,13,72,AVAILABLE,0
SEAT005273,ST001_S04,13,73,AVAILABLE,0
SEAT005274,ST001_S04,13,74,AVAILABLE,0
SEAT005275,ST001_S04,13,75,AVAILABLE,0
SEAT005276,ST001_S04,13,76,AVAILABLE,0
SEAT005277,ST001_S04,13,77,AVAILABLE,0
SEAT005278,ST001_S04,13,78,AVAILABLE,0
SEAT005279,ST001_S04,13,79,AVAILABLE,0
SEAT005280,ST001_S04,13,80,AVAILABLE,0
SEAT005281,ST001_S04,13,81,AVAILABLE,0
SEAT005282,ST001_S04,13,82,AVAILABLE,0
SEAT005283,ST001_S04,13,83,AVAILABLE,0
SEAT005284,ST001_S04,13,84,AVAILABLE,0
SEAT005285,ST001_S04,13,85,AVAILABLE,0
SEAT005286,ST001_S04,13,86,AVAILABLE,0
SEAT005287,ST001_S04,13,87,AVAILABLE,0
SEAT005288,ST001_S04,13,88,AVAILABLE,0
SEAT005289,ST001_S04,13,89,AVAILABLE,0
SEAT005290,ST001_S04,13,90,AVAILABLE,0
SEAT005291,ST001_S04,13,91,AVAILABLE,0
SEAT005292,ST001_S04,13,92,AVAILABLE,0
SEAT005293,ST001_S04,13,93,AVAILABLE,0
SEAT005294,ST001_S04,13,94,AVAILABLE,0
SEAT005295,ST001_S04,13,95,AVAILABLE,0
SEAT005296,ST001_S04,13,96,AVAILABLE,0
SEAT005297,ST001_S04,13,97,AVAILABLE,0
SEAT005298,ST001_S04,13,98,AVAILABLE,0
SEAT005299,ST001_S04,13,99,AVAILABLE,0
SEAT005300,ST001_S04,13,100,AVAILABLE,0
SEAT005301,ST001_S04,14,1,AVAILABLE,0
SEAT005302,ST001_S04,14,2,AVAILABLE,0
SEAT005303,ST001_S04,14,3,AVAILABLE,0
SEAT005304,ST001_S04,14,4,AVAILABLE,0
SEAT005305,ST001_S04,14,5,AVAILABLE,0
SEAT005306,ST001_S04,14,6,AVAILABLE,0
SEAT005307,ST001_S04,14,7,AVAILABLE,0
SEAT005308,ST001_S04,14,8,AVAILABLE,0
SEAT005309,ST001_S04,14,9,AVAILABLE,0
SEAT005310,ST001_S04,14,10,AVAILABLE,0
SEAT005311,ST001_S04,14,11,AVAILABLE,0
SEAT005312,ST001_S04,14,12,AVAILABLE,0
SEAT005313,ST001_S04,14,13,AVAILABLE,0
SEAT005314,ST001_S04,14,14,AVAILABLE,0
SEAT005315,ST001_S04,14,15,AVAILABLE,0
SEAT005316,ST001_S04,14,16,AVAILABLE,0
SEAT005317,ST001_S04,14,17,AVAILABLE,0
SEAT005318,ST001_S04,14,18,AVAILABLE,0
SEAT005319,ST001_S04,14,19,AVAILABLE,0
SEAT005320,ST001_S04,14,20,AVAILABLE,0
SEAT005321,ST001_S04,14,21,AVAILABLE,0
SEAT005322,ST001_S04,14,22,AVAILABLE,0
SEAT005323,ST001_S04,14,23,AVAILABLE,0
SEAT005324,ST001_S04,14,24,AVAILABLE,0
SEAT005325,ST001_S04,14,25,AVAILABLE,0
SEAT005326,ST001_S04,14,26,AVAILABLE,0
SEAT005327,ST001_S04,14,27,AVAILABLE,0
SEAT005328,ST001_S04,14,28,AVAILABLE,0
SEAT005329,ST001_S04,14,29,AVAILABLE,0
SEAT005330,ST001_S04,14,30,AVAILABLE,0
SEAT005331,ST001_S04,14,31,AVAILABLE,0
SEAT005332,ST001_S04,14,32,AVAILABLE,0
SEAT005333,ST001_S04,14,33,AVAILABLE,0
SEAT005334,ST001_S04,14,34,AVAILABLE,0
SEAT005335,ST001_S04,14,35,AVAILABLE,0
SEAT005336,ST001_S04,14,36,AVAILABLE,0
SEAT005337,ST001_S04,14,37,AVAILABLE,0
SEAT005338,ST001_S04,14,38,AVAILABLE,0
SEAT005339,ST001_S04,14,39,AVAILABLE,0
SEAT005340,ST001_S04,14,40,AVAILABLE,0
SEAT005341,ST001_S04,14,41,AVAILABLE,0
SEAT005342,ST001_S04,14,42,AVAILABLE,0
SEAT005343,ST001_S04,14,43,AVAILABLE,0
SEAT005344,ST001_S04,14,44,AVAILABLE,0
SEAT005345,ST001_S04,14,45,AVAILABLE,0
SEAT005346,ST001_S04,14,46,AVAILABLE,0
SEAT005347,ST001_S04,14,47,AVAILABLE,0
SEAT005348,ST001_S04,14,48,AVAILABLE,0
SEAT005349,ST001_S04,14,49,AVAILABLE,0
SEAT005350,ST001_S04,14,50,AVAILABLE,0
SEAT005351,ST001_S04,14,51,AVAILABLE,0
SEAT005352,ST001_S04,14,52,AVAILABLE,0
SEAT005353,ST001_S04,14,53,AVAILABLE,0
SEAT005354,ST001_S04,14,54,AVAILABLE,0
SEAT005355,ST001_S04,14,55,AVAILABLE,0
SEAT005356,ST001_S04,14,56,AVAILABLE,0
SEAT005357,ST001_S04,14,57,AVAILABLE,0
SEAT005358,ST001_S04,14,58,AVAILABLE,0
SEAT005359,ST001_S04,14,59,AVAILABLE,0
SEAT005360,ST001_S04,14,60,AVAILABLE,0
SEAT005361,ST001_S04,14,61,AVAILABLE,0
SEAT005362,ST001_S04,14,62,AVAILABLE,0
SEAT005363,ST001_S04,14,63,AVAILABLE,0
SEAT005364,ST001_S04,14,64,AVAILABLE,0
SEAT005365,ST001_S04,14,65,AVAILABLE,0
SEAT005366,ST001_S04,14,66,AVAILABLE,0
SEAT005367,ST001_S04,14,67,AVAILABLE,0
SEAT005368,ST001_S04,14,68,AVAILABLE,0
SEAT005369,ST001_S04,14,69,AVAILABLE,0
SEAT005370,ST001_S04,14,70,AVAILABLE,0
SEAT005371,ST001_S04,14,71,AVAILABLE,0
SEAT005372,ST001_S04,14,72,AVAILABLE,0
SEAT005373,ST001_S04,14,73,AVAILABLE,0
SEAT005374,ST001_S04,14,74,AVAILABLE,0
SEAT005375,ST001_S04,14,75,AVAILABLE,0
SEAT005376,ST001_S04,14,76,AVAILABLE,0
SEAT005377,ST001_S04,14,77,AVAILABLE,0
SEAT005378,ST001_S04,14,78,AVAILABLE,0
SEAT005379,ST001_S04,14,79,AVAILABLE,0
SEAT005380,ST001_S04,14,80,AVAILABLE,0
SEAT005381,ST001_S04,14,81,AVAILABLE,0
SEAT005382,ST001_S04,14,82,AVAILABLE,0
SEAT005383,ST001_S04,14,83,AVAILABLE,0
SEAT005384,ST001_S04,14,84,AVAILABLE,0
SEAT005385,ST001_S04,14,85,AVAILABLE,0
SEAT005386,ST001_S04,14,86,AVAILABLE,0
SEAT005387,ST001_S04,14,87,AVAILABLE,0
SEAT005388,ST001_S04,14,88,AVAILABLE,0
SEAT005389,ST001_S04,14,89,AVAILABLE,0
SEAT005390,ST001_S04,14,90,AVAILABLE,0
SEAT005391,ST001_S04,14,91,AVAILABLE,0
SEAT005392,ST001_S04,14,92,AVAILABLE,0
SEAT005393,ST001_S04,14,93,AVAILABLE,0
SEAT005394,ST001_S04,14,94,AVAILABLE,0
SEAT005395,ST001_S04,14,95,AVAILABLE,0
SEAT005396,ST001_S04,14,96,AVAILABLE,0
SEAT005397,ST001_S04,14,97,AVAILABLE,0
SEAT005398,ST001_S04,14,98,AVAILABLE,0
SEAT005399,ST001_S04,14,99,AVAILABLE,0
SEAT005400,ST001_S04,14,100,AVAILABLE,0
SEAT005401,ST001_S04,15,1,AVAILABLE,0
SEAT005402,ST001_S04,15,2,AVAILABLE,0
SEAT005403,ST001_S04,15,3,AVAILABLE,0
SEAT005404,ST001_S04,15,4,AVAILABLE,0
SEAT005405,ST001_S04,15,5,AVAILABLE,0
SEAT005406,ST001_S04,15,6,AVAILABLE,0
SEAT005407,ST001_S04,15,7,AVAILABLE,0
SEAT005408,ST001_S04,15,8,AVAILABLE,0
SEAT005409,ST001_S04,15,9,AVAILABLE,0
SEAT005410,ST001_S04,15,10,AVAILABLE,0
SEAT005411,ST001_S04,15,11,AVAILABLE,0
SEAT005412,ST001_S04,15,12,AVAILABLE,0
SEAT005413,ST001_S04,15,13,AVAILABLE,0
SEAT005414,ST001_S04,15,14,AVAILABLE,0
SEAT005415,ST001_S04,15,15,AVAILABLE,0
SEAT005416,ST001_S04,15,16,AVAILABLE,0
SEAT005417,ST001_S04,15,17,AVAILABLE,0
SEAT005418,ST001_S04,15,18,AVAILABLE,0
SEAT005419,ST001_S04,15,19,AVAILABLE,0
SEAT005420,ST001_S04,15,20,AVAILABLE,0
SEAT005421,ST001_S04,15,21,AVAILABLE,0
SEAT005422,ST001_S04,15,22,AVAILABLE,0
SEAT005423,ST001_S04,15,23,AVAILABLE,0
SEAT005424,ST001_S04,15,24,AVAILABLE,0
SEAT005425,ST001_S04,15,25,AVAILABLE,0
SEAT005426,ST001_S04,15,26,AVAILABLE,0
SEAT005427,ST001_S04,15,27,AVAILABLE,0
SEAT005428,ST001_S04,15,28,AVAILABLE,0
SEAT005429,ST001_S04,15,29,AVAILABLE,0
SEAT005430,ST001_S04,15,30,AVAILABLE,0
SEAT005431,ST001_S04,15,31,AVAILABLE,0
SEAT005432,ST001_S04,15,32,AVAILABLE,0
SEAT005433,ST001_S04,15,33,AVAILABLE,0
SEAT005434,ST001_S04,15,34,AVAILABLE,0
SEAT005435,ST001_S04,15,35,AVAILABLE,0
SEAT005436,ST001_S04,15,36,AVAILABLE,0
SEAT005437,ST001_S04,15,37,AVAILABLE,0
SEAT005438,ST001_S04,15,38,AVAILABLE,0
SEAT005439,ST001_S04,15,39,AVAILABLE,0
SEAT005440,ST001_S04,15,40,AVAILABLE,0
SEAT005441,ST001_S04,15,41,AVAILABLE,0
SEAT005442,ST001_S04,15,42,AVAILABLE,0
SEAT005443,ST001_S04,15,43,AVAILABLE,0
SEAT005444,ST001_S04,15,44,AVAILABLE,0
SEAT005445,ST001_S04,15,45,AVAILABLE,0
SEAT005446,ST001_S04,15,46,AVAILABLE,0
SEAT005447,ST001_S04,15,47,AVAILABLE,0
SEAT005448,ST001_S04,15,48,AVAILABLE,0
SEAT005449,ST001_S04,15,49,AVAILABLE,0
SEAT005450,ST001_S04,15,50,AVAILABLE,0
SEAT005451,ST001_S04,15,51,AVAILABLE,0
SEAT005452,ST001_S04,15,52,AVAILABLE,0
SEAT005453,ST001_S04,15,53,AVAILABLE,0
SEAT005454,ST001_S04,15,54,AVAILABLE,0
SEAT005455,ST001_S04,15,55,AVAILABLE,0
SEAT005456,ST001_S04,15,56,AVAILABLE,0
SEAT005457,ST001_S04,15,57,AVAILABLE,0
SEAT005458,ST001_S04,15,58,AVAILABLE,0
SEAT005459,ST001_S04,15,59,AVAILABLE,0
SEAT005460,ST001_S04,15,60,AVAILABLE,0
SEAT005461,ST001_S04,15,61,AVAILABLE,0
SEAT005462,ST001_S04,15,62,AVAILABLE,0
SEAT005463,ST001_S04,15,63,AVAILABLE,0
SEAT005464,ST001_S04,15,64,AVAILABLE,0
SEAT005465,ST001_S04,15,65,AVAILABLE,0
SEAT005466,ST001_S04,15,66,AVAILABLE,0
SEAT005467,ST001_S04,15,67,AVAILABLE,0
SEAT005468,ST001_S04,15,68,AVAILABLE,0
SEAT005469,ST001_S04,15,69,AVAILABLE,0
SEAT005470,ST001_S04,15,70,AVAILABLE,0
SEAT005471,ST001_S04,15,71,AVAILABLE,0
SEAT005472,ST001_S04,15,72,AVAILABLE,0
SEAT005473,ST001_S04,15,73,AVAILABLE,0
SEAT005474,ST001_S04,15,74,AVAILABLE,0
SEAT005475,ST001_S04,15,75,AVAILABLE,0
SEAT005476,ST001_S04,15,76,AVAILABLE,0
SEAT005477,ST001_S04,15,77,AVAILABLE,0
SEAT005478,ST001_S04,15,78,AVAILABLE,0
SEAT005479,ST001_S04,15,79,AVAILABLE,0
SEAT005480,ST001_S04,15,80,AVAILABLE,0
SEAT005481,ST001_S04,15,81,AVAILABLE,0
SEAT005482,ST001_S04,15,82,AVAILABLE,0
SEAT005483,ST001_S04,15,83,AVAILABLE,0
SEAT005484,ST001_S04,15,84,AVAILABLE,0
SEAT005485,ST001_S04,15,85,AVAILABLE,0
SEAT005486,ST001_S04,15,86,AVAILABLE,0
SEAT005487,ST001_S04,15,87,AVAILABLE,0
SEAT005488,ST001_S04,15,88,AVAILABLE,0
SEAT005489,ST001_S04,15,89,AVAILABLE,0
SEAT005490,ST001_S04,15,90,AVAILABLE,0
SEAT005491,ST001_S04,15,91,AVAILABLE,0
SEAT005492,ST001_S04,15,92,AVAILABLE,0
SEAT005493,ST001_S04,15,93,AVAILABLE,0
SEAT005494,ST001_S04,15,94,AVAILABLE,0
SEAT005495,ST001_S04,15,95,AVAILABLE,0
SEAT005496,ST001_S04,15,96,AVAILABLE,0
SEAT005497,ST001_S04,15,97,AVAILABLE,0
SEAT005498,ST001_S04,15,98,AVAILABLE,0
SEAT005499,ST001_S04,15,99,AVAILABLE,0
SEAT005500,ST001_S04,15,100,AVAILABLE,0
SEAT005501,ST001_S04,16,1,AVAILABLE,0
SEAT005502,ST001_S04,16,2,AVAILABLE,0
SEAT005503,ST001_S04,16,3,AVAILABLE,0
SEAT005504,ST001_S04,16,4,AVAILABLE,0
SEAT005505,ST001_S04,16,5,AVAILABLE,0
SEAT005506,ST001_S04,16,6,AVAILABLE,0
SEAT005507,ST001_S04,16,7,AVAILABLE,0
SEAT005508,ST001_S04,16,8,AVAILABLE,0
SEAT005509,ST001_S04,16,9,AVAILABLE,0
SEAT005510,ST001_S04,16,10,AVAILABLE,0
SEAT005511,ST001_S04,16,11,AVAILABLE,0
SEAT005512,ST001_S04,16,12,AVAILABLE,0
SEAT005513,ST001_S04,16,13,AVAILABLE,0
SEAT005514,ST001_S04,16,14,AVAILABLE,0
SEAT005515,ST001_S04,16,15,AVAILABLE,0
SEAT005516,ST001_S04,16,16,AVAILABLE,0
SEAT005517,ST001_S04,16,17,AVAILABLE,0
SEAT005518,ST001_S04,16,18,AVAILABLE,0
SEAT005519,ST001_S04,16,19,AVAILABLE,0
SEAT005520,ST001_S04,16,20,AVAILABLE,0
SEAT005521,ST001_S04,16,21,AVAILABLE,0
SEAT005522,ST001_S04,16,22,AVAILABLE,0
SEAT005523,ST001_S04,16,23,AVAILABLE,0
SEAT005524,ST001_S04,16,24,AVAILABLE,0
SEAT005525,ST001_S04,16,25,AVAILABLE,0
SEAT005526,ST001_S04,16,26,AVAILABLE,0
SEAT005527,ST001_S04,16,27,AVAILABLE,0
SEAT005528,ST001_S04,16,28,AVAILABLE,0
SEAT005529,ST001_S04,16,29,AVAILABLE,0
SEAT005530,ST001_S04,16,30,AVAILABLE,0
SEAT005531,ST001_S04,16,31,AVAILABLE,0
SEAT005532,ST001_S04,16,32,AVAILABLE,0
SEAT005533,ST001_S04,16,33,AVAILABLE,0
SEAT005534,ST001_S04,16,34,AVAILABLE,0
SEAT005535,ST001_S04,16,35,AVAILABLE,0
SEAT005536,ST001_S04,16,36,AVAILABLE,0
SEAT005537,ST001_S04,16,37,AVAILABLE,0
SEAT005538,ST001_S04,16,38,AVAILABLE,0
SEAT005539,ST001_S04,16,39,AVAILABLE,0
SEAT005540,ST001_S04,16,40,AVAILABLE,0
SEAT005541,ST001_S04,16,41,AVAILABLE,0
SEAT005542,ST001_S04,16,42,AVAILABLE,0
SEAT005543,ST001_S04,16,43,AVAILABLE,0
SEAT005544,ST001_S04,16,44,AVAILABLE,0
SEAT005545,ST001_S04,16,45,AVAILABLE,0
SEAT005546,ST001_S04,16,46,AVAILABLE,0
SEAT005547,ST001_S04,16,47,AVAILABLE,0
SEAT005548,ST001_S04,16,48,AVAILABLE,0
SEAT005549,ST001_S04,16,49,AVAILABLE,0
SEAT005550,ST001_S04,16,50,AVAILABLE,0
SEAT005551,ST001_S04,16,51,AVAILABLE,0
SEAT005552,ST001_S04,16,52,AVAILABLE,0
SEAT005553,ST001_S04,16,53,AVAILABLE,0
SEAT005554,ST001_S04,16,54,AVAILABLE,0
SEAT005555,ST001_S04,16,55,AVAILABLE,0
SEAT005556,ST001_S04,16,56,AVAILABLE,0
SEAT005557,ST001_S04,16,57,AVAILABLE,0
SEAT005558,ST001_S04,16,58,AVAILABLE,0
SEAT005559,ST001_S04,16,59,AVAILABLE,0
SEAT005560,ST001_S04,16,60,AVAILABLE,0
SEAT005561,ST001_S04,16,61,AVAILABLE,0
SEAT005562,ST001_S04,16,62,AVAILABLE,0
SEAT005563,ST001_S04,16,63,AVAILABLE,0
SEAT005564,ST001_S04,16,64,AVAILABLE,0
SEAT005565,ST001_S04,16,65,AVAILABLE,0
SEAT005566,ST001_S04,16,66,AVAILABLE,0
SEAT005567,ST001_S04,16,67,AVAILABLE,0
SEAT005568,ST001_S04,16,68,AVAILABLE,0
SEAT005569,ST001_S04,16,69,AVAILABLE,0
SEAT005570,ST001_S04,16,70,AVAILABLE,0
SEAT005571,ST001_S04,16,71,AVAILABLE,0
SEAT005572,ST001_S04,16,72,AVAILABLE,0
SEAT005573,ST001_S04,16,73,AVAILABLE,0
SEAT005574,ST001_S04,16,74,AVAILABLE,0
SEAT005575,ST001_S04,16,75,AVAILABLE,0
SEAT005576,ST001_S04,16,76,AVAILABLE,0
SEAT005577,ST001_S04,16,77,AVAILABLE,0
SEAT005578,ST001_S04,16,78,AVAILABLE,0
SEAT005579,ST001_S04,16,79,AVAILABLE,0
SEAT005580,ST001_S04,16,80,AVAILABLE,0
SEAT005581,ST001_S04,16,81,AVAILABLE,0
SEAT005582,ST001_S04,16,82,AVAILABLE,0
SEAT005583,ST001_S04,16,83,AVAILABLE,0
SEAT005584,ST001_S04,16,84,AVAILABLE,0
SEAT005585,ST001_S04,16,85,AVAILABLE,0
SEAT005586,ST001_S04,16,86,AVAILABLE,0
SEAT005587,ST001_S04,16,87,AVAILABLE,0
SEAT005588,ST001_S04,16,88,AVAILABLE,0
SEAT005589,ST001_S04,16,89,AVAILABLE,0
SEAT005590,ST001_S04,16,90,AVAILABLE,0
SEAT005591,ST001_S04,16,91,AVAILABLE,0
SEAT005592,ST001_S04,16,92,AVAILABLE,0
SEAT005593,ST001_S04,16,93,AVAILABLE,0
SEAT005594,ST001_S04,16,94,AVAILABLE,0
SEAT005595,ST001_S04,16,95,AVAILABLE,0
SEAT005596,ST001_S04,16,96,AVAILABLE,0
SEAT005597,ST001_S04,16,97,AVAILABLE,0
SEAT005598,ST001_S04,16,98,AVAILABLE,0
SEAT005599,ST001_S04,16,99,AVAILABLE,0
SEAT005600,ST001_S04,16,100,AVAILABLE,0
SEAT005601,ST001_S04,17,1,AVAILABLE,0
SEAT005602,ST001_S04,17,2,AVAILABLE,0
SEAT005603,ST001_S04,17,3,AVAILABLE,0
SEAT005604,ST001_S04,17,4,AVAILABLE,0
SEAT005605,ST001_S04,17,5,AVAILABLE,0
SEAT005606,ST001_S04,17,6,AVAILABLE,0
SEAT005607,ST001_S04,17,7,AVAILABLE,0
SEAT005608,ST001_S04,17,8,AVAILABLE,0
SEAT005609,ST001_S04,17,9,AVAILABLE,0
SEAT005610,ST001_S04,17,10,AVAILABLE,0
SEAT005611,ST001_S04,17,11,AVAILABLE,0
SEAT005612,ST001_S04,17,12,AVAILABLE,0
SEAT005613,ST001_S04,17,13,AVAILABLE,0
SEAT005614,ST001_S04,17,14,AVAILABLE,0
SEAT005615,ST001_S04,17,15,AVAILABLE,0
SEAT005616,ST001_S04,17,16,AVAILABLE,0
SEAT005617,ST001_S04,17,17,AVAILABLE,0
SEAT005618,ST001_S04,17,18,AVAILABLE,0
SEAT005619,ST001_S04,17,19,AVAILABLE,0
SEAT005620,ST001_S04,17,20,AVAILABLE,0
SEAT005621,ST001_S04,17,21,AVAILABLE,0
SEAT005622,ST001_S04,17,22,AVAILABLE,0
SEAT005623,ST001_S04,17,23,AVAILABLE,0
SEAT005624,ST001_S04,17,24,AVAILABLE,0
SEAT005625,ST001_S04,17,25,AVAILABLE,0
SEAT005626,ST001_S04,17,26,AVAILABLE,0
SEAT005627,ST001_S04,17,27,AVAILABLE,0
SEAT005628,ST001_S04,17,28,AVAILABLE,0
SEAT005629,ST001_S04,17,29,AVAILABLE,0
SEAT005630,ST001_S04,17,30,AVAILABLE,0
SEAT005631,ST001_S04,17,31,AVAILABLE,0
SEAT005632,ST001_S04,17,32,AVAILABLE,0
SEAT005633,ST001_S04,17,33,AVAILABLE,0
SEAT005634,ST001_S04,17,34,AVAILABLE,0
SEAT005635,ST001_S04,17,35,AVAILABLE,0
SEAT005636,ST001_S04,17,36,AVAILABLE,0
SEAT005637,ST001_S04,17,37,AVAILABLE,0
SEAT005638,ST001_S04,17,38,AVAILABLE,0
SEAT005639,ST001_S04,17,39,AVAILABLE,0
SEAT005640,ST001_S04,17,40,AVAILABLE,0
SEAT005641,ST001_S04,17,41,AVAILABLE,0
SEAT005642,ST001_S04,17,42,AVAILABLE,0
SEAT005643,ST001_S04,17,43,AVAILABLE,0
SEAT005644,ST001_S04,17,44,AVAILABLE,0
SEAT005645,ST001_S04,17,45,AVAILABLE,0
SEAT005646,ST001_S04,17,46,AVAILABLE,0
SEAT005647,ST001_S04,17,47,AVAILABLE,0
SEAT005648,ST001_S04,17,48,AVAILABLE,0
SEAT005649,ST001_S04,17,49,AVAILABLE,0
SEAT005650,ST001_S04,17,50,AVAILABLE,0
SEAT005651,ST001_S04,17,51,AVAILABLE,0
SEAT005652,ST001_S04,17,52,AVAILABLE,0
SEAT005653,ST001_S04,17,53,AVAILABLE,0
SEAT005654,ST001_S04,17,54,AVAILABLE,0
SEAT005655,ST001_S04,17,55,AVAILABLE,0
SEAT005656,ST001_S04,17,56,AVAILABLE,0
SEAT005657,ST001_S04,17,57,AVAILABLE,0
SEAT005658,ST001_S04,17,58,AVAILABLE,0
SEAT005659,ST001_S04,17,59,AVAILABLE,0
SEAT005660,ST001_S04,17,60,AVAILABLE,0
SEAT005661,ST001_S04,17,61,AVAILABLE,0
SEAT005662,ST001_S04,17,62,AVAILABLE,0
SEAT005663,ST001_S04,17,63,AVAILABLE,0
SEAT005664,ST001_S04,17,64,AVAILABLE,0
SEAT005665,ST001_S04,17,65,AVAILABLE,0
SEAT005666,ST001_S04,17,66,AVAILABLE,0
SEAT005667,ST001_S04,17,67,AVAILABLE,0
SEAT005668,ST001_S04,17,68,AVAILABLE,0
SEAT005669,ST001_S04,17,69,AVAILABLE,0
SEAT005670,ST001_S04,17,70,AVAILABLE,0
SEAT005671,ST001_S04,17,71,AVAILABLE,0
SEAT005672,ST001_S04,17,72,AVAILABLE,0
SEAT005673,ST001_S04,17,73,AVAILABLE,0
SEAT005674,ST001_S04,17,74,AVAILABLE,0
SEAT005675,ST001_S04,17,75,AVAILABLE,0
SEAT005676,ST001_S04,17,76,AVAILABLE,0
SEAT005677,ST001_S04,17,77,AVAILABLE,0
SEAT005678,ST001_S04,17,78,AVAILABLE,0
SEAT005679,ST001_S04,17,79,AVAILABLE,0
SEAT005680,ST001_S04,17,80,AVAILABLE,0
SEAT005681,ST001_S04,17,81,AVAILABLE,0
SEAT005682,ST001_S04,17,82,AVAILABLE,0
SEAT005683,ST001_S04,17,83,AVAILABLE,0
SEAT005684,ST001_S04,17,84,AVAILABLE,0
SEAT005685,ST001_S04,17,85,AVAILABLE,0
SEAT005686,ST001_S04,17,86,AVAILABLE,0
SEAT005687,ST001_S04,17,87,AVAILABLE,0
SEAT005688,ST001_S04,17,88,AVAILABLE,0
SEAT005689,ST001_S04,17,89,AVAILABLE,0
SEAT005690,ST001_S04,17,90,AVAILABLE,0
SEAT005691,ST001_S04,17,91,AVAILABLE,0
SEAT005692,ST001_S04,17,92,AVAILABLE,0
SEAT005693,ST001_S04,17,93,AVAILABLE,0
SEAT005694,ST001_S04,17,94,AVAILABLE,0
SEAT005695,ST001_S04,17,95,AVAILABLE,0
SEAT005696,ST001_S04,17,96,AVAILABLE,0
SEAT005697,ST001_S04,17,97,AVAILABLE,0
SEAT005698,ST001_S04,17,98,AVAILABLE,0
SEAT005699,ST001_S04,17,99,AVAILABLE,0
SEAT005700,ST001_S04,17,100,AVAILABLE,0
SEAT005701,ST001_S04,18,1,AVAILABLE,0
SEAT005702,ST001_S04,18,2,AVAILABLE,0
SEAT005703,ST001_S04,18,3,AVAILABLE,0
SEAT005704,ST001_S04,18,4,AVAILABLE,0
SEAT005705,ST001_S04,18,5,AVAILABLE,0
SEAT005706,ST001_S04,18,6,AVAILABLE,0
SEAT005707,ST001_S04,18,7,AVAILABLE,0
SEAT005708,ST001_S04,18,8,AVAILABLE,0
SEAT005709,ST001_S04,18,9,AVAILABLE,0
SEAT005710,ST001_S04,18,10,AVAILABLE,0
SEAT005711,ST001_S04,18,11,AVAILABLE,0
SEAT005712,ST001_S04,18,12,AVAILABLE,0
SEAT005713,ST001_S04,18,13,AVAILABLE,0
SEAT005714,ST001_S04,18,14,AVAILABLE,0
SEAT005715,ST001_S04,18,15,AVAILABLE,0
SEAT005716,ST001_S04,18,16,AVAILABLE,0
SEAT005717,ST001_S04,18,17,AVAILABLE,0
SEAT005718,ST001_S04,18,18,AVAILABLE,0
SEAT005719,ST001_S04,18,19,AVAILABLE,0
SEAT005720,ST001_S04,18,20,AVAILABLE,0
SEAT005721,ST001_S04,18,21,AVAILABLE,0
SEAT005722,ST001_S04,18,22,AVAILABLE,0
SEAT005723,ST001_S04,18,23,AVAILABLE,0
SEAT005724,ST001_S04,18,24,AVAILABLE,0
SEAT005725,ST001_S04,18,25,AVAILABLE,0
SEAT005726,ST001_S04,18,26,AVAILABLE,0
SEAT005727,ST001_S04,18,27,AVAILABLE,0
SEAT005728,ST001_S04,18,28,AVAILABLE,0
SEAT005729,ST001_S04,18,29,AVAILABLE,0
SEAT005730,ST001_S04,18,30,AVAILABLE,0
SEAT005731,ST001_S04,18,31,AVAILABLE,0
SEAT005732,ST001_S04,18,32,AVAILABLE,0
SEAT005733,ST001_S04,18,33,AVAILABLE,0
SEAT005734,ST001_S04,18,34,AVAILABLE,0
SEAT005735,ST001_S04,18,35,AVAILABLE,0
SEAT005736,ST001_S04,18,36,AVAILABLE,0
SEAT005737,ST001_S04,18,37,AVAILABLE,0
SEAT005738,ST001_S04,18,38,AVAILABLE,0
SEAT005739,ST001_S04,18,39,AVAILABLE,0
SEAT005740,ST001_S04,18,40,AVAILABLE,0
SEAT005741,ST001_S04,18,41,AVAILABLE,0
SEAT005742,ST001_S04,18,42,AVAILABLE,0
SEAT005743,ST001_S04,18,43,AVAILABLE,0
SEAT005744,ST001_S04,18,44,AVAILABLE,0
SEAT005745,ST001_S04,18,45,AVAILABLE,0
SEAT005746,ST001_S04,18,46,AVAILABLE,0
SEAT005747,ST001_S04,18,47,AVAILABLE,0
SEAT005748,ST001_S04,18,48,AVAILABLE,0
SEAT005749,ST001_S04,18,49,AVAILABLE,0
SEAT005750,ST001_S04,18,50,AVAILABLE,0
SEAT005751,ST001_S04,18,51,AVAILABLE,0
SEAT005752,ST001_S04,18,52,AVAILABLE,0
SEAT005753,ST001_S04,18,53,AVAILABLE,0
SEAT005754,ST001_S04,18,54,AVAILABLE,0
SEAT005755,ST001_S04,18,55,AVAILABLE,0
SEAT005756,ST001_S04,18,56,AVAILABLE,0
SEAT005757,ST001_S04,18,57,AVAILABLE,0
SEAT005758,ST001_S04,18,58,AVAILABLE,0
SEAT005759,ST001_S04,18,59,AVAILABLE,0
SEAT005760,ST001_S04,18,60,AVAILABLE,0
SEAT005761,ST001_S04,18,61,AVAILABLE,0
SEAT005762,ST001_S04,18,62,AVAILABLE,0
SEAT005763,ST001_S04,18,63,AVAILABLE,0
SEAT005764,ST001_S04,18,64,AVAILABLE,0
SEAT005765,ST001_S04,18,65,AVAILABLE,0
SEAT005766,ST001_S04,18,66,AVAILABLE,0
SEAT005767,ST001_S04,18,67,AVAILABLE,0
SEAT005768,ST001_S04,18,68,AVAILABLE,0
SEAT005769,ST001_S04,18,69,AVAILABLE,0
SEAT005770,ST001_S04,18,70,AVAILABLE,0
SEAT005771,ST001_S04,18,71,AVAILABLE,0
SEAT005772,ST001_S04,18,72,AVAILABLE,0
SEAT005773,ST001_S04,18,73,AVAILABLE,0
SEAT005774,ST001_S04,18,74,AVAILABLE,0
SEAT005775,ST001_S04,18,75,AVAILABLE,0
SEAT005776,ST001_S04,18,76,AVAILABLE,0
SEAT005777,ST001_S04,18,77,AVAILABLE,0
SEAT005778,ST001_S04,18,78,AVAILABLE,0
SEAT005779,ST001_S04,18,79,AVAILABLE,0
SEAT005780,ST001_S04,18,80,AVAILABLE,0
SEAT005781,ST001_S04,18,81,AVAILABLE,0
SEAT005782,ST001_S04,18,82,AVAILABLE,0
SEAT005783,ST001_S04,18,83,AVAILABLE,0
SEAT005784,ST001_S04,18,84,AVAILABLE,0
SEAT005785,ST001_S04,18,85,AVAILABLE,0
SEAT005786,ST001_S04,18,86,AVAILABLE,0
SEAT005787,ST001_S04,18,87,AVAILABLE,0
SEAT005788,ST001_S04,18,88,AVAILABLE,0
SEAT005789,ST001_S04,18,89,AVAILABLE,0
SEAT005790,ST001_S04,18,90,AVAILABLE,0
SEAT005791,ST001_S04,18,91,AVAILABLE,0
SEAT005792,ST001_S04,18,92,AVAILABLE,0
SEAT005793,ST001_S04,18,93,AVAILABLE,0
SEAT005794,ST001_S04,18,94,AVAILABLE,0
SEAT005795,ST001_S04,18,95,AVAILABLE,0
SEAT005796,ST001_S04,18,96,AVAILABLE,0
SEAT005797,ST001_S04,18,97,AVAILABLE,0
SEAT005798,ST001_S04,18,98,AVAILABLE,0
SEAT005799,ST001_S04,18,99,AVAILABLE,0
SEAT005800,ST001_S04,18,100,AVAILABLE,0
SEAT005801,ST001_S04,19,1,AVAILABLE,0
SEAT005802,ST001_S04,19,2,AVAILABLE,0
SEAT005803,ST001_S04,19,3,AVAILABLE,0
SEAT005804,ST001_S04,19,4,AVAILABLE,0
SEAT005805,ST001_S04,19,5,AVAILABLE,0
SEAT005806,ST001_S04,19,6,AVAILABLE,0
SEAT005807,ST001_S04,19,7,AVAILABLE,0
SEAT005808,ST001_S04,19,8,AVAILABLE,0
SEAT005809,ST001_S04,19,9,AVAILABLE,0
SEAT005810,ST001_S04,19,10,AVAILABLE,0
SEAT005811,ST001_S04,19,11,AVAILABLE,0
SEAT005812,ST001_S04,19,12,AVAILABLE,0
SEAT005813,ST001_S04,19,13,AVAILABLE,0
SEAT005814,ST001_S04,19,14,AVAILABLE,0
SEAT005815,ST001_S04,19,15,AVAILABLE,0
SEAT005816,ST001_S04,19,16,AVAILABLE,0
SEAT005817,ST001_S04,19,17,AVAILABLE,0
SEAT005818,ST001_S04,19,18,AVAILABLE,0
SEAT005819,ST001_S04,19,19,AVAILABLE,0
SEAT005820,ST001_S04,19,20,AVAILABLE,0
SEAT005821,ST001_S04,19,21,AVAILABLE,0
SEAT005822,ST001_S04,19,22,AVAILABLE,0
SEAT005823,ST001_S04,19,23,AVAILABLE,0
SEAT005824,ST001_S04,19,24,AVAILABLE,0
SEAT005825,ST001_S04,19,25,AVAILABLE,0
SEAT005826,ST001_S04,19,26,AVAILABLE,0
SEAT005827,ST001_S04,19,27,AVAILABLE,0
SEAT005828,ST001_S04,19,28,AVAILABLE,0
SEAT005829,ST001_S04,19,29,AVAILABLE,0
SEAT005830,ST001_S04,19,30,AVAILABLE,0
SEAT005831,ST001_S04,19,31,AVAILABLE,0
SEAT005832,ST001_S04,19,32,AVAILABLE,0
SEAT005833,ST001_S04,19,33,AVAILABLE,0
SEAT005834,ST001_S04,19,34,AVAILABLE,0
SEAT005835,ST001_S04,19,35,AVAILABLE,0
SEAT005836,ST001_S04,19,36,AVAILABLE,0
SEAT005837,ST001_S04,19,37,AVAILABLE,0
SEAT005838,ST001_S04,19,38,AVAILABLE,0
SEAT005839,ST001_S04,19,39,AVAILABLE,0
SEAT005840,ST001_S04,19,40,AVAILABLE,0
SEAT005841,ST001_S04,19,41,AVAILABLE,0
SEAT005842,ST001_S04,19,42,AVAILABLE,0
SEAT005843,ST001_S04,19,43,AVAILABLE,0
SEAT005844,ST001_S04,19,44,AVAILABLE,0
SEAT005845,ST001_S04,19,45,AVAILABLE,0
SEAT005846,ST001_S04,19,46,AVAILABLE,0
SEAT005847,ST001_S04,19,47,AVAILABLE,0
SEAT005848,ST001_S04,19,48,AVAILABLE,0
SEAT005849,ST001_S04,19,49,AVAILABLE,0
SEAT005850,ST001_S04,19,50,AVAILABLE,0
SEAT005851,ST001_S04,19,51,AVAILABLE,0
SEAT005852,ST001_S04,19,52,AVAILABLE,0
SEAT005853,ST001_S04,19,53,AVAILABLE,0
SEAT005854,ST001_S04,19,54,AVAILABLE,0
SEAT005855,ST001_S04,19,55,AVAILABLE,0
SEAT005856,ST001_S04,19,56,AVAILABLE,0
SEAT005857,ST001_S04,19,57,AVAILABLE,0
SEAT005858,ST001_S04,19,58,AVAILABLE,0
SEAT005859,ST001_S04,19,59,AVAILABLE,0
SEAT005860,ST001_S04,19,60,AVAILABLE,0
SEAT005861,ST001_S04,19,61,AVAILABLE,0
SEAT005862,ST001_S04,19,62,AVAILABLE,0
SEAT005863,ST001_S04,19,63,AVAILABLE,0
SEAT005864,ST001_S04,19,64,AVAILABLE,0
SEAT005865,ST001_S04,19,65,AVAILABLE,0
SEAT005866,ST001_S04,19,66,AVAILABLE,0
SEAT005867,ST001_S04,19,67,AVAILABLE,0
SEAT005868,ST001_S04,19,68,AVAILABLE,0
SEAT005869,ST001_S04,19,69,AVAILABLE,0
SEAT005870,ST001_S04,19,70,AVAILABLE,0
SEAT005871,ST001_S04,19,71,AVAILABLE,0
SEAT005872,ST001_S04,19,72,AVAILABLE,0
SEAT005873,ST001_S04,19,73,AVAILABLE,0
SEAT005874,ST001_S04,19,74,AVAILABLE,0
SEAT005875,ST001_S04,19,75,AVAILABLE,0
SEAT005876,ST001_S04,19,76,AVAILABLE,0
SEAT005877,ST001_S04,19,77,AVAILABLE,0
SEAT005878,ST001_S04,19,78,AVAILABLE,0
SEAT005879,ST001_S04,19,79,AVAILABLE,0
SEAT005880,ST001_S04,19,80,AVAILABLE,0
SEAT005881,ST001_S04,19,81,AVAILABLE,0
SEAT005882,ST001_S04,19,82,AVAILABLE,0
SEAT005883,ST001_S04,19,83,AVAILABLE,0
SEAT005884,ST001_S04,19,84,AVAILABLE,0
SEAT005885,ST001_S04,19,85,AVAILABLE,0
SEAT005886,ST001_S04,19,86,AVAILABLE,0
SEAT005887,ST001_S04,19,87,AVAILABLE,0
SEAT005888,ST001_S04,19,88,AVAILABLE,0
SEAT005889,ST001_S04,19,89,AVAILABLE,0
SEAT005890,ST001_S04,19,90,AVAILABLE,0
SEAT005891,ST001_S04,19,91,AVAILABLE,0
SEAT005892,ST001_S04,19,92,AVAILABLE,0
SEAT005893,ST001_S04,19,93,AVAILABLE,0
SEAT005894,ST001_S04,19,94,AVAILABLE,0
SEAT005895,ST001_S04,19,95,AVAILABLE,0
SEAT005896,ST001_S04,19,96,AVAILABLE,0
SEAT005897,ST001_S04,19,97,AVAILABLE,0
SEAT005898,ST001_S04,19,98,AVAILABLE,0
SEAT005899,ST001_S04,19,99,AVAILABLE,0
SEAT005900,ST001_S04,19,100,AVAILABLE,0
SEAT005901,ST001_S04,20,1,AVAILABLE,0
SEAT005902,ST001_S04,20,2,AVAILABLE,0
SEAT005903,ST001_S04,20,3,AVAILABLE,0
SEAT005904,ST001_S04,20,4,AVAILABLE,0
SEAT005905,ST001_S04,20,5,AVAILABLE,0
SEAT005906,ST001_S04,20,6,AVAILABLE,0
SEAT005907,ST001_S04,20,7,AVAILABLE,0
SEAT005908,ST001_S04,20,8,AVAILABLE,0
SEAT005909,ST001_S04,20,9,AVAILABLE,0
SEAT005910,ST001_S04,20,10,AVAILABLE,0
SEAT005911,ST001_S04,20,11,AVAILABLE,0
SEAT005912,ST001_S04,20,12,AVAILABLE,0
SEAT005913,ST001_S04,20,13,AVAILABLE,0
SEAT005914,ST001_S04,20,14,AVAILABLE,0
SEAT005915,ST001_S04,20,15,AVAILABLE,0
SEAT005916,ST001_S04,20,16,AVAILABLE,0
SEAT005917,ST001_S04,20,17,AVAILABLE,0
SEAT005918,ST001_S04,20,18,AVAILABLE,0
SEAT005919,ST001_S04,20,19,AVAILABLE,0
SEAT005920,ST001_S04,20,20,AVAILABLE,0
SEAT005921,ST001_S04,20,21,AVAILABLE,0
SEAT005922,ST001_S04,20,22,AVAILABLE,0
SEAT005923,ST001_S04,20,23,AVAILABLE,0
SEAT005924,ST001_S04,20,24,AVAILABLE,0
SEAT005925,ST001_S04,20,25,AVAILABLE,0
SEAT005926,ST001_S04,20,26,AVAILABLE,0
SEAT005927,ST001_S04,20,27,AVAILABLE,0
SEAT005928,ST001_S04,20,28,AVAILABLE,0
SEAT005929,ST001_S04,20,29,AVAILABLE,0
SEAT005930,ST001_S04,20,30,AVAILABLE,0
SEAT005931,ST001_S04,20,31,AVAILABLE,0
SEAT005932,ST001_S04,20,32,AVAILABLE,0
SEAT005933,ST001_S04,20,33,AVAILABLE,0
SEAT005934,ST001_S04,20,34,AVAILABLE,0
SEAT005935,ST001_S04,20,35,AVAILABLE,0
SEAT005936,ST001_S04,20,36,AVAILABLE,0
SEAT005937,ST001_S04,20,37,AVAILABLE,0
SEAT005938,ST001_S04,20,38,AVAILABLE,0
SEAT005939,ST001_S04,20,39,AVAILABLE,0
SEAT005940,ST001_S04,20,40,AVAILABLE,0
SEAT005941,ST001_S04,20,41,AVAILABLE,0
SEAT005942,ST001_S04,20,42,AVAILABLE,0
SEAT005943,ST001_S04,20,43,AVAILABLE,0
SEAT005944,ST001_S04,20,44,AVAILABLE,0
SEAT005945,ST001_S04,20,45,AVAILABLE,0
SEAT005946,ST001_S04,20,46,AVAILABLE,0
SEAT005947,ST001_S04,20,47,AVAILABLE,0
SEAT005948,ST001_S04,20,48,AVAILABLE,0
SEAT005949,ST001_S04,20,49,AVAILABLE,0
SEAT005950,ST001_S04,20,50,AVAILABLE,0
SEAT005951,ST001_S04,20,51,AVAILABLE,0
SEAT005952,ST001_S04,20,52,AVAILABLE,0
SEAT005953,ST001_S04,20,53,AVAILABLE,0
SEAT005954,ST001_S04,20,54,AVAILABLE,0
SEAT005955,ST001_S04,20,55,AVAILABLE,0
SEAT005956,ST001_S04,20,56,AVAILABLE,0
SEAT005957,ST001_S04,20,57,AVAILABLE,0
SEAT005958,ST001_S04,20,58,AVAILABLE,0
SEAT005959,ST001_S04,20,59,AVAILABLE,0
SEAT005960,ST001_S04,20,60,AVAILABLE,0
SEAT005961,ST001_S04,20,61,AVAILABLE,0
SEAT005962,ST001_S04,20,62,AVAILABLE,0
SEAT005963,ST001_S04,20,63,AVAILABLE,0
SEAT005964,ST001_S04,20,64,AVAILABLE,0
SEAT005965,ST001_S04,20,65,AVAILABLE,0
SEAT005966,ST001_S04,20,66,AVAILABLE,0
SEAT005967,ST001_S04,20,67,AVAILABLE,0
SEAT005968,ST001_S04,20,68,AVAILABLE,0
SEAT005969,ST001_S04,20,69,AVAILABLE,0
SEAT005970,ST001_S04,20,70,AVAILABLE,0
SEAT005971,ST001_S04,20,71,AVAILABLE,0
SEAT005972,ST001_S04,20,72,AVAILABLE,0
SEAT005973,ST001_S04,20,73,AVAILABLE,0
SEAT005974,ST001_S04,20,74,AVAILABLE,0
SEAT005975,ST001_S04,20,75,AVAILABLE,0
SEAT005976,ST001_S04,20,76,AVAILABLE,0
SEAT005977,ST001_S04,20,77,AVAILABLE,0
SEAT005978,ST001_S04,20,78,AVAILABLE,0
SEAT005979,ST001_S04,20,79,AVAILABLE,0
SEAT005980,ST001_S04,20,80,AVAILABLE,0
SEAT005981,ST001_S04,20,81,AVAILABLE,0
SEAT005982,ST001_S04,20,82,AVAILABLE,0
SEAT005983,ST001_S04,20,83,AVAILABLE,0
SEAT005984,ST001_S04,20,84,AVAILABLE,0
SEAT005985,ST001_S04,20,85,AVAILABLE,0
SEAT005986,ST001_S04,20,86,AVAILABLE,0
SEAT005987,ST001_S04,20,87,AVAILABLE,0
SEAT005988,ST001_S04,20,88,AVAILABLE,0
SEAT005989,ST001_S04,20,89,AVAILABLE,0
SEAT005990,ST001_S04,20,90,AVAILABLE,0
SEAT005991,ST001_S04,20,91,AVAILABLE,0
SEAT005992,ST001_S04,20,92,AVAILABLE,0
SEAT005993,ST001_S04,20,93,AVAILABLE,0
SEAT005994,ST001_S04,20,94,AVAILABLE,0
SEAT005995,ST001_S04,20,95,AVAILABLE,0
SEAT005996,ST001_S04,20,96,AVAILABLE,0
SEAT005997,ST001_S04,20,97,AVAILABLE,0
SEAT005998,ST001_S04,20,98,AVAILABLE,0
SEAT005999,ST001_S04,20,99,AVAILABLE,0
SEAT006000,ST001_S04,20,100,AVAILABLE,0
SEAT006001,ST001_S04,21,1,AVAILABLE,0
SEAT006002,ST001_S04,21,2,AVAILABLE,0
SEAT006003,ST001_S04,21,3,AVAILABLE,0
SEAT006004,ST001_S04,21,4,AVAILABLE,0
SEAT006005,ST001_S04,21,5,AVAILABLE,0
SEAT006006,ST001_S04,21,6,AVAILABLE,0
SEAT006007,ST001_S04,21,7,AVAILABLE,0
SEAT006008,ST001_S04,21,8,AVAILABLE,0
SEAT006009,ST001_S04,21,9,AVAILABLE,0
SEAT006010,ST001_S04,21,10,AVAILABLE,0
SEAT006011,ST001_S04,21,11,AVAILABLE,0
SEAT006012,ST001_S04,21,12,AVAILABLE,0
SEAT006013,ST001_S04,21,13,AVAILABLE,0
SEAT006014,ST001_S04,21,14,AVAILABLE,0
SEAT006015,ST001_S04,21,15,AVAILABLE,0
SEAT006016,ST001_S04,21,16,AVAILABLE,0
SEAT006017,ST001_S04,21,17,AVAILABLE,0
SEAT006018,ST001_S04,21,18,AVAILABLE,0
SEAT006019,ST001_S04,21,19,AVAILABLE,0
SEAT006020,ST001_S04,21,20,AVAILABLE,0
SEAT006021,ST001_S04,21,21,AVAILABLE,0
SEAT006022,ST001_S04,21,22,AVAILABLE,0
SEAT006023,ST001_S04,21,23,AVAILABLE,0
SEAT006024,ST001_S04,21,24,AVAILABLE,0
SEAT006025,ST001_S04,21,25,AVAILABLE,0
SEAT006026,ST001_S04,21,26,AVAILABLE,0
SEAT006027,ST001_S04,21,27,AVAILABLE,0
SEAT006028,ST001_S04,21,28,AVAILABLE,0
SEAT006029,ST001_S04,21,29,AVAILABLE,0
SEAT006030,ST001_S04,21,30,AVAILABLE,0
SEAT006031,ST001_S04,21,31,AVAILABLE,0
SEAT006032,ST001_S04,21,32,AVAILABLE,0
SEAT006033,ST001_S04,21,33,AVAILABLE,0
SEAT006034,ST001_S04,21,34,AVAILABLE,0
SEAT006035,ST001_S04,21,35,AVAILABLE,0
SEAT006036,ST001_S04,21,36,AVAILABLE,0
SEAT006037,ST001_S04,21,37,AVAILABLE,0
SEAT006038,ST001_S04,21,38,AVAILABLE,0
SEAT006039,ST001_S04,21,39,AVAILABLE,0
SEAT006040,ST001_S04,21,40,AVAILABLE,0
SEAT006041,ST001_S04,21,41,AVAILABLE,0
SEAT006042,ST001_S04,21,42,AVAILABLE,0
SEAT006043,ST001_S04,21,43,AVAILABLE,0
SEAT006044,ST001_S04,21,44,AVAILABLE,0
SEAT006045,ST001_S04,21,45,AVAILABLE,0
SEAT006046,ST001_S04,21,46,AVAILABLE,0
SEAT006047,ST001_S04,21,47,AVAILABLE,0
SEAT006048,ST001_S04,21,48,AVAILABLE,0
SEAT006049,ST001_S04,21,49,AVAILABLE,0
SEAT006050,ST001_S04,21,50,AVAILABLE,0
SEAT006051,ST001_S04,21,51,AVAILABLE,0
SEAT006052,ST001_S04,21,52,AVAILABLE,0
SEAT006053,ST001_S04,21,53,AVAILABLE,0
SEAT006054,ST001_S04,21,54,AVAILABLE,0
SEAT006055,ST001_S04,21,55,AVAILABLE,0
SEAT006056,ST001_S04,21,56,AVAILABLE,0
SEAT006057,ST001_S04,21,57,AVAILABLE,0
SEAT006058,ST001_S04,21,58,AVAILABLE,0
SEAT006059,ST001_S04,21,59,AVAILABLE,0
SEAT006060,ST001_S04,21,60,AVAILABLE,0
SEAT006061,ST001_S04,21,61,AVAILABLE,0
SEAT006062,ST001_S04,21,62,AVAILABLE,0
SEAT006063,ST001_S04,21,63,AVAILABLE,0
SEAT006064,ST001_S04,21,64,AVAILABLE,0
SEAT006065,ST001_S04,21,65,AVAILABLE,0
SEAT006066,ST001_S04,21,66,AVAILABLE,0
SEAT006067,ST001_S04,21,67,AVAILABLE,0
SEAT006068,ST001_S04,21,68,AVAILABLE,0
SEAT006069,ST001_S04,21,69,AVAILABLE,0
SEAT006070,ST001_S04,21,70,AVAILABLE,0
SEAT006071,ST001_S04,21,71,AVAILABLE,0
SEAT006072,ST001_S04,21,72,AVAILABLE,0
SEAT006073,ST001_S04,21,73,AVAILABLE,0
SEAT006074,ST001_S04,21,74,AVAILABLE,0
SEAT006075,ST001_S04,21,75,AVAILABLE,0
SEAT006076,ST001_S04,21,76,AVAILABLE,0
SEAT006077,ST001_S04,21,77,AVAILABLE,0
SEAT006078,ST001_S04,21,78,AVAILABLE,0
SEAT006079,ST001_S04,21,79,AVAILABLE,0
SEAT006080,ST001_S04,21,80,AVAILABLE,0
SEAT006081,ST001_S04,21,81,AVAILABLE,0
SEAT006082,ST001_S04,21,82,AVAILABLE,0
SEAT006083,ST001_S04,21,83,AVAILABLE,0
SEAT006084,ST001_S04,21,84,AVAILABLE,0
SEAT006085,ST001_S04,21,85,AVAILABLE,0
SEAT006086,ST001_S04,21,86,AVAILABLE,0
SEAT006087,ST001_S04,21,87,AVAILABLE,0
SEAT006088,ST001_S04,21,88,AVAILABLE,0
SEAT006089,ST001_S04,21,89,AVAILABLE,0
SEAT006090,ST001_S04,21,90,AVAILABLE,0
SEAT006091,ST001_S04,21,91,AVAILABLE,0
SEAT006092,ST001_S04,21,92,AVAILABLE,0
SEAT006093,ST001_S04,21,93,AVAILABLE,0
SEAT006094,ST001_S04,21,94,AVAILABLE,0
SEAT006095,ST001_S04,21,95,AVAILABLE,0
SEAT006096,ST001_S04,21,96,AVAILABLE,0
SEAT006097,ST001_S04,21,97,AVAILABLE,0
SEAT006098,ST001_S04,21,98,AVAILABLE,0
SEAT006099,ST001_S04,21,99,AVAILABLE,0
SEAT006100,ST001_S04,21,100,AVAILABLE,0
SEAT006101,ST001_S04,22,1,AVAILABLE,0
SEAT006102,ST001_S04,22,2,AVAILABLE,0
SEAT006103,ST001_S04,22,3,AVAILABLE,0
SEAT006104,ST001_S04,22,4,AVAILABLE,0
SEAT006105,ST001_S04,22,5,AVAILABLE,0
SEAT006106,ST001_S04,22,6,AVAILABLE,0
SEAT006107,ST001_S04,22,7,AVAILABLE,0
SEAT006108,ST001_S04,22,8,AVAILABLE,0
SEAT006109,ST001_S04,22,9,AVAILABLE,0
SEAT006110,ST001_S04,22,10,AVAILABLE,0
SEAT006111,ST001_S04,22,11,AVAILABLE,0
SEAT006112,ST001_S04,22,12,AVAILABLE,0
SEAT006113,ST001_S04,22,13,AVAILABLE,0
SEAT006114,ST001_S04,22,14,AVAILABLE,0
SEAT006115,ST001_S04,22,15,AVAILABLE,0
SEAT006116,ST001_S04,22,16,AVAILABLE,0
SEAT006117,ST001_S04,22,17,AVAILABLE,0
SEAT006118,ST001_S04,22,18,AVAILABLE,0
SEAT006119,ST001_S04,22,19,AVAILABLE,0
SEAT006120,ST001_S04,22,20,AVAILABLE,0
SEAT006121,ST001_S04,22,21,AVAILABLE,0
SEAT006122,ST001_S04,22,22,AVAILABLE,0
SEAT006123,ST001_S04,22,23,AVAILABLE,0
SEAT006124,ST001_S04,22,24,AVAILABLE,0
SEAT006125,ST001_S04,22,25,AVAILABLE,0
SEAT006126,ST001_S04,22,26,AVAILABLE,0
SEAT006127,ST001_S04,22,27,AVAILABLE,0
SEAT006128,ST001_S04,22,28,AVAILABLE,0
SEAT006129,ST001_S04,22,29,AVAILABLE,0
SEAT006130,ST001_S04,22,30,AVAILABLE,0
SEAT006131,ST001_S04,22,31,AVAILABLE,0
SEAT006132,ST001_S04,22,32,AVAILABLE,0
SEAT006133,ST001_S04,22,33,AVAILABLE,0
SEAT006134,ST001_S04,22,34,AVAILABLE,0
SEAT006135,ST001_S04,22,35,AVAILABLE,0
SEAT006136,ST001_S04,22,36,AVAILABLE,0
SEAT006137,ST001_S04,22,37,AVAILABLE,0
SEAT006138,ST001_S04,22,38,AVAILABLE,0
SEAT006139,ST001_S04,22,39,AVAILABLE,0
SEAT006140,ST001_S04,22,40,AVAILABLE,0
SEAT006141,ST001_S04,22,41,AVAILABLE,0
SEAT006142,ST001_S04,22,42,AVAILABLE,0
SEAT006143,ST001_S04,22,43,AVAILABLE,0
SEAT006144,ST001_S04,22,44,AVAILABLE,0
SEAT006145,ST001_S04,22,45,AVAILABLE,0
SEAT006146,ST001_S04,22,46,AVAILABLE,0
SEAT006147,ST001_S04,22,47,AVAILABLE,0
SEAT006148,ST001_S04,22,48,AVAILABLE,0
SEAT006149,ST001_S04,22,49,AVAILABLE,0
SEAT006150,ST001_S04,22,50,AVAILABLE,0
SEAT006151,ST001_S04,22,51,AVAILABLE,0
SEAT006152,ST001_S04,22,52,AVAILABLE,0
SEAT006153,ST001_S04,22,53,AVAILABLE,0
SEAT006154,ST001_S04,22,54,AVAILABLE,0
SEAT006155,ST001_S04,22,55,AVAILABLE,0
SEAT006156,ST001_S04,22,56,AVAILABLE,0
SEAT006157,ST001_S04,22,57,AVAILABLE,0
SEAT006158,ST001_S04,22,58,AVAILABLE,0
SEAT006159,ST001_S04,22,59,AVAILABLE,0
SEAT006160,ST001_S04,22,60,AVAILABLE,0
SEAT006161,ST001_S04,22,61,AVAILABLE,0
SEAT006162,ST001_S04,22,62,AVAILABLE,0
SEAT006163,ST001_S04,22,63,AVAILABLE,0
SEAT006164,ST001_S04,22,64,AVAILABLE,0
SEAT006165,ST001_S04,22,65,AVAILABLE,0
SEAT006166,ST001_S04,22,66,AVAILABLE,0
SEAT006167,ST001_S04,22,67,AVAILABLE,0
SEAT006168,ST001_S04,22,68,AVAILABLE,0
SEAT006169,ST001_S04,22,69,AVAILABLE,0
SEAT006170,ST001_S04,22,70,AVAILABLE,0
SEAT006171,ST001_S04,22,71,AVAILABLE,0
SEAT006172,ST001_S04,22,72,AVAILABLE,0
SEAT006173,ST001_S04,22,73,AVAILABLE,0
SEAT006174,ST001_S04,22,74,AVAILABLE,0
SEAT006175,ST001_S04,22,75,AVAILABLE,0
SEAT006176,ST001_S04,22,76,AVAILABLE,0
SEAT006177,ST001_S04,22,77,AVAILABLE,0
SEAT006178,ST001_S04,22,78,AVAILABLE,0
SEAT006179,ST001_S04,22,79,AVAILABLE,0
SEAT006180,ST001_S04,22,80,AVAILABLE,0
SEAT006181,ST001_S04,22,81,AVAILABLE,0
SEAT006182,ST001_S04,22,82,AVAILABLE,0
SEAT006183,ST001_S04,22,83,AVAILABLE,0
SEAT006184,ST001_S04,22,84,AVAILABLE,0
SEAT006185,ST001_S04,22,85,AVAILABLE,0
SEAT006186,ST001_S04,22,86,AVAILABLE,0
SEAT006187,ST001_S04,22,87,AVAILABLE,0
SEAT006188,ST001_S04,22,88,AVAILABLE,0
SEAT006189,ST001_S04,22,89,AVAILABLE,0
SEAT006190,ST001_S04,22,90,AVAILABLE,0
SEAT006191,ST001_S04,22,91,AVAILABLE,0
SEAT006192,ST001_S04,22,92,AVAILABLE,0
SEAT006193,ST001_S04,22,93,AVAILABLE,0
SEAT006194,ST001_S04,22,94,AVAILABLE,0
SEAT006195,ST001_S04,22,95,AVAILABLE,0
SEAT006196,ST001_S04,22,96,AVAILABLE,0
SEAT006197,ST001_S04,22,97,AVAILABLE,0
SEAT006198,ST001_S04,22,98,AVAILABLE,0
SEAT006199,ST001_S04,22,99,AVAILABLE,0
SEAT006200,ST001_S04,22,100,AVAILABLE,0
SEAT006201,ST001_S04,23,1,AVAILABLE,0
SEAT006202,ST001_S04,23,2,AVAILABLE,0
SEAT006203,ST001_S04,23,3,AVAILABLE,0
SEAT006204,ST001_S04,23,4,AVAILABLE,0
SEAT006205,ST001_S04,23,5,AVAILABLE,0
SEAT006206,ST001_S04,23,6,AVAILABLE,0
SEAT006207,ST001_S04,23,7,AVAILABLE,0
SEAT006208,ST001_S04,23,8,AVAILABLE,0
SEAT006209,ST001_S04,23,9,AVAILABLE,0
SEAT006210,ST001_S04,23,10,AVAILABLE,0
SEAT006211,ST001_S04,23,11,AVAILABLE,0
SEAT006212,ST001_S04,23,12,AVAILABLE,0
SEAT006213,ST001_S04,23,13,AVAILABLE,0
SEAT006214,ST001_S04,23,14,AVAILABLE,0
SEAT006215,ST001_S04,23,15,AVAILABLE,0
SEAT006216,ST001_S04,23,16,AVAILABLE,0
SEAT006217,ST001_S04,23,17,AVAILABLE,0
SEAT006218,ST001_S04,23,18,AVAILABLE,0
SEAT006219,ST001_S04,23,19,AVAILABLE,0
SEAT006220,ST001_S04,23,20,AVAILABLE,0
SEAT006221,ST001_S04,23,21,AVAILABLE,0
SEAT006222,ST001_S04,23,22,AVAILABLE,0
SEAT006223,ST001_S04,23,23,AVAILABLE,0
SEAT006224,ST001_S04,23,24,AVAILABLE,0
SEAT006225,ST001_S04,23,25,AVAILABLE,0
SEAT006226,ST001_S04,23,26,AVAILABLE,0
SEAT006227,ST001_S04,23,27,AVAILABLE,0
SEAT006228,ST001_S04,23,28,AVAILABLE,0
SEAT006229,ST001_S04,23,29,AVAILABLE,0
SEAT006230,ST001_S04,23,30,AVAILABLE,0
SEAT006231,ST001_S04,23,31,AVAILABLE,0
SEAT006232,ST001_S04,23,32,AVAILABLE,0
SEAT006233,ST001_S04,23,33,AVAILABLE,0
SEAT006234,ST001_S04,23,34,AVAILABLE,0
SEAT006235,ST001_S04,23,35,AVAILABLE,0
SEAT006236,ST001_S04,23,36,AVAILABLE,0
SEAT006237,ST001_S04,23,37,AVAILABLE,0
SEAT006238,ST001_S04,23,38,AVAILABLE,0
SEAT006239,ST001_S04,23,39,AVAILABLE,0
SEAT006240,ST001_S04,23,40,AVAILABLE,0
SEAT006241,ST001_S04,23,41,AVAILABLE,0
SEAT006242,ST001_S04,23,42,AVAILABLE,0
SEAT006243,ST001_S04,23,43,AVAILABLE,0
SEAT006244,ST001_S04,23,44,AVAILABLE,0
SEAT006245,ST001_S04,23,45,AVAILABLE,0
SEAT006246,ST001_S04,23,46,AVAILABLE,0
SEAT006247,ST001_S04,23,47,AVAILABLE,0
SEAT006248,ST001_S04,23,48,AVAILABLE,0
SEAT006249,ST001_S04,23,49,AVAILABLE,0
SEAT006250,ST001_S04,23,50,AVAILABLE,0
SEAT006251,ST001_S04,23,51,AVAILABLE,0
SEAT006252,ST001_S04,23,52,AVAILABLE,0
SEAT006253,ST001_S04,23,53,AVAILABLE,0
SEAT006254,ST001_S04,23,54,AVAILABLE,0
SEAT006255,ST001_S04,23,55,AVAILABLE,0
SEAT006256,ST001_S04,23,56,AVAILABLE,0
SEAT006257,ST001_S04,23,57,AVAILABLE,0
SEAT006258,ST001_S04,23,58,AVAILABLE,0
SEAT006259,ST001_S04,23,59,AVAILABLE,0
SEAT006260,ST001_S04,23,60,AVAILABLE,0
SEAT006261,ST001_S04,23,61,AVAILABLE,0
SEAT006262,ST001_S04,23,62,AVAILABLE,0
SEAT006263,ST001_S04,23,63,AVAILABLE,0
SEAT006264,ST001_S04,23,64,AVAILABLE,0
SEAT006265,ST001_S04,23,65,AVAILABLE,0
SEAT006266,ST001_S04,23,66,AVAILABLE,0
SEAT006267,ST001_S04,23,67,AVAILABLE,0
SEAT006268,ST001_S04,23,68,AVAILABLE,0
SEAT006269,ST001_S04,23,69,AVAILABLE,0
SEAT006270,ST001_S04,23,70,AVAILABLE,0
SEAT006271,ST001_S04,23,71,AVAILABLE,0
SEAT006272,ST001_S04,23,72,AVAILABLE,0
SEAT006273,ST001_S04,23,73,AVAILABLE,0
SEAT006274,ST001_S04,23,74,AVAILABLE,0
SEAT006275,ST001_S04,23,75,AVAILABLE,0
SEAT006276,ST001_S04,23,76,AVAILABLE,0
SEAT006277,ST001_S04,23,77,AVAILABLE,0
SEAT006278,ST001_S04,23,78,AVAILABLE,0
SEAT006279,ST001_S04,23,79,AVAILABLE,0
SEAT006280,ST001_S04,23,80,AVAILABLE,0
SEAT006281,ST001_S04,23,81,AVAILABLE,0
SEAT006282,ST001_S04,23,82,AVAILABLE,0
SEAT006283,ST001_S04,23,83,AVAILABLE,0
SEAT006284,ST001_S04,23,84,AVAILABLE,0
SEAT006285,ST001_S04,23,85,AVAILABLE,0
SEAT006286,ST001_S04,23,86,AVAILABLE,0
SEAT006287,ST001_S04,23,87,AVAILABLE,0
SEAT006288,ST001_S04,23,88,AVAILABLE,0
SEAT006289,ST001_S04,23,89,AVAILABLE,0
SEAT006290,ST001_S04,23,90,AVAILABLE,0
SEAT006291,ST001_S04,23,91,AVAILABLE,0
SEAT006292,ST001_S04,23,92,AVAILABLE,0
SEAT006293,ST001_S04,23,93,AVAILABLE,0
SEAT006294,ST001_S04,23,94,AVAILABLE,0
SEAT006295,ST001_S04,23,95,AVAILABLE,0
SEAT006296,ST001_S04,23,96,AVAILABLE,0
SEAT006297,ST001_S04,23,97,AVAILABLE,0
SEAT006298,ST001_S04,23,98,AVAILABLE,0
SEAT006299,ST001_S04,23,99,AVAILABLE,0
SEAT006300,ST001_S04,23,100,AVAILABLE,0
SEAT006301,ST001_S04,24,1,AVAILABLE,0
SEAT006302,ST001_S04,24,2,AVAILABLE,0
SEAT006303,ST001_S04,24,3,AVAILABLE,0
SEAT006304,ST001_S04,24,4,AVAILABLE,0
SEAT006305,ST001_S04,24,5,AVAILABLE,0
SEAT006306,ST001_S04,24,6,AVAILABLE,0
SEAT006307,ST001_S04,24,7,AVAILABLE,0
SEAT006308,ST001_S04,24,8,AVAILABLE,0
SEAT006309,ST001_S04,24,9,AVAILABLE,0
SEAT006310,ST001_S04,24,10,AVAILABLE,0
SEAT006311,ST001_S04,24,11,AVAILABLE,0
SEAT006312,ST001_S04,24,12,AVAILABLE,0
SEAT006313,ST001_S04,24,13,AVAILABLE,0
SEAT006314,ST001_S04,24,14,AVAILABLE,0
SEAT006315,ST001_S04,24,15,AVAILABLE,0
SEAT006316,ST001_S04,24,16,AVAILABLE,0
SEAT006317,ST001_S04,24,17,AVAILABLE,0
SEAT006318,ST001_S04,24,18,AVAILABLE,0
SEAT006319,ST001_S04,24,19,AVAILABLE,0
SEAT006320,ST001_S04,24,20,AVAILABLE,0
SEAT006321,ST001_S04,24,21,AVAILABLE,0
SEAT006322,ST001_S04,24,22,AVAILABLE,0
SEAT006323,ST001_S04,24,23,AVAILABLE,0
SEAT006324,ST001_S04,24,24,AVAILABLE,0
SEAT006325,ST001_S04,24,25,AVAILABLE,0
SEAT006326,ST001_S04,24,26,AVAILABLE,0
SEAT006327,ST001_S04,24,27,AVAILABLE,0
SEAT006328,ST001_S04,24,28,AVAILABLE,0
SEAT006329,ST001_S04,24,29,AVAILABLE,0
SEAT006330,ST001_S04,24,30,AVAILABLE,0
SEAT006331,ST001_S04,24,31,AVAILABLE,0
SEAT006332,ST001_S04,24,32,AVAILABLE,0
SEAT006333,ST001_S04,24,33,AVAILABLE,0
SEAT006334,ST001_S04,24,34,AVAILABLE,0
SEAT006335,ST001_S04,24,35,AVAILABLE,0
SEAT006336,ST001_S04,24,36,AVAILABLE,0
SEAT006337,ST001_S04,24,37,AVAILABLE,0
SEAT006338,ST001_S04,24,38,AVAILABLE,0
SEAT006339,ST001_S04,24,39,AVAILABLE,0
SEAT006340,ST001_S04,24,40,AVAILABLE,0
SEAT006341,ST001_S04,24,41,AVAILABLE,0
SEAT006342,ST001_S04,24,42,AVAILABLE,0
SEAT006343,ST001_S04,24,43,AVAILABLE,0
SEAT006344,ST001_S04,24,44,AVAILABLE,0
SEAT006345,ST001_S04,24,45,AVAILABLE,0
SEAT006346,ST001_S04,24,46,AVAILABLE,0
SEAT006347,ST001_S04,24,47,AVAILABLE,0
SEAT006348,ST001_S04,24,48,AVAILABLE,0
SEAT006349,ST001_S04,24,49,AVAILABLE,0
SEAT006350,ST001_S04,24,50,AVAILABLE,0
SEAT006351,ST001_S04,24,51,AVAILABLE,0
SEAT006352,ST001_S04,24,52,AVAILABLE,0
SEAT006353,ST001_S04,24,53,AVAILABLE,0
SEAT006354,ST001_S04,24,54,AVAILABLE,0
SEAT006355,ST001_S04,24,55,AVAILABLE,0
SEAT006356,ST001_S04,24,56,AVAILABLE,0
SEAT006357,ST001_S04,24,57,AVAILABLE,0
SEAT006358,ST001_S04,24,58,AVAILABLE,0
SEAT006359,ST001_S04,24,59,AVAILABLE,0
SEAT006360,ST001_S04,24,60,AVAILABLE,0
SEAT006361,ST001_S04,24,61,AVAILABLE,0
SEAT006362,ST001_S04,24,62,AVAILABLE,0
SEAT006363,ST001_S04,24,63,AVAILABLE,0
SEAT006364,ST001_S04,24,64,AVAILABLE,0
SEAT006365,ST001_S04,24,65,AVAILABLE,0
SEAT006366,ST001_S04,24,66,AVAILABLE,0
SEAT006367,ST001_S04,24,67,AVAILABLE,0
SEAT006368,ST001_S04,24,68,AVAILABLE,0
SEAT006369,ST001_S04,24,69,AVAILABLE,0
SEAT006370,ST001_S04,24,70,AVAILABLE,0
SEAT006371,ST001_S04,24,71,AVAILABLE,0
SEAT006372,ST001_S04,24,72,AVAILABLE,0
SEAT006373,ST001_S04,24,73,AVAILABLE,0
SEAT006374,ST001_S04,24,74,AVAILABLE,0
SEAT006375,ST001_S04,24,75,AVAILABLE,0
SEAT006376,ST001_S04,24,76,AVAILABLE,0
SEAT006377,ST001_S04,24,77,AVAILABLE,0
SEAT006378,ST001_S04,24,78,AVAILABLE,0
SEAT006379,ST001_S04,24,79,AVAILABLE,0
SEAT006380,ST001_S04,24,80,AVAILABLE,0
SEAT006381,ST001_S04,24,81,AVAILABLE,0
SEAT006382,ST001_S04,24,82,AVAILABLE,0
SEAT006383,ST001_S04,24,83,AVAILABLE,0
SEAT006384,ST001_S04,24,84,AVAILABLE,0
SEAT006385,ST001_S04,24,85,AVAILABLE,0
SEAT006386,ST001_S04,24,86,AVAILABLE,0
SEAT006387,ST001_S04,24,87,AVAILABLE,0
SEAT006388,ST001_S04,24,88,AVAILABLE,0
SEAT006389,ST001_S04,24,89,AVAILABLE,0
SEAT006390,ST001_S04,24,90,AVAILABLE,0
SEAT006391,ST001_S04,24,91,AVAILABLE,0
SEAT006392,ST001_S04,24,92,AVAILABLE,0
SEAT006393,ST001_S04,24,93,AVAILABLE,0
SEAT006394,ST001_S04,24,94,AVAILABLE,0
SEAT006395,ST001_S04,24,95,AVAILABLE,0
SEAT006396,ST001_S04,24,96,AVAILABLE,0
SEAT006397,ST001_S04,24,97,AVAILABLE,0
SEAT006398,ST001_S04,24,98,AVAILABLE,0
SEAT006399,ST001_S04,24,99,AVAILABLE,0
SEAT006400,ST001_S04,24,100,AVAILABLE,0
SEAT006401,ST001_S04,25,1,AVAILABLE,0
SEAT006402,ST001_S04,25,2,AVAILABLE,0
SEAT006403,ST001_S04,25,3,AVAILABLE,0
SEAT006404,ST001_S04,25,4,AVAILABLE,0
SEAT006405,ST001_S04,25,5,AVAILABLE,0
SEAT006406,ST001_S04,25,6,AVAILABLE,0
SEAT006407,ST001_S04,25,7,AVAILABLE,0
SEAT006408,ST001_S04,25,8,AVAILABLE,0
SEAT006409,ST001_S04,25,9,AVAILABLE,0
SEAT006410,ST001_S04,25,10,AVAILABLE,0
SEAT006411,ST001_S04,25,11,AVAILABLE,0
SEAT006412,ST001_S04,25,12,AVAILABLE,0
SEAT006413,ST001_S04,25,13,AVAILABLE,0
SEAT006414,ST001_S04,25,14,AVAILABLE,0
SEAT006415,ST001_S04,25,15,AVAILABLE,0
SEAT006416,ST001_S04,25,16,AVAILABLE,0
SEAT006417,ST001_S04,25,17,AVAILABLE,0
SEAT006418,ST001_S04,25,18,AVAILABLE,0
SEAT006419,ST001_S04,25,19,AVAILABLE,0
SEAT006420,ST001_S04,25,20,AVAILABLE,0
SEAT006421,ST001_S04,25,21,AVAILABLE,0
SEAT006422,ST001_S04,25,22,AVAILABLE,0
SEAT006423,ST001_S04,25,23,AVAILABLE,0
SEAT006424,ST001_S04,25,24,AVAILABLE,0
SEAT006425,ST001_S04,25,25,AVAILABLE,0
SEAT006426,ST001_S04,25,26,AVAILABLE,0
SEAT006427,ST001_S04,25,27,AVAILABLE,0
SEAT006428,ST001_S04,25,28,AVAILABLE,0
SEAT006429,ST001_S04,25,29,AVAILABLE,0
SEAT006430,ST001_S04,25,30,AVAILABLE,0
SEAT006431,ST001_S04,25,31,AVAILABLE,0
SEAT006432,ST001_S04,25,32,AVAILABLE,0
SEAT006433,ST001_S04,25,33,AVAILABLE,0
SEAT006434,ST001_S04,25,34,AVAILABLE,0
SEAT006435,ST001_S04,25,35,AVAILABLE,0
SEAT006436,ST001_S04,25,36,AVAILABLE,0
SEAT006437,ST001_S04,25,37,AVAILABLE,0
SEAT006438,ST001_S04,25,38,AVAILABLE,0
SEAT006439,ST001_S04,25,39,AVAILABLE,0
SEAT006440,ST001_S04,25,40,AVAILABLE,0
SEAT006441,ST001_S04,25,41,AVAILABLE,0
SEAT006442,ST001_S04,25,42,AVAILABLE,0
SEAT006443,ST001_S04,25,43,AVAILABLE,0
SEAT006444,ST001_S04,25,44,AVAILABLE,0
SEAT006445,ST001_S04,25,45,AVAILABLE,0
SEAT006446,ST001_S04,25,46,AVAILABLE,0
SEAT006447,ST001_S04,25,47,AVAILABLE,0
SEAT006448,ST001_S04,25,48,AVAILABLE,0
SEAT006449,ST001_S04,25,49,AVAILABLE,0
SEAT006450,ST001_S04,25,50,AVAILABLE,0
SEAT006451,ST001_S04,25,51,AVAILABLE,0
SEAT006452,ST001_S04,25,52,AVAILABLE,0
SEAT006453,ST001_S04,25,53,AVAILABLE,0
SEAT006454,ST001_S04,25,54,AVAILABLE,0
SEAT006455,ST001_S04,25,55,AVAILABLE,0
SEAT006456,ST001_S04,25,56,AVAILABLE,0
SEAT006457,ST001_S04,25,57,AVAILABLE,0
SEAT006458,ST001_S04,25,58,AVAILABLE,0
SEAT006459,ST001_S04,25,59,AVAILABLE,0
SEAT006460,ST001_S04,25,60,AVAILABLE,0
SEAT006461,ST001_S04,25,61,AVAILABLE,0
SEAT006462,ST001_S04,25,62,AVAILABLE,0
SEAT006463,ST001_S04,25,63,AVAILABLE,0
SEAT006464,ST001_S04,25,64,AVAILABLE,0
SEAT006465,ST001_S04,25,65,AVAILABLE,0
SEAT006466,ST001_S04,25,66,AVAILABLE,0
SEAT006467,ST001_S04,25,67,AVAILABLE,0
SEAT006468,ST001_S04,25,68,AVAILABLE,0
SEAT006469,ST001_S04,25,69,AVAILABLE,0
SEAT006470,ST001_S04,25,70,AVAILABLE,0
SEAT006471,ST001_S04,25,71,AVAILABLE,0
SEAT006472,ST001_S04,25,72,AVAILABLE,0
SEAT006473,ST001_S04,25,73,AVAILABLE,0
SEAT006474,ST001_S04,25,74,AVAILABLE,0
SEAT006475,ST001_S04,25,75,AVAILABLE,0
SEAT006476,ST001_S04,25,76,AVAILABLE,0
SEAT006477,ST001_S04,25,77,AVAILABLE,0
SEAT006478,ST001_S04,25,78,AVAILABLE,0
SEAT006479,ST001_S04,25,79,AVAILABLE,0
SEAT006480,ST001_S04,25,80,AVAILABLE,0
SEAT006481,ST001_S04,25,81,AVAILABLE,0
SEAT006482,ST001_S04,25,82,AVAILABLE,0
SEAT006483,ST001_S04,25,83,AVAILABLE,0
SEAT006484,ST001_S04,25,84,AVAILABLE,0
SEAT006485,ST001_S04,25,85,AVAILABLE,0
SEAT006486,ST001_S04,25,86,AVAILABLE,0
SEAT006487,ST001_S04,25,87,AVAILABLE,0
SEAT006488,ST001_S04,25,88,AVAILABLE,0
SEAT006489,ST001_S04,25,89,AVAILABLE,0
SEAT006490,ST001_S04,25,90,AVAILABLE,0
SEAT006491,ST001_S04,25,91,AVAILABLE,0
SEAT006492,ST001_S04,25,92,AVAILABLE,0
SEAT006493,ST001_S04,25,93,AVAILABLE,0
SEAT006494,ST001_S04,25,94,AVAILABLE,0
SEAT006495,ST001_S04,25,95,AVAILABLE,0
SEAT006496,ST001_S04,25,96,AVAILABLE,0
SEAT006497,ST001_S04,25,97,AVAILABLE,0
SEAT006498,ST001_S04,25,98,AVAILABLE,0
SEAT006499,ST001_S04,25,99,AVAILABLE,0
SEAT006500,ST001_S04,25,100,AVAILABLE,0
SEAT006501,ST001_S04,26,1,AVAILABLE,0
SEAT006502,ST001_S04,26,2,AVAILABLE,0
SEAT006503,ST001_S04,26,3,AVAILABLE,0
SEAT006504,ST001_S04,26,4,AVAILABLE,0
SEAT006505,ST001_S04,26,5,AVAILABLE,0
SEAT006506,ST001_S04,26,6,AVAILABLE,0
SEAT006507,ST001_S04,26,7,AVAILABLE,0
SEAT006508,ST001_S04,26,8,AVAILABLE,0
SEAT006509,ST001_S04,26,9,AVAILABLE,0
SEAT006510,ST001_S04,26,10,AVAILABLE,0
SEAT006511,ST001_S04,26,11,AVAILABLE,0
SEAT006512,ST001_S04,26,12,AVAILABLE,0
SEAT006513,ST001_S04,26,13,AVAILABLE,0
SEAT006514,ST001_S04,26,14,AVAILABLE,0
SEAT006515,ST001_S04,26,15,AVAILABLE,0
SEAT006516,ST001_S04,26,16,AVAILABLE,0
SEAT006517,ST001_S04,26,17,AVAILABLE,0
SEAT006518,ST001_S04,26,18,AVAILABLE,0
SEAT006519,ST001_S04,26,19,AVAILABLE,0
SEAT006520,ST001_S04,26,20,AVAILABLE,0
SEAT006521,ST001_S04,26,21,AVAILABLE,0
SEAT006522,ST001_S04,26,22,AVAILABLE,0
SEAT006523,ST001_S04,26,23,AVAILABLE,0
SEAT006524,ST001_S04,26,24,AVAILABLE,0
SEAT006525,ST001_S04,26,25,AVAILABLE,0
SEAT006526,ST001_S04,26,26,AVAILABLE,0
SEAT006527,ST001_S04,26,27,AVAILABLE,0
SEAT006528,ST001_S04,26,28,AVAILABLE,0
SEAT006529,ST001_S04,26,29,AVAILABLE,0
SEAT006530,ST001_S04,26,30,AVAILABLE,0
SEAT006531,ST001_S04,26,31,AVAILABLE,0
SEAT006532,ST001_S04,26,32,AVAILABLE,0
SEAT006533,ST001_S04,26,33,AVAILABLE,0
SEAT006534,ST001_S04,26,34,AVAILABLE,0
SEAT006535,ST001_S04,26,35,AVAILABLE,0
SEAT006536,ST001_S04,26,36,AVAILABLE,0
SEAT006537,ST001_S04,26,37,AVAILABLE,0
SEAT006538,ST001_S04,26,38,AVAILABLE,0
SEAT006539,ST001_S04,26,39,AVAILABLE,0
SEAT006540,ST001_S04,26,40,AVAILABLE,0
SEAT006541,ST001_S04,26,41,AVAILABLE,0
SEAT006542,ST001_S04,26,42,AVAILABLE,0
SEAT006543,ST001_S04,26,43,AVAILABLE,0
SEAT006544,ST001_S04,26,44,AVAILABLE,0
SEAT006545,ST001_S04,26,45,AVAILABLE,0
SEAT006546,ST001_S04,26,46,AVAILABLE,0
SEAT006547,ST001_S04,26,47,AVAILABLE,0
SEAT006548,ST001_S04,26,48,AVAILABLE,0
SEAT006549,ST001_S04,26,49,AVAILABLE,0
SEAT006550,ST001_S04,26,50,AVAILABLE,0
SEAT006551,ST001_S04,26,51,AVAILABLE,0
SEAT006552,ST001_S04,26,52,AVAILABLE,0
SEAT006553,ST001_S04,26,53,AVAILABLE,0
SEAT006554,ST001_S04,26,54,AVAILABLE,0
SEAT006555,ST001_S04,26,55,AVAILABLE,0
SEAT006556,ST001_S04,26,56,AVAILABLE,0
SEAT006557,ST001_S04,26,57,AVAILABLE,0
SEAT006558,ST001_S04,26,58,AVAILABLE,0
SEAT006559,ST001_S04,26,59,AVAILABLE,0
SEAT006560,ST001_S04,26,60,AVAILABLE,0
SEAT006561,ST001_S04,26,61,AVAILABLE,0
SEAT006562,ST001_S04,26,62,AVAILABLE,0
SEAT006563,ST001_S04,26,63,AVAILABLE,0
SEAT006564,ST001_S04,26,64,AVAILABLE,0
SEAT006565,ST001_S04,26,65,AVAILABLE,0
SEAT006566,ST001_S04,26,66,AVAILABLE,0
SEAT006567,ST001_S04,26,67,AVAILABLE,0
SEAT006568,ST001_S04,26,68,AVAILABLE,0
SEAT006569,ST001_S04,26,69,AVAILABLE,0
SEAT006570,ST001_S04,26,70,AVAILABLE,0
SEAT006571,ST001_S04,26,71,AVAILABLE,0
SEAT006572,ST001_S04,26,72,AVAILABLE,0
SEAT006573,ST001_S04,26,73,AVAILABLE,0
SEAT006574,ST001_S04,26,74,AVAILABLE,0
SEAT006575,ST001_S04,26,75,AVAILABLE,0
SEAT006576,ST001_S04,26,76,AVAILABLE,0
SEAT006577,ST001_S04,26,77,AVAILABLE,0
SEAT006578,ST001_S04,26,78,AVAILABLE,0
SEAT006579,ST001_S04,26,79,AVAILABLE,0
SEAT006580,ST001_S04,26,80,AVAILABLE,0
SEAT006581,ST001_S04,26,81,AVAILABLE,0
SEAT006582,ST001_S04,26,82,AVAILABLE,0
SEAT006583,ST001_S04,26,83,AVAILABLE,0
SEAT006584,ST001_S04,26,84,AVAILABLE,0
SEAT006585,ST001_S04,26,85,AVAILABLE,0
SEAT006586,ST001_S04,26,86,AVAILABLE,0
SEAT006587,ST001_S04,26,87,AVAILABLE,0
SEAT006588,ST001_S04,26,88,AVAILABLE,0
SEAT006589,ST001_S04,26,89,AVAILABLE,0
SEAT006590,ST001_S04,26,90,AVAILABLE,0
SEAT006591,ST001_S04,26,91,AVAILABLE,0
SEAT006592,ST001_S04,26,92,AVAILABLE,0
SEAT006593,ST001_S04,26,93,AVAILABLE,0
SEAT006594,ST001_S04,26,94,AVAILABLE,0
SEAT006595,ST001_S04,26,95,AVAILABLE,0
SEAT006596,ST001_S04,26,96,AVAILABLE,0
SEAT006597,ST001_S04,26,97,AVAILABLE,0
SEAT006598,ST001_S04,26,98,AVAILABLE,0
SEAT006599,ST001_S04,26,99,AVAILABLE,0
SEAT006600,ST001_S04,26,100,AVAILABLE,0
SEAT006601,ST001_S04,27,1,AVAILABLE,0
SEAT006602,ST001_S04,27,2,AVAILABLE,0
SEAT006603,ST001_S04,27,3,AVAILABLE,0
SEAT006604,ST001_S04,27,4,AVAILABLE,0
SEAT006605,ST001_S04,27,5,AVAILABLE,0
SEAT006606,ST001_S04,27,6,AVAILABLE,0
SEAT006607,ST001_S04,27,7,AVAILABLE,0
SEAT006608,ST001_S04,27,8,AVAILABLE,0
SEAT006609,ST001_S04,27,9,AVAILABLE,0
SEAT006610,ST001_S04,27,10,AVAILABLE,0
SEAT006611,ST001_S04,27,11,AVAILABLE,0
SEAT006612,ST001_S04,27,12,AVAILABLE,0
SEAT006613,ST001_S04,27,13,AVAILABLE,0
SEAT006614,ST001_S04,27,14,AVAILABLE,0
SEAT006615,ST001_S04,27,15,AVAILABLE,0
SEAT006616,ST001_S04,27,16,AVAILABLE,0
SEAT006617,ST001_S04,27,17,AVAILABLE,0
SEAT006618,ST001_S04,27,18,AVAILABLE,0
SEAT006619,ST001_S04,27,19,AVAILABLE,0
SEAT006620,ST001_S04,27,20,AVAILABLE,0
SEAT006621,ST001_S04,27,21,AVAILABLE,0
SEAT006622,ST001_S04,27,22,AVAILABLE,0
SEAT006623,ST001_S04,27,23,AVAILABLE,0
SEAT006624,ST001_S04,27,24,AVAILABLE,0
SEAT006625,ST001_S04,27,25,AVAILABLE,0
SEAT006626,ST001_S04,27,26,AVAILABLE,0
SEAT006627,ST001_S04,27,27,AVAILABLE,0
SEAT006628,ST001_S04,27,28,AVAILABLE,0
SEAT006629,ST001_S04,27,29,AVAILABLE,0
SEAT006630,ST001_S04,27,30,AVAILABLE,0
SEAT006631,ST001_S04,27,31,AVAILABLE,0
SEAT006632,ST001_S04,27,32,AVAILABLE,0
SEAT006633,ST001_S04,27,33,AVAILABLE,0
SEAT006634,ST001_S04,27,34,AVAILABLE,0
SEAT006635,ST001_S04,27,35,AVAILABLE,0
SEAT006636,ST001_S04,27,36,AVAILABLE,0
SEAT006637,ST001_S04,27,37,AVAILABLE,0
SEAT006638,ST001_S04,27,38,AVAILABLE,0
SEAT006639,ST001_S04,27,39,AVAILABLE,0
SEAT006640,ST001_S04,27,40,AVAILABLE,0
SEAT006641,ST001_S04,27,41,AVAILABLE,0
SEAT006642,ST001_S04,27,42,AVAILABLE,0
SEAT006643,ST001_S04,27,43,AVAILABLE,0
SEAT006644,ST001_S04,27,44,AVAILABLE,0
SEAT006645,ST001_S04,27,45,AVAILABLE,0
SEAT006646,ST001_S04,27,46,AVAILABLE,0
SEAT006647,ST001_S04,27,47,AVAILABLE,0
SEAT006648,ST001_S04,27,48,AVAILABLE,0
SEAT006649,ST001_S04,27,49,AVAILABLE,0
SEAT006650,ST001_S04,27,50,AVAILABLE,0
SEAT006651,ST001_S04,27,51,AVAILABLE,0
SEAT006652,ST001_S04,27,52,AVAILABLE,0
SEAT006653,ST001_S04,27,53,AVAILABLE,0
SEAT006654,ST001_S04,27,54,AVAILABLE,0
SEAT006655,ST001_S04,27,55,AVAILABLE,0
SEAT006656,ST001_S04,27,56,AVAILABLE,0
SEAT006657,ST001_S04,27,57,AVAILABLE,0
SEAT006658,ST001_S04,27,58,AVAILABLE,0
SEAT006659,ST001_S04,27,59,AVAILABLE,0
SEAT006660,ST001_S04,27,60,AVAILABLE,0
SEAT006661,ST001_S04,27,61,AVAILABLE,0
SEAT006662,ST001_S04,27,62,AVAILABLE,0
SEAT006663,ST001_S04,27,63,AVAILABLE,0
SEAT006664,ST001_S04,27,64,AVAILABLE,0
SEAT006665,ST001_S04,27,65,AVAILABLE,0
SEAT006666,ST001_S04,27,66,AVAILABLE,0
SEAT006667,ST001_S04,27,67,AVAILABLE,0
SEAT006668,ST001_S04,27,68,AVAILABLE,0
SEAT006669,ST001_S04,27,69,AVAILABLE,0
SEAT006670,ST001_S04,27,70,AVAILABLE,0
SEAT006671,ST001_S04,27,71,AVAILABLE,0
SEAT006672,ST001_S04,27,72,AVAILABLE,0
SEAT006673,ST001_S04,27,73,AVAILABLE,0
SEAT006674,ST001_S04,27,74,AVAILABLE,0
SEAT006675,ST001_S04,27,75,AVAILABLE,0
SEAT006676,ST001_S04,27,76,AVAILABLE,0
SEAT006677,ST001_S04,27,77,AVAILABLE,0
SEAT006678,ST001_S04,27,78,AVAILABLE,0
SEAT006679,ST001_S04,27,79,AVAILABLE,0
SEAT006680,ST001_S04,27,80,AVAILABLE,0
SEAT006681,ST001_S04,27,81,AVAILABLE,0
SEAT006682,ST001_S04,27,82,AVAILABLE,0
SEAT006683,ST001_S04,27,83,AVAILABLE,0
SEAT006684,ST001_S04,27,84,AVAILABLE,0
SEAT006685,ST001_S04,27,85,AVAILABLE,0
SEAT006686,ST001_S04,27,86,AVAILABLE,0
SEAT006687,ST001_S04,27,87,AVAILABLE,0
SEAT006688,ST001_S04,27,88,AVAILABLE,0
SEAT006689,ST001_S04,27,89,AVAILABLE,0
SEAT006690,ST001_S04,27,90,AVAILABLE,0
SEAT006691,ST001_S04,27,91,AVAILABLE,0
SEAT006692,ST001_S04,27,92,AVAILABLE,0
SEAT006693,ST001_S04,27,93,AVAILABLE,0
SEAT006694,ST001_S04,27,94,AVAILABLE,0
SEAT006695,ST001_S04,27,95,AVAILABLE,0
SEAT006696,ST001_S04,27,96,AVAILABLE,0
SEAT006697,ST001_S04,27,97,AVAILABLE,0
SEAT006698,ST001_S04,27,98,AVAILABLE,0
SEAT006699,ST001_S04,27,99,AVAILABLE,0
SEAT006700,ST001_S04,27,100,AVAILABLE,0
SEAT006701,ST001_S04,28,1,AVAILABLE,0
SEAT006702,ST001_S04,28,2,AVAILABLE,0
SEAT006703,ST001_S04,28,3,AVAILABLE,0
SEAT006704,ST001_S04,28,4,AVAILABLE,0
SEAT006705,ST001_S04,28,5,AVAILABLE,0
SEAT006706,ST001_S04,28,6,AVAILABLE,0
SEAT006707,ST001_S04,28,7,AVAILABLE,0
SEAT006708,ST001_S04,28,8,AVAILABLE,0
SEAT006709,ST001_S04,28,9,AVAILABLE,0
SEAT006710,ST001_S04,28,10,AVAILABLE,0
SEAT006711,ST001_S04,28,11,AVAILABLE,0
SEAT006712,ST001_S04,28,12,AVAILABLE,0
SEAT006713,ST001_S04,28,13,AVAILABLE,0
SEAT006714,ST001_S04,28,14,AVAILABLE,0
SEAT006715,ST001_S04,28,15,AVAILABLE,0
SEAT006716,ST001_S04,28,16,AVAILABLE,0
SEAT006717,ST001_S04,28,17,AVAILABLE,0
SEAT006718,ST001_S04,28,18,AVAILABLE,0
SEAT006719,ST001_S04,28,19,AVAILABLE,0
SEAT006720,ST001_S04,28,20,AVAILABLE,0
SEAT006721,ST001_S04,28,21,AVAILABLE,0
SEAT006722,ST001_S04,28,22,AVAILABLE,0
SEAT006723,ST001_S04,28,23,AVAILABLE,0
SEAT006724,ST001_S04,28,24,AVAILABLE,0
SEAT006725,ST001_S04,28,25,AVAILABLE,0
SEAT006726,ST001_S04,28,26,AVAILABLE,0
SEAT006727,ST001_S04,28,27,AVAILABLE,0
SEAT006728,ST001_S04,28,28,AVAILABLE,0
SEAT006729,ST001_S04,28,29,AVAILABLE,0
SEAT006730,ST001_S04,28,30,AVAILABLE,0
SEAT006731,ST001_S04,28,31,AVAILABLE,0
SEAT006732,ST001_S04,28,32,AVAILABLE,0
SEAT006733,ST001_S04,28,33,AVAILABLE,0
SEAT006734,ST001_S04,28,34,AVAILABLE,0
SEAT006735,ST001_S04,28,35,AVAILABLE,0
SEAT006736,ST001_S04,28,36,AVAILABLE,0
SEAT006737,ST001_S04,28,37,AVAILABLE,0
SEAT006738,ST001_S04,28,38,AVAILABLE,0
SEAT006739,ST001_S04,28,39,AVAILABLE,0
SEAT006740,ST001_S04,28,40,AVAILABLE,0
SEAT006741,ST001_S04,28,41,AVAILABLE,0
SEAT006742,ST001_S04,28,42,AVAILABLE,0
SEAT006743,ST001_S04,28,43,AVAILABLE,0
SEAT006744,ST001_S04,28,44,AVAILABLE,0
SEAT006745,ST001_S04,28,45,AVAILABLE,0
SEAT006746,ST001_S04,28,46,AVAILABLE,0
SEAT006747,ST001_S04,28,47,AVAILABLE,0
SEAT006748,ST001_S04,28,48,AVAILABLE,0
SEAT006749,ST001_S04,28,49,AVAILABLE,0
SEAT006750,ST001_S04,28,50,AVAILABLE,0
SEAT006751,ST001_S04,28,51,AVAILABLE,0
SEAT006752,ST001_S04,28,52,AVAILABLE,0
SEAT006753,ST001_S04,28,53,AVAILABLE,0
SEAT006754,ST001_S04,28,54,AVAILABLE,0
SEAT006755,ST001_S04,28,55,AVAILABLE,0
SEAT006756,ST001_S04,28,56,AVAILABLE,0
SEAT006757,ST001_S04,28,57,AVAILABLE,0
SEAT006758,ST001_S04,28,58,AVAILABLE,0
SEAT006759,ST001_S04,28,59,AVAILABLE,0
SEAT006760,ST001_S04,28,60,AVAILABLE,0
SEAT006761,ST001_S04,28,61,AVAILABLE,0
SEAT006762,ST001_S04,28,62,AVAILABLE,0
SEAT006763,ST001_S04,28,63,AVAILABLE,0
SEAT006764,ST001_S04,28,64,AVAILABLE,0
SEAT006765,ST001_S04,28,65,AVAILABLE,0
SEAT006766,ST001_S04,28,66,AVAILABLE,0
SEAT006767,ST001_S04,28,67,AVAILABLE,0
SEAT006768,ST001_S04,28,68,AVAILABLE,0
SEAT006769,ST001_S04,28,69,AVAILABLE,0
SEAT006770,ST001_S04,28,70,AVAILABLE,0
SEAT006771,ST001_S04,28,71,AVAILABLE,0
SEAT006772,ST001_S04,28,72,AVAILABLE,0
SEAT006773,ST001_S04,28,73,AVAILABLE,0
SEAT006774,ST001_S04,28,74,AVAILABLE,0
SEAT006775,ST001_S04,28,75,AVAILABLE,0
SEAT006776,ST001_S04,28,76,AVAILABLE,0
SEAT006777,ST001_S04,28,77,AVAILABLE,0
SEAT006778,ST001_S04,28,78,AVAILABLE,0
SEAT006779,ST001_S04,28,79,AVAILABLE,0
SEAT006780,ST001_S04,28,80,AVAILABLE,0
SEAT006781,ST001_S04,28,81,AVAILABLE,0
SEAT006782,ST001_S04,28,82,AVAILABLE,0
SEAT006783,ST001_S04,28,83,AVAILABLE,0
SEAT006784,ST001_S04,28,84,AVAILABLE,0
SEAT006785,ST001_S04,28,85,AVAILABLE,0
SEAT006786,ST001_S04,28,86,AVAILABLE,0
SEAT006787,ST001_S04,28,87,AVAILABLE,0
SEAT006788,ST001_S04,28,88,AVAILABLE,0
SEAT006789,ST001_S04,28,89,AVAILABLE,0
SEAT006790,ST001_S04,28,90,AVAILABLE,0
SEAT006791,ST001_S04,28,91,AVAILABLE,0
SEAT006792,ST001_S04,28,92,AVAILABLE,0
SEAT006793,ST001_S04,28,93,AVAILABLE,0
SEAT006794,ST001_S04,28,94,AVAILABLE,0
SEAT006795,ST001_S04,28,95,AVAILABLE,0
SEAT006796,ST001_S04,28,96,AVAILABLE,0
SEAT006797,ST001_S04,28,97,AVAILABLE,0
SEAT006798,ST001_S04,28,98,AVAILABLE,0
SEAT006799,ST001_S04,28,99,AVAILABLE,0
SEAT006800,ST001_S04,28,100,AVAILABLE,0
SEAT006801,ST001_S04,29,1,AVAILABLE,0
SEAT006802,ST001_S04,29,2,AVAILABLE,0
SEAT006803,ST001_S04,29,3,AVAILABLE,0
SEAT006804,ST001_S04,29,4,AVAILABLE,0
SEAT006805,ST001_S04,29,5,AVAILABLE,0
SEAT006806,ST001_S04,29,6,AVAILABLE,0
SEAT006807,ST001_S04,29,7,AVAILABLE,0
SEAT006808,ST001_S04,29,8,AVAILABLE,0
SEAT006809,ST001_S04,29,9,AVAILABLE,0
SEAT006810,ST001_S04,29,10,AVAILABLE,0
SEAT006811,ST001_S04,29,11,AVAILABLE,0
SEAT006812,ST001_S04,29,12,AVAILABLE,0
SEAT006813,ST001_S04,29,13,AVAILABLE,0
SEAT006814,ST001_S04,29,14,AVAILABLE,0
SEAT006815,ST001_S04,29,15,AVAILABLE,0
SEAT006816,ST001_S04,29,16,AVAILABLE,0
SEAT006817,ST001_S04,29,17,AVAILABLE,0
SEAT006818,ST001_S04,29,18,AVAILABLE,0
SEAT006819,ST001_S04,29,19,AVAILABLE,0
SEAT006820,ST001_S04,29,20,AVAILABLE,0
SEAT006821,ST001_S04,29,21,AVAILABLE,0
SEAT006822,ST001_S04,29,22,AVAILABLE,0
SEAT006823,ST001_S04,29,23,AVAILABLE,0
SEAT006824,ST001_S04,29,24,AVAILABLE,0
SEAT006825,ST001_S04,29,25,AVAILABLE,0
SEAT006826,ST001_S04,29,26,AVAILABLE,0
SEAT006827,ST001_S04,29,27,AVAILABLE,0
SEAT006828,ST001_S04,29,28,AVAILABLE,0
SEAT006829,ST001_S04,29,29,AVAILABLE,0
SEAT006830,ST001_S04,29,30,AVAILABLE,0
SEAT006831,ST001_S04,29,31,AVAILABLE,0
SEAT006832,ST001_S04,29,32,AVAILABLE,0
SEAT006833,ST001_S04,29,33,AVAILABLE,0
SEAT006834,ST001_S04,29,34,AVAILABLE,0
SEAT006835,ST001_S04,29,35,AVAILABLE,0
SEAT006836,ST001_S04,29,36,AVAILABLE,0
SEAT006837,ST001_S04,29,37,AVAILABLE,0
SEAT006838,ST001_S04,29,38,AVAILABLE,0
SEAT006839,ST001_S04,29,39,AVAILABLE,0
SEAT006840,ST001_S04,29,40,AVAILABLE,0
SEAT006841,ST001_S04,29,41,AVAILABLE,0
SEAT006842,ST001_S04,29,42,AVAILABLE,0
SEAT006843,ST001_S04,29,43,AVAILABLE,0
SEAT006844,ST001_S04,29,44,AVAILABLE,0
SEAT006845,ST001_S04,29,45,AVAILABLE,0
SEAT006846,ST001_S04,29,46,AVAILABLE,0
SEAT006847,ST001_S04,29,47,AVAILABLE,0
SEAT006848,ST001_S04,29,48,AVAILABLE,0
SEAT006849,ST001_S04,29,49,AVAILABLE,0
SEAT006850,ST001_S04,29,50,AVAILABLE,0
SEAT006851,ST001_S04,29,51,AVAILABLE,0
SEAT006852,ST001_S04,29,52,AVAILABLE,0
SEAT006853,ST001_S04,29,53,AVAILABLE,0
SEAT006854,ST001_S04,29,54,AVAILABLE,0
SEAT006855,ST001_S04,29,55,AVAILABLE,0
SEAT006856,ST001_S04,29,56,AVAILABLE,0
SEAT006857,ST001_S04,29,57,AVAILABLE,0
SEAT006858,ST001_S04,29,58,AVAILABLE,0
SEAT006859,ST001_S04,29,59,AVAILABLE,0
SEAT006860,ST001_S04,29,60,AVAILABLE,0
SEAT006861,ST001_S04,29,61,AVAILABLE,0
SEAT006862,ST001_S04,29,62,AVAILABLE,0
SEAT006863,ST001_S04,29,63,AVAILABLE,0
SEAT006864,ST001_S04,29,64,AVAILABLE,0
SEAT006865,ST001_S04,29,65,AVAILABLE,0
SEAT006866,ST001_S04,29,66,AVAILABLE,0
SEAT006867,ST001_S04,29,67,AVAILABLE,0
SEAT006868,ST001_S04,29,68,AVAILABLE,0
SEAT006869,ST001_S04,29,69,AVAILABLE,0
SEAT006870,ST001_S04,29,70,AVAILABLE,0
SEAT006871,ST001_S04,29,71,AVAILABLE,0
SEAT006872,ST001_S04,29,72,AVAILABLE,0
SEAT006873,ST001_S04,29,73,AVAILABLE,0
SEAT006874,ST001_S04,29,74,AVAILABLE,0
SEAT006875,ST001_S04,29,75,AVAILABLE,0
SEAT006876,ST001_S04,29,76,AVAILABLE,0
SEAT006877,ST001_S04,29,77,AVAILABLE,0
SEAT006878,ST001_S04,29,78,AVAILABLE,0
SEAT006879,ST001_S04,29,79,AVAILABLE,0
SEAT006880,ST001_S04,29,80,AVAILABLE,0
SEAT006881,ST001_S04,29,81,AVAILABLE,0
SEAT006882,ST001_S04,29,82,AVAILABLE,0
SEAT006883,ST001_S04,29,83,AVAILABLE,0
SEAT006884,ST001_S04,29,84,AVAILABLE,0
SEAT006885,ST001_S04,29,85,AVAILABLE,0
SEAT006886,ST001_S04,29,86,AVAILABLE,0
SEAT006887,ST001_S04,29,87,AVAILABLE,0
SEAT006888,ST001_S04,29,88,AVAILABLE,0
SEAT006889,ST001_S04,29,89,AVAILABLE,0
SEAT006890,ST001_S04,29,90,AVAILABLE,0
SEAT006891,ST001_S04,29,91,AVAILABLE,0
SEAT006892,ST001_S04,29,92,AVAILABLE,0
SEAT006893,ST001_S04,29,93,AVAILABLE,0
SEAT006894,ST001_S04,29,94,AVAILABLE,0
SEAT006895,ST001_S04,29,95,AVAILABLE,0
SEAT006896,ST001_S04,29,96,AVAILABLE,0
SEAT006897,ST001_S04,29,97,AVAILABLE,0
SEAT006898,ST001_S04,29,98,AVAILABLE,0
SEAT006899,ST001_S04,29,99,AVAILABLE,0
SEAT006900,ST001_S04,29,100,AVAILABLE,0
SEAT006901,ST001_S04,30,1,AVAILABLE,0
SEAT006902,ST001_S04,30,2,AVAILABLE,0
SEAT006903,ST001_S04,30,3,AVAILABLE,0
SEAT006904,ST001_S04,30,4,AVAILABLE,0
SEAT006905,ST001_S04,30,5,AVAILABLE,0
SEAT006906,ST001_S04,30,6,AVAILABLE,0
SEAT006907,ST001_S04,30,7,AVAILABLE,0
SEAT006908,ST001_S04,30,8,AVAILABLE,0
SEAT006909,ST001_S04,30,9,AVAILABLE,0
SEAT006910,ST001_S04,30,10,AVAILABLE,0
SEAT006911,ST001_S04,30,11,AVAILABLE,0
SEAT006912,ST001_S04,30,12,AVAILABLE,0
SEAT006913,ST001_S04,30,13,AVAILABLE,0
SEAT006914,ST001_S04,30,14,AVAILABLE,0
SEAT006915,ST001_S04,30,15,AVAILABLE,0
SEAT006916,ST001_S04,30,16,AVAILABLE,0
SEAT006917,ST001_S04,30,17,AVAILABLE,0
SEAT006918,ST001_S04,30,18,AVAILABLE,0
SEAT006919,ST001_S04,30,19,AVAILABLE,0
SEAT006920,ST001_S04,30,20,AVAILABLE,0
SEAT006921,ST001_S04,30,21,AVAILABLE,0
SEAT006922,ST001_S04,30,22,AVAILABLE,0
SEAT006923,ST001_S04,30,23,AVAILABLE,0
SEAT006924,ST001_S04,30,24,AVAILABLE,0
SEAT006925,ST001_S04,30,25,AVAILABLE,0
SEAT006926,ST001_S04,30,26,AVAILABLE,0
SEAT006927,ST001_S04,30,27,AVAILABLE,0
SEAT006928,ST001_S04,30,28,AVAILABLE,0
SEAT006929,ST001_S04,30,29,AVAILABLE,0
SEAT006930,ST001_S04,30,30,AVAILABLE,0
SEAT006931,ST001_S04,30,31,AVAILABLE,0
SEAT006932,ST001_S04,30,32,AVAILABLE,0
SEAT006933,ST001_S04,30,33,AVAILABLE,0
SEAT006934,ST001_S04,30,34,AVAILABLE,0
SEAT006935,ST001_S04,30,35,AVAILABLE,0
SEAT006936,ST001_S04,30,36,AVAILABLE,0
SEAT006937,ST001_S04,30,37,AVAILABLE,0
SEAT006938,ST001_S04,30,38,AVAILABLE,0
SEAT006939,ST001_S04,30,39,AVAILABLE,0
SEAT006940,ST001_S04,30,40,AVAILABLE,0
SEAT006941,ST001_S04,30,41,AVAILABLE,0
SEAT006942,ST001_S04,30,42,AVAILABLE,0
SEAT006943,ST001_S04,30,43,AVAILABLE,0
SEAT006944,ST001_S04,30,44,AVAILABLE,0
SEAT006945,ST001_S04,30,45,AVAILABLE,0
SEAT006946,ST001_S04,30,46,AVAILABLE,0
SEAT006947,ST001_S04,30,47,AVAILABLE,0
SEAT006948,ST001_S04,30,48,AVAILABLE,0
SEAT006949,ST001_S04,30,49,AVAILABLE,0
SEAT006950,ST001_S04,30,50,AVAILABLE,0
SEAT006951,ST001_S04,30,51,AVAILABLE,0
SEAT006952,ST001_S04,30,52,AVAILABLE,0
SEAT006953,ST001_S04,30,53,AVAILABLE,0
SEAT006954,ST001_S04,30,54,AVAILABLE,0
SEAT006955,ST001_S04,30,55,AVAILABLE,0
SEAT006956,ST001_S04,30,56,AVAILABLE,0
SEAT006957,ST001_S04,30,57,AVAILABLE,0
SEAT006958,ST001_S04,30,58,AVAILABLE,0
SEAT006959,ST001_S04,30,59,AVAILABLE,0
SEAT006960,ST001_S04,30,60,AVAILABLE,0
SEAT006961,ST001_S04,30,61,AVAILABLE,0
SEAT006962,ST001_S04,30,62,AVAILABLE,0
SEAT006963,ST001_S04,30,63,AVAILABLE,0
SEAT006964,ST001_S04,30,64,AVAILABLE,0
SEAT006965,ST001_S04,30,65,AVAILABLE,0
SEAT006966,ST001_S04,30,66,AVAILABLE,0
SEAT006967,ST001_S04,30,67,AVAILABLE,0
SEAT006968,ST001_S04,30,68,AVAILABLE,0
SEAT006969,ST001_S04,30,69,AVAILABLE,0
SEAT006970,ST001_S04,30,70,AVAILABLE,0
SEAT006971,ST001_S04,30,71,AVAILABLE,0
SEAT006972,ST001_S04,30,72,AVAILABLE,0
SEAT006973,ST001_S04,30,73,AVAILABLE,0
SEAT006974,ST001_S04,30,74,AVAILABLE,0
SEAT006975,ST001_S04,30,75,AVAILABLE,0
SEAT006976,ST001_S04,30,76,AVAILABLE,0
SEAT006977,ST001_S04,30,77,AVAILABLE,0
SEAT006978,ST001_S04,30,78,AVAILABLE,0
SEAT006979,ST001_S04,30,79,AVAILABLE,0
SEAT006980,ST001_S04,30,80,AVAILABLE,0
SEAT006981,ST001_S04,30,81,AVAILABLE,0
SEAT006982,ST001_S04,30,82,AVAILABLE,0
SEAT006983,ST001_S04,30,83,AVAILABLE,0
SEAT006984,ST001_S04,30,84,AVAILABLE,0
SEAT006985,ST001_S04,30,85,AVAILABLE,0
SEAT006986,ST001_S04,30,86,AVAILABLE,0
SEAT006987,ST001_S04,30,87,AVAILABLE,0
SEAT006988,ST001_S04,30,88,AVAILABLE,0
SEAT006989,ST001_S04,30,89,AVAILABLE,0
SEAT006990,ST001_S04,30,90,AVAILABLE,0
SEAT006991,ST001_S04,30,91,AVAILABLE,0
SEAT006992,ST001_S04,30,92,AVAILABLE,0
SEAT006993,ST001_S04,30,93,AVAILABLE,0
SEAT006994,ST001_S04,30,94,AVAILABLE,0
SEAT006995,ST001_S04,30,95,AVAILABLE,0
SEAT006996,ST001_S04,30,96,AVAILABLE,0
SEAT006997,ST001_S04,30,97,AVAILABLE,0
SEAT006998,ST001_S04,30,98,AVAILABLE,0
SEAT006999,ST001_S04,30,99,AVAILABLE,0
SEAT007000,ST001_S04,30,100,AVAILABLE,0
SEAT007001,ST001_S05,1,1,AVAILABLE,0
SEAT007002,ST001_S05,1,2,AVAILABLE,0
SEAT007003,ST001_S05,1,3,AVAILABLE,0
SEAT007004,ST001_S05,1,4,AVAILABLE,0
SEAT007005,ST001_S05,1,5,AVAILABLE,0
SEAT007006,ST001_S05,1,6,AVAILABLE,0
SEAT007007,ST001_S05,1,7,AVAILABLE,0
SEAT007008,ST001_S05,1,8,AVAILABLE,0
SEAT007009,ST001_S05,1,9,AVAILABLE,0
SEAT007010,ST001_S05,1,10,AVAILABLE,0
SEAT007011,ST001_S05,1,11,AVAILABLE,0
SEAT007012,ST001_S05,1,12,AVAILABLE,0
SEAT007013,ST001_S05,1,13,AVAILABLE,0
SEAT007014,ST001_S05,1,14,AVAILABLE,0
SEAT007015,ST001_S05,1,15,AVAILABLE,0
SEAT007016,ST001_S05,1,16,AVAILABLE,0
SEAT007017,ST001_S05,1,17,AVAILABLE,0
SEAT007018,ST001_S05,1,18,AVAILABLE,0
SEAT007019,ST001_S05,1,19,AVAILABLE,0
SEAT007020,ST001_S05,1,20,AVAILABLE,0
SEAT007021,ST001_S05,1,21,AVAILABLE,0
SEAT007022,ST001_S05,1,22,AVAILABLE,0
SEAT007023,ST001_S05,1,23,AVAILABLE,0
SEAT007024,ST001_S05,1,24,AVAILABLE,0
SEAT007025,ST001_S05,1,25,AVAILABLE,0
SEAT007026,ST001_S05,1,26,AVAILABLE,0
SEAT007027,ST001_S05,1,27,AVAILABLE,0
SEAT007028,ST001_S05,1,28,AVAILABLE,0
SEAT007029,ST001_S05,1,29,AVAILABLE,0
SEAT007030,ST001_S05,1,30,AVAILABLE,0
SEAT007031,ST001_S05,1,31,AVAILABLE,0
SEAT007032,ST001_S05,1,32,AVAILABLE,0
SEAT007033,ST001_S05,1,33,AVAILABLE,0
SEAT007034,ST001_S05,1,34,AVAILABLE,0
SEAT007035,ST001_S05,1,35,AVAILABLE,0
SEAT007036,ST001_S05,1,36,AVAILABLE,0
SEAT007037,ST001_S05,1,37,AVAILABLE,0
SEAT007038,ST001_S05,1,38,AVAILABLE,0
SEAT007039,ST001_S05,1,39,AVAILABLE,0
SEAT007040,ST001_S05,1,40,AVAILABLE,0
SEAT007041,ST001_S05,1,41,AVAILABLE,0
SEAT007042,ST001_S05,1,42,AVAILABLE,0
SEAT007043,ST001_S05,1,43,AVAILABLE,0
SEAT007044,ST001_S05,1,44,AVAILABLE,0
SEAT007045,ST001_S05,1,45,AVAILABLE,0
SEAT007046,ST001_S05,1,46,AVAILABLE,0
SEAT007047,ST001_S05,1,47,AVAILABLE,0
SEAT007048,ST001_S05,1,48,AVAILABLE,0
SEAT007049,ST001_S05,1,49,AVAILABLE,0
SEAT007050,ST001_S05,1,50,AVAILABLE,0
SEAT007051,ST001_S05,1,51,AVAILABLE,0
SEAT007052,ST001_S05,1,52,AVAILABLE,0
SEAT007053,ST001_S05,1,53,AVAILABLE,0
SEAT007054,ST001_S05,1,54,AVAILABLE,0
SEAT007055,ST001_S05,1,55,AVAILABLE,0
SEAT007056,ST001_S05,1,56,AVAILABLE,0
SEAT007057,ST001_S05,1,57,AVAILABLE,0
SEAT007058,ST001_S05,1,58,AVAILABLE,0
SEAT007059,ST001_S05,1,59,AVAILABLE,0
SEAT007060,ST001_S05,1,60,AVAILABLE,0
SEAT007061,ST001_S05,1,61,AVAILABLE,0
SEAT007062,ST001_S05,1,62,AVAILABLE,0
SEAT007063,ST001_S05,1,63,AVAILABLE,0
SEAT007064,ST001_S05,1,64,AVAILABLE,0
SEAT007065,ST001_S05,1,65,AVAILABLE,0
SEAT007066,ST001_S05,1,66,AVAILABLE,0
SEAT007067,ST001_S05,1,67,AVAILABLE,0
SEAT007068,ST001_S05,1,68,AVAILABLE,0
SEAT007069,ST001_S05,1,69,AVAILABLE,0
SEAT007070,ST001_S05,1,70,AVAILABLE,0
SEAT007071,ST001_S05,1,71,AVAILABLE,0
SEAT007072,ST001_S05,1,72,AVAILABLE,0
SEAT007073,ST001_S05,1,73,AVAILABLE,0
SEAT007074,ST001_S05,1,74,AVAILABLE,0
SEAT007075,ST001_S05,1,75,AVAILABLE,0
SEAT007076,ST001_S05,1,76,AVAILABLE,0
SEAT007077,ST001_S05,1,77,AVAILABLE,0
SEAT007078,ST001_S05,1,78,AVAILABLE,0
SEAT007079,ST001_S05,1,79,AVAILABLE,0
SEAT007080,ST001_S05,1,80,AVAILABLE,0
SEAT007081,ST001_S05,1,81,AVAILABLE,0
SEAT007082,ST001_S05,1,82,AVAILABLE,0
SEAT007083,ST001_S05,1,83,AVAILABLE,0
SEAT007084,ST001_S05,1,84,AVAILABLE,0
SEAT007085,ST001_S05,1,85,AVAILABLE,0
SEAT007086,ST001_S05,1,86,AVAILABLE,0
SEAT007087,ST001_S05,1,87,AVAILABLE,0
SEAT007088,ST001_S05,1,88,AVAILABLE,0
SEAT007089,ST001_S05,1,89,AVAILABLE,0
SEAT007090,ST001_S05,1,90,AVAILABLE,0
SEAT007091,ST001_S05,1,91,AVAILABLE,0
SEAT007092,ST001_S05,1,92,AVAILABLE,0
SEAT007093,ST001_S05,1,93,AVAILABLE,0
SEAT007094,ST001_S05,1,94,AVAILABLE,0
SEAT007095,ST001_S05,1,95,AVAILABLE,0
SEAT007096,ST001_S05,1,96,AVAILABLE,0
SEAT007097,ST001_S05,1,97,AVAILABLE,0
SEAT007098,ST001_S05,1,98,AVAILABLE,0
SEAT007099,ST001_S05,1,99,AVAILABLE,0
SEAT007100,ST001_S05,1,100,AVAILABLE,0
SEAT007101,ST001_S05,2,1,AVAILABLE,0
SEAT007102,ST001_S05,2,2,AVAILABLE,0
SEAT007103,ST001_S05,2,3,AVAILABLE,0
SEAT007104,ST001_S05,2,4,AVAILABLE,0
SEAT007105,ST001_S05,2,5,AVAILABLE,0
SEAT007106,ST001_S05,2,6,AVAILABLE,0
SEAT007107,ST001_S05,2,7,AVAILABLE,0
SEAT007108,ST001_S05,2,8,AVAILABLE,0
SEAT007109,ST001_S05,2,9,AVAILABLE,0
SEAT007110,ST001_S05,2,10,AVAILABLE,0
SEAT007111,ST001_S05,2,11,AVAILABLE,0
SEAT007112,ST001_S05,2,12,AVAILABLE,0
SEAT007113,ST001_S05,2,13,AVAILABLE,0
SEAT007114,ST001_S05,2,14,AVAILABLE,0
SEAT007115,ST001_S05,2,15,AVAILABLE,0
SEAT007116,ST001_S05,2,16,AVAILABLE,0
SEAT007117,ST001_S05,2,17,AVAILABLE,0
SEAT007118,ST001_S05,2,18,AVAILABLE,0
SEAT007119,ST001_S05,2,19,AVAILABLE,0
SEAT007120,ST001_S05,2,20,AVAILABLE,0
SEAT007121,ST001_S05,2,21,AVAILABLE,0
SEAT007122,ST001_S05,2,22,AVAILABLE,0
SEAT007123,ST001_S05,2,23,AVAILABLE,0
SEAT007124,ST001_S05,2,24,AVAILABLE,0
SEAT007125,ST001_S05,2,25,AVAILABLE,0
SEAT007126,ST001_S05,2,26,AVAILABLE,0
SEAT007127,ST001_S05,2,27,AVAILABLE,0
SEAT007128,ST001_S05,2,28,AVAILABLE,0
SEAT007129,ST001_S05,2,29,AVAILABLE,0
SEAT007130,ST001_S05,2,30,AVAILABLE,0
SEAT007131,ST001_S05,2,31,AVAILABLE,0
SEAT007132,ST001_S05,2,32,AVAILABLE,0
SEAT007133,ST001_S05,2,33,AVAILABLE,0
SEAT007134,ST001_S05,2,34,AVAILABLE,0
SEAT007135,ST001_S05,2,35,AVAILABLE,0
SEAT007136,ST001_S05,2,36,AVAILABLE,0
SEAT007137,ST001_S05,2,37,AVAILABLE,0
SEAT007138,ST001_S05,2,38,AVAILABLE,0
SEAT007139,ST001_S05,2,39,AVAILABLE,0
SEAT007140,ST001_S05,2,40,AVAILABLE,0
SEAT007141,ST001_S05,2,41,AVAILABLE,0
SEAT007142,ST001_S05,2,42,AVAILABLE,0
SEAT007143,ST001_S05,2,43,AVAILABLE,0
SEAT007144,ST001_S05,2,44,AVAILABLE,0
SEAT007145,ST001_S05,2,45,AVAILABLE,0
SEAT007146,ST001_S05,2,46,AVAILABLE,0
SEAT007147,ST001_S05,2,47,AVAILABLE,0
SEAT007148,ST001_S05,2,48,AVAILABLE,0
SEAT007149,ST001_S05,2,49,AVAILABLE,0
SEAT007150,ST001_S05,2,50,AVAILABLE,0
SEAT007151,ST001_S05,2,51,AVAILABLE,0
SEAT007152,ST001_S05,2,52,AVAILABLE,0
SEAT007153,ST001_S05,2,53,AVAILABLE,0
SEAT007154,ST001_S05,2,54,AVAILABLE,0
SEAT007155,ST001_S05,2,55,AVAILABLE,0
SEAT007156,ST001_S05,2,56,AVAILABLE,0
SEAT007157,ST001_S05,2,57,AVAILABLE,0
SEAT007158,ST001_S05,2,58,AVAILABLE,0
SEAT007159,ST001_S05,2,59,AVAILABLE,0
SEAT007160,ST001_S05,2,60,AVAILABLE,0
SEAT007161,ST001_S05,2,61,AVAILABLE,0
SEAT007162,ST001_S05,2,62,AVAILABLE,0
SEAT007163,ST001_S05,2,63,AVAILABLE,0
SEAT007164,ST001_S05,2,64,AVAILABLE,0
SEAT007165,ST001_S05,2,65,AVAILABLE,0
SEAT007166,ST001_S05,2,66,AVAILABLE,0
SEAT007167,ST001_S05,2,67,AVAILABLE,0
SEAT007168,ST001_S05,2,68,AVAILABLE,0
SEAT007169,ST001_S05,2,69,AVAILABLE,0
SEAT007170,ST001_S05,2,70,AVAILABLE,0
SEAT007171,ST001_S05,2,71,AVAILABLE,0
SEAT007172,ST001_S05,2,72,AVAILABLE,0
SEAT007173,ST001_S05,2,73,AVAILABLE,0
SEAT007174,ST001_S05,2,74,AVAILABLE,0
SEAT007175,ST001_S05,2,75,AVAILABLE,0
SEAT007176,ST001_S05,2,76,AVAILABLE,0
SEAT007177,ST001_S05,2,77,AVAILABLE,0
SEAT007178,ST001_S05,2,78,AVAILABLE,0
SEAT007179,ST001_S05,2,79,AVAILABLE,0
SEAT007180,ST001_S05,2,80,AVAILABLE,0
SEAT007181,ST001_S05,2,81,AVAILABLE,0
SEAT007182,ST001_S05,2,82,AVAILABLE,0
SEAT007183,ST001_S05,2,83,AVAILABLE,0
SEAT007184,ST001_S05,2,84,AVAILABLE,0
SEAT007185,ST001_S05,2,85,AVAILABLE,0
SEAT007186,ST001_S05,2,86,AVAILABLE,0
SEAT007187,ST001_S05,2,87,AVAILABLE,0
SEAT007188,ST001_S05,2,88,AVAILABLE,0
SEAT007189,ST001_S05,2,89,AVAILABLE,0
SEAT007190,ST001_S05,2,90,AVAILABLE,0
SEAT007191,ST001_S05,2,91,AVAILABLE,0
SEAT007192,ST001_S05,2,92,AVAILABLE,0
SEAT007193,ST001_S05,2,93,AVAILABLE,0
SEAT007194,ST001_S05,2,94,AVAILABLE,0
SEAT007195,ST001_S05,2,95,AVAILABLE,0
SEAT007196,ST001_S05,2,96,AVAILABLE,0
SEAT007197,ST001_S05,2,97,AVAILABLE,0
SEAT007198,ST001_S05,2,98,AVAILABLE,0
SEAT007199,ST001_S05,2,99,AVAILABLE,0
SEAT007200,ST001_S05,2,100,AVAILABLE,0
SEAT007201,ST001_S05,3,1,AVAILABLE,0
SEAT007202,ST001_S05,3,2,AVAILABLE,0
SEAT007203,ST001_S05,3,3,AVAILABLE,0
SEAT007204,ST001_S05,3,4,AVAILABLE,0
SEAT007205,ST001_S05,3,5,AVAILABLE,0
SEAT007206,ST001_S05,3,6,AVAILABLE,0
SEAT007207,ST001_S05,3,7,AVAILABLE,0
SEAT007208,ST001_S05,3,8,AVAILABLE,0
SEAT007209,ST001_S05,3,9,AVAILABLE,0
SEAT007210,ST001_S05,3,10,AVAILABLE,0
SEAT007211,ST001_S05,3,11,AVAILABLE,0
SEAT007212,ST001_S05,3,12,AVAILABLE,0
SEAT007213,ST001_S05,3,13,AVAILABLE,0
SEAT007214,ST001_S05,3,14,AVAILABLE,0
SEAT007215,ST001_S05,3,15,AVAILABLE,0
SEAT007216,ST001_S05,3,16,AVAILABLE,0
SEAT007217,ST001_S05,3,17,AVAILABLE,0
SEAT007218,ST001_S05,3,18,AVAILABLE,0
SEAT007219,ST001_S05,3,19,AVAILABLE,0
SEAT007220,ST001_S05,3,20,AVAILABLE,0
SEAT007221,ST001_S05,3,21,AVAILABLE,0
SEAT007222,ST001_S05,3,22,AVAILABLE,0
SEAT007223,ST001_S05,3,23,AVAILABLE,0
SEAT007224,ST001_S05,3,24,AVAILABLE,0
SEAT007225,ST001_S05,3,25,AVAILABLE,0
SEAT007226,ST001_S05,3,26,AVAILABLE,0
SEAT007227,ST001_S05,3,27,AVAILABLE,0
SEAT007228,ST001_S05,3,28,AVAILABLE,0
SEAT007229,ST001_S05,3,29,AVAILABLE,0
SEAT007230,ST001_S05,3,30,AVAILABLE,0
SEAT007231,ST001_S05,3,31,AVAILABLE,0
SEAT007232,ST001_S05,3,32,AVAILABLE,0
SEAT007233,ST001_S05,3,33,AVAILABLE,0
SEAT007234,ST001_S05,3,34,AVAILABLE,0
SEAT007235,ST001_S05,3,35,AVAILABLE,0
SEAT007236,ST001_S05,3,36,AVAILABLE,0
SEAT007237,ST001_S05,3,37,AVAILABLE,0
SEAT007238,ST001_S05,3,38,AVAILABLE,0
SEAT007239,ST001_S05,3,39,AVAILABLE,0
SEAT007240,ST001_S05,3,40,AVAILABLE,0
SEAT007241,ST001_S05,3,41,AVAILABLE,0
SEAT007242,ST001_S05,3,42,AVAILABLE,0
SEAT007243,ST001_S05,3,43,AVAILABLE,0
SEAT007244,ST001_S05,3,44,AVAILABLE,0
SEAT007245,ST001_S05,3,45,AVAILABLE,0
SEAT007246,ST001_S05,3,46,AVAILABLE,0
SEAT007247,ST001_S05,3,47,AVAILABLE,0
SEAT007248,ST001_S05,3,48,AVAILABLE,0
SEAT007249,ST001_S05,3,49,AVAILABLE,0
SEAT007250,ST001_S05,3,50,AVAILABLE,0
SEAT007251,ST001_S05,3,51,AVAILABLE,0
SEAT007252,ST001_S05,3,52,AVAILABLE,0
SEAT007253,ST001_S05,3,53,AVAILABLE,0
SEAT007254,ST001_S05,3,54,AVAILABLE,0
SEAT007255,ST001_S05,3,55,AVAILABLE,0
SEAT007256,ST001_S05,3,56,AVAILABLE,0
SEAT007257,ST001_S05,3,57,AVAILABLE,0
SEAT007258,ST001_S05,3,58,AVAILABLE,0
SEAT007259,ST001_S05,3,59,AVAILABLE,0
SEAT007260,ST001_S05,3,60,AVAILABLE,0
SEAT007261,ST001_S05,3,61,AVAILABLE,0
SEAT007262,ST001_S05,3,62,AVAILABLE,0
SEAT007263,ST001_S05,3,63,AVAILABLE,0
SEAT007264,ST001_S05,3,64,AVAILABLE,0
SEAT007265,ST001_S05,3,65,AVAILABLE,0
SEAT007266,ST001_S05,3,66,AVAILABLE,0
SEAT007267,ST001_S05,3,67,AVAILABLE,0
SEAT007268,ST001_S05,3,68,AVAILABLE,0
SEAT007269,ST001_S05,3,69,AVAILABLE,0
SEAT007270,ST001_S05,3,70,AVAILABLE,0
SEAT007271,ST001_S05,3,71,AVAILABLE,0
SEAT007272,ST001_S05,3,72,AVAILABLE,0
SEAT007273,ST001_S05,3,73,AVAILABLE,0
SEAT007274,ST001_S05,3,74,AVAILABLE,0
SEAT007275,ST001_S05,3,75,AVAILABLE,0
SEAT007276,ST001_S05,3,76,AVAILABLE,0
SEAT007277,ST001_S05,3,77,AVAILABLE,0
SEAT007278,ST001_S05,3,78,AVAILABLE,0
SEAT007279,ST001_S05,3,79,AVAILABLE,0
SEAT007280,ST001_S05,3,80,AVAILABLE,0
SEAT007281,ST001_S05,3,81,AVAILABLE,0
SEAT007282,ST001_S05,3,82,AVAILABLE,0
SEAT007283,ST001_S05,3,83,AVAILABLE,0
SEAT007284,ST001_S05,3,84,AVAILABLE,0
SEAT007285,ST001_S05,3,85,AVAILABLE,0
SEAT007286,ST001_S05,3,86,AVAILABLE,0
SEAT007287,ST001_S05,3,87,AVAILABLE,0
SEAT007288,ST001_S05,3,88,AVAILABLE,0
SEAT007289,ST001_S05,3,89,AVAILABLE,0
SEAT007290,ST001_S05,3,90,AVAILABLE,0
SEAT007291,ST001_S05,3,91,AVAILABLE,0
SEAT007292,ST001_S05,3,92,AVAILABLE,0
SEAT007293,ST001_S05,3,93,AVAILABLE,0
SEAT007294,ST001_S05,3,94,AVAILABLE,0
SEAT007295,ST001_S05,3,95,AVAILABLE,0
SEAT007296,ST001_S05,3,96,AVAILABLE,0
SEAT007297,ST001_S05,3,97,AVAILABLE,0
SEAT007298,ST001_S05,3,98,AVAILABLE,0
SEAT007299,ST001_S05,3,99,AVAILABLE,0
SEAT007300,ST001_S05,3,100,AVAILABLE,0
SEAT007301,ST001_S05,4,1,AVAILABLE,0
SEAT007302,ST001_S05,4,2,AVAILABLE,0
SEAT007303,ST001_S05,4,3,AVAILABLE,0
SEAT007304,ST001_S05,4,4,AVAILABLE,0
SEAT007305,ST001_S05,4,5,AVAILABLE,0
SEAT007306,ST001_S05,4,6,AVAILABLE,0
SEAT007307,ST001_S05,4,7,AVAILABLE,0
SEAT007308,ST001_S05,4,8,AVAILABLE,0
SEAT007309,ST001_S05,4,9,AVAILABLE,0
SEAT007310,ST001_S05,4,10,AVAILABLE,0
SEAT007311,ST001_S05,4,11,AVAILABLE,0
SEAT007312,ST001_S05,4,12,AVAILABLE,0
SEAT007313,ST001_S05,4,13,AVAILABLE,0
SEAT007314,ST001_S05,4,14,AVAILABLE,0
SEAT007315,ST001_S05,4,15,AVAILABLE,0
SEAT007316,ST001_S05,4,16,AVAILABLE,0
SEAT007317,ST001_S05,4,17,AVAILABLE,0
SEAT007318,ST001_S05,4,18,AVAILABLE,0
SEAT007319,ST001_S05,4,19,AVAILABLE,0
SEAT007320,ST001_S05,4,20,AVAILABLE,0
SEAT007321,ST001_S05,4,21,AVAILABLE,0
SEAT007322,ST001_S05,4,22,AVAILABLE,0
SEAT007323,ST001_S05,4,23,AVAILABLE,0
SEAT007324,ST001_S05,4,24,AVAILABLE,0
SEAT007325,ST001_S05,4,25,AVAILABLE,0
SEAT007326,ST001_S05,4,26,AVAILABLE,0
SEAT007327,ST001_S05,4,27,AVAILABLE,0
SEAT007328,ST001_S05,4,28,AVAILABLE,0
SEAT007329,ST001_S05,4,29,AVAILABLE,0
SEAT007330,ST001_S05,4,30,AVAILABLE,0
SEAT007331,ST001_S05,4,31,AVAILABLE,0
SEAT007332,ST001_S05,4,32,AVAILABLE,0
SEAT007333,ST001_S05,4,33,AVAILABLE,0
SEAT007334,ST001_S05,4,34,AVAILABLE,0
SEAT007335,ST001_S05,4,35,AVAILABLE,0
SEAT007336,ST001_S05,4,36,AVAILABLE,0
SEAT007337,ST001_S05,4,37,AVAILABLE,0
SEAT007338,ST001_S05,4,38,AVAILABLE,0
SEAT007339,ST001_S05,4,39,AVAILABLE,0
SEAT007340,ST001_S05,4,40,AVAILABLE,0
SEAT007341,ST001_S05,4,41,AVAILABLE,0
SEAT007342,ST001_S05,4,42,AVAILABLE,0
SEAT007343,ST001_S05,4,43,AVAILABLE,0
SEAT007344,ST001_S05,4,44,AVAILABLE,0
SEAT007345,ST001_S05,4,45,AVAILABLE,0
SEAT007346,ST001_S05,4,46,AVAILABLE,0
SEAT007347,ST001_S05,4,47,AVAILABLE,0
SEAT007348,ST001_S05,4,48,AVAILABLE,0
SEAT007349,ST001_S05,4,49,AVAILABLE,0
SEAT007350,ST001_S05,4,50,AVAILABLE,0
SEAT007351,ST001_S05,4,51,AVAILABLE,0
SEAT007352,ST001_S05,4,52,AVAILABLE,0
SEAT007353,ST001_S05,4,53,AVAILABLE,0
SEAT007354,ST001_S05,4,54,AVAILABLE,0
SEAT007355,ST001_S05,4,55,AVAILABLE,0
SEAT007356,ST001_S05,4,56,AVAILABLE,0
SEAT007357,ST001_S05,4,57,AVAILABLE,0
SEAT007358,ST001_S05,4,58,AVAILABLE,0
SEAT007359,ST001_S05,4,59,AVAILABLE,0
SEAT007360,ST001_S05,4,60,AVAILABLE,0
SEAT007361,ST001_S05,4,61,AVAILABLE,0
SEAT007362,ST001_S05,4,62,AVAILABLE,0
SEAT007363,ST001_S05,4,63,AVAILABLE,0
SEAT007364,ST001_S05,4,64,AVAILABLE,0
SEAT007365,ST001_S05,4,65,AVAILABLE,0
SEAT007366,ST001_S05,4,66,AVAILABLE,0
SEAT007367,ST001_S05,4,67,AVAILABLE,0
SEAT007368,ST001_S05,4,68,AVAILABLE,0
SEAT007369,ST001_S05,4,69,AVAILABLE,0
SEAT007370,ST001_S05,4,70,AVAILABLE,0
SEAT007371,ST001_S05,4,71,AVAILABLE,0
SEAT007372,ST001_S05,4,72,AVAILABLE,0
SEAT007373,ST001_S05,4,73,AVAILABLE,0
SEAT007374,ST001_S05,4,74,AVAILABLE,0
SEAT007375,ST001_S05,4,75,AVAILABLE,0
SEAT007376,ST001_S05,4,76,AVAILABLE,0
SEAT007377,ST001_S05,4,77,AVAILABLE,0
SEAT007378,ST001_S05,4,78,AVAILABLE,0
SEAT007379,ST001_S05,4,79,AVAILABLE,0
SEAT007380,ST001_S05,4,80,AVAILABLE,0
SEAT007381,ST001_S05,4,81,AVAILABLE,0
SEAT007382,ST001_S05,4,82,AVAILABLE,0
SEAT007383,ST001_S05,4,83,AVAILABLE,0
SEAT007384,ST001_S05,4,84,AVAILABLE,0
SEAT007385,ST001_S05,4,85,AVAILABLE,0
SEAT007386,ST001_S05,4,86,AVAILABLE,0
SEAT007387,ST001_S05,4,87,AVAILABLE,0
SEAT007388,ST001_S05,4,88,AVAILABLE,0
SEAT007389,ST001_S05,4,89,AVAILABLE,0
SEAT007390,ST001_S05,4,90,AVAILABLE,0
SEAT007391,ST001_S05,4,91,AVAILABLE,0
SEAT007392,ST001_S05,4,92,AVAILABLE,0
SEAT007393,ST001_S05,4,93,AVAILABLE,0
SEAT007394,ST001_S05,4,94,AVAILABLE,0
SEAT007395,ST001_S05,4,95,AVAILABLE,0
SEAT007396,ST001_S05,4,96,AVAILABLE,0
SEAT007397,ST001_S05,4,97,AVAILABLE,0
SEAT007398,ST001_S05,4,98,AVAILABLE,0
SEAT007399,ST001_S05,4,99,AVAILABLE,0
SEAT007400,ST001_S05,4,100,AVAILABLE,0
SEAT007401,ST001_S05,5,1,AVAILABLE,0
SEAT007402,ST001_S05,5,2,AVAILABLE,0
SEAT007403,ST001_S05,5,3,AVAILABLE,0
SEAT007404,ST001_S05,5,4,AVAILABLE,0
SEAT007405,ST001_S05,5,5,AVAILABLE,0
SEAT007406,ST001_S05,5,6,AVAILABLE,0
SEAT007407,ST001_S05,5,7,AVAILABLE,0
SEAT007408,ST001_S05,5,8,AVAILABLE,0
SEAT007409,ST001_S05,5,9,AVAILABLE,0
SEAT007410,ST001_S05,5,10,AVAILABLE,0
SEAT007411,ST001_S05,5,11,AVAILABLE,0
SEAT007412,ST001_S05,5,12,AVAILABLE,0
SEAT007413,ST001_S05,5,13,AVAILABLE,0
SEAT007414,ST001_S05,5,14,AVAILABLE,0
SEAT007415,ST001_S05,5,15,AVAILABLE,0
SEAT007416,ST001_S05,5,16,AVAILABLE,0
SEAT007417,ST001_S05,5,17,AVAILABLE,0
SEAT007418,ST001_S05,5,18,AVAILABLE,0
SEAT007419,ST001_S05,5,19,AVAILABLE,0
SEAT007420,ST001_S05,5,20,AVAILABLE,0
SEAT007421,ST001_S05,5,21,AVAILABLE,0
SEAT007422,ST001_S05,5,22,AVAILABLE,0
SEAT007423,ST001_S05,5,23,AVAILABLE,0
SEAT007424,ST001_S05,5,24,AVAILABLE,0
SEAT007425,ST001_S05,5,25,AVAILABLE,0
SEAT007426,ST001_S05,5,26,AVAILABLE,0
SEAT007427,ST001_S05,5,27,AVAILABLE,0
SEAT007428,ST001_S05,5,28,AVAILABLE,0
SEAT007429,ST001_S05,5,29,AVAILABLE,0
SEAT007430,ST001_S05,5,30,AVAILABLE,0
SEAT007431,ST001_S05,5,31,AVAILABLE,0
SEAT007432,ST001_S05,5,32,AVAILABLE,0
SEAT007433,ST001_S05,5,33,AVAILABLE,0
SEAT007434,ST001_S05,5,34,AVAILABLE,0
SEAT007435,ST001_S05,5,35,AVAILABLE,0
SEAT007436,ST001_S05,5,36,AVAILABLE,0
SEAT007437,ST001_S05,5,37,AVAILABLE,0
SEAT007438,ST001_S05,5,38,AVAILABLE,0
SEAT007439,ST001_S05,5,39,AVAILABLE,0
SEAT007440,ST001_S05,5,40,AVAILABLE,0
SEAT007441,ST001_S05,5,41,AVAILABLE,0
SEAT007442,ST001_S05,5,42,AVAILABLE,0
SEAT007443,ST001_S05,5,43,AVAILABLE,0
SEAT007444,ST001_S05,5,44,AVAILABLE,0
SEAT007445,ST001_S05,5,45,AVAILABLE,0
SEAT007446,ST001_S05,5,46,AVAILABLE,0
SEAT007447,ST001_S05,5,47,AVAILABLE,0
SEAT007448,ST001_S05,5,48,AVAILABLE,0
SEAT007449,ST001_S05,5,49,AVAILABLE,0
SEAT007450,ST001_S05,5,50,AVAILABLE,0
SEAT007451,ST001_S05,5,51,AVAILABLE,0
SEAT007452,ST001_S05,5,52,AVAILABLE,0
SEAT007453,ST001_S05,5,53,AVAILABLE,0
SEAT007454,ST001_S05,5,54,AVAILABLE,0
SEAT007455,ST001_S05,5,55,AVAILABLE,0
SEAT007456,ST001_S05,5,56,AVAILABLE,0
SEAT007457,ST001_S05,5,57,AVAILABLE,0
SEAT007458,ST001_S05,5,58,AVAILABLE,0
SEAT007459,ST001_S05,5,59,AVAILABLE,0
SEAT007460,ST001_S05,5,60,AVAILABLE,0
SEAT007461,ST001_S05,5,61,AVAILABLE,0
SEAT007462,ST001_S05,5,62,AVAILABLE,0
SEAT007463,ST001_S05,5,63,AVAILABLE,0
SEAT007464,ST001_S05,5,64,AVAILABLE,0
SEAT007465,ST001_S05,5,65,AVAILABLE,0
SEAT007466,ST001_S05,5,66,AVAILABLE,0
SEAT007467,ST001_S05,5,67,AVAILABLE,0
SEAT007468,ST001_S05,5,68,AVAILABLE,0
SEAT007469,ST001_S05,5,69,AVAILABLE,0
SEAT007470,ST001_S05,5,70,AVAILABLE,0
SEAT007471,ST001_S05,5,71,AVAILABLE,0
SEAT007472,ST001_S05,5,72,AVAILABLE,0
SEAT007473,ST001_S05,5,73,AVAILABLE,0
SEAT007474,ST001_S05,5,74,AVAILABLE,0
SEAT007475,ST001_S05,5,75,AVAILABLE,0
SEAT007476,ST001_S05,5,76,AVAILABLE,0
SEAT007477,ST001_S05,5,77,AVAILABLE,0
SEAT007478,ST001_S05,5,78,AVAILABLE,0
SEAT007479,ST001_S05,5,79,AVAILABLE,0
SEAT007480,ST001_S05,5,80,AVAILABLE,0
SEAT007481,ST001_S05,5,81,AVAILABLE,0
SEAT007482,ST001_S05,5,82,AVAILABLE,0
SEAT007483,ST001_S05,5,83,AVAILABLE,0
SEAT007484,ST001_S05,5,84,AVAILABLE,0
SEAT007485,ST001_S05,5,85,AVAILABLE,0
SEAT007486,ST001_S05,5,86,AVAILABLE,0
SEAT007487,ST001_S05,5,87,AVAILABLE,0
SEAT007488,ST001_S05,5,88,AVAILABLE,0
SEAT007489,ST001_S05,5,89,AVAILABLE,0
SEAT007490,ST001_S05,5,90,AVAILABLE,0
SEAT007491,ST001_S05,5,91,AVAILABLE,0
SEAT007492,ST001_S05,5,92,AVAILABLE,0
SEAT007493,ST001_S05,5,93,AVAILABLE,0
SEAT007494,ST001_S05,5,94,AVAILABLE,0
SEAT007495,ST001_S05,5,95,AVAILABLE,0
SEAT007496,ST001_S05,5,96,AVAILABLE,0
SEAT007497,ST001_S05,5,97,AVAILABLE,0
SEAT007498,ST001_S05,5,98,AVAILABLE,0
SEAT007499,ST001_S05,5,99,AVAILABLE,0
SEAT007500,ST001_S05,5,100,AVAILABLE,0
SEAT007501,ST001_S05,6,1,AVAILABLE,0
SEAT007502,ST001_S05,6,2,AVAILABLE,0
SEAT007503,ST001_S05,6,3,AVAILABLE,0
SEAT007504,ST001_S05,6,4,AVAILABLE,0
SEAT007505,ST001_S05,6,5,AVAILABLE,0
SEAT007506,ST001_S05,6,6,AVAILABLE,0
SEAT007507,ST001_S05,6,7,AVAILABLE,0
SEAT007508,ST001_S05,6,8,AVAILABLE,0
SEAT007509,ST001_S05,6,9,AVAILABLE,0
SEAT007510,ST001_S05,6,10,AVAILABLE,0
SEAT007511,ST001_S05,6,11,AVAILABLE,0
SEAT007512,ST001_S05,6,12,AVAILABLE,0
SEAT007513,ST001_S05,6,13,AVAILABLE,0
SEAT007514,ST001_S05,6,14,AVAILABLE,0
SEAT007515,ST001_S05,6,15,AVAILABLE,0
SEAT007516,ST001_S05,6,16,AVAILABLE,0
SEAT007517,ST001_S05,6,17,AVAILABLE,0
SEAT007518,ST001_S05,6,18,AVAILABLE,0
SEAT007519,ST001_S05,6,19,AVAILABLE,0
SEAT007520,ST001_S05,6,20,AVAILABLE,0
SEAT007521,ST001_S05,6,21,AVAILABLE,0
SEAT007522,ST001_S05,6,22,AVAILABLE,0
SEAT007523,ST001_S05,6,23,AVAILABLE,0
SEAT007524,ST001_S05,6,24,AVAILABLE,0
SEAT007525,ST001_S05,6,25,AVAILABLE,0
SEAT007526,ST001_S05,6,26,AVAILABLE,0
SEAT007527,ST001_S05,6,27,AVAILABLE,0
SEAT007528,ST001_S05,6,28,AVAILABLE,0
SEAT007529,ST001_S05,6,29,AVAILABLE,0
SEAT007530,ST001_S05,6,30,AVAILABLE,0
SEAT007531,ST001_S05,6,31,AVAILABLE,0
SEAT007532,ST001_S05,6,32,AVAILABLE,0
SEAT007533,ST001_S05,6,33,AVAILABLE,0
SEAT007534,ST001_S05,6,34,AVAILABLE,0
SEAT007535,ST001_S05,6,35,AVAILABLE,0
SEAT007536,ST001_S05,6,36,AVAILABLE,0
SEAT007537,ST001_S05,6,37,AVAILABLE,0
SEAT007538,ST001_S05,6,38,AVAILABLE,0
SEAT007539,ST001_S05,6,39,AVAILABLE,0
SEAT007540,ST001_S05,6,40,AVAILABLE,0
SEAT007541,ST001_S05,6,41,AVAILABLE,0
SEAT007542,ST001_S05,6,42,AVAILABLE,0
SEAT007543,ST001_S05,6,43,AVAILABLE,0
SEAT007544,ST001_S05,6,44,AVAILABLE,0
SEAT007545,ST001_S05,6,45,AVAILABLE,0
SEAT007546,ST001_S05,6,46,AVAILABLE,0
SEAT007547,ST001_S05,6,47,AVAILABLE,0
SEAT007548,ST001_S05,6,48,AVAILABLE,0
SEAT007549,ST001_S05,6,49,AVAILABLE,0
SEAT007550,ST001_S05,6,50,AVAILABLE,0
SEAT007551,ST001_S05,6,51,AVAILABLE,0
SEAT007552,ST001_S05,6,52,AVAILABLE,0
SEAT007553,ST001_S05,6,53,AVAILABLE,0
SEAT007554,ST001_S05,6,54,AVAILABLE,0
SEAT007555,ST001_S05,6,55,AVAILABLE,0
SEAT007556,ST001_S05,6,56,AVAILABLE,0
SEAT007557,ST001_S05,6,57,AVAILABLE,0
SEAT007558,ST001_S05,6,58,AVAILABLE,0
SEAT007559,ST001_S05,6,59,AVAILABLE,0
SEAT007560,ST001_S05,6,60,AVAILABLE,0
SEAT007561,ST001_S05,6,61,AVAILABLE,0
SEAT007562,ST001_S05,6,62,AVAILABLE,0
SEAT007563,ST001_S05,6,63,AVAILABLE,0
SEAT007564,ST001_S05,6,64,AVAILABLE,0
SEAT007565,ST001_S05,6,65,AVAILABLE,0
SEAT007566,ST001_S05,6,66,AVAILABLE,0
SEAT007567,ST001_S05,6,67,AVAILABLE,0
SEAT007568,ST001_S05,6,68,AVAILABLE,0
SEAT007569,ST001_S05,6,69,AVAILABLE,0
SEAT007570,ST001_S05,6,70,AVAILABLE,0
SEAT007571,ST001_S05,6,71,AVAILABLE,0
SEAT007572,ST001_S05,6,72,AVAILABLE,0
SEAT007573,ST001_S05,6,73,AVAILABLE,0
SEAT007574,ST001_S05,6,74,AVAILABLE,0
SEAT007575,ST001_S05,6,75,AVAILABLE,0
SEAT007576,ST001_S05,6,76,AVAILABLE,0
SEAT007577,ST001_S05,6,77,AVAILABLE,0
SEAT007578,ST001_S05,6,78,AVAILABLE,0
SEAT007579,ST001_S05,6,79,AVAILABLE,0
SEAT007580,ST001_S05,6,80,AVAILABLE,0
SEAT007581,ST001_S05,6,81,AVAILABLE,0
SEAT007582,ST001_S05,6,82,AVAILABLE,0
SEAT007583,ST001_S05,6,83,AVAILABLE,0
SEAT007584,ST001_S05,6,84,AVAILABLE,0
SEAT007585,ST001_S05,6,85,AVAILABLE,0
SEAT007586,ST001_S05,6,86,AVAILABLE,0
SEAT007587,ST001_S05,6,87,AVAILABLE,0
SEAT007588,ST001_S05,6,88,AVAILABLE,0
SEAT007589,ST001_S05,6,89,AVAILABLE,0
SEAT007590,ST001_S05,6,90,AVAILABLE,0
SEAT007591,ST001_S05,6,91,AVAILABLE,0
SEAT007592,ST001_S05,6,92,AVAILABLE,0
SEAT007593,ST001_S05,6,93,AVAILABLE,0
SEAT007594,ST001_S05,6,94,AVAILABLE,0
SEAT007595,ST001_S05,6,95,AVAILABLE,0
SEAT007596,ST001_S05,6,96,AVAILABLE,0
SEAT007597,ST001_S05,6,97,AVAILABLE,0
SEAT007598,ST001_S05,6,98,AVAILABLE,0
SEAT007599,ST001_S05,6,99,AVAILABLE,0
SEAT007600,ST001_S05,6,100,AVAILABLE,0
SEAT007601,ST001_S05,7,1,AVAILABLE,0
SEAT007602,ST001_S05,7,2,AVAILABLE,0
SEAT007603,ST001_S05,7,3,AVAILABLE,0
SEAT007604,ST001_S05,7,4,AVAILABLE,0
SEAT007605,ST001_S05,7,5,AVAILABLE,0
SEAT007606,ST001_S05,7,6,AVAILABLE,0
SEAT007607,ST001_S05,7,7,AVAILABLE,0
SEAT007608,ST001_S05,7,8,AVAILABLE,0
SEAT007609,ST001_S05,7,9,AVAILABLE,0
SEAT007610,ST001_S05,7,10,AVAILABLE,0
SEAT007611,ST001_S05,7,11,AVAILABLE,0
SEAT007612,ST001_S05,7,12,AVAILABLE,0
SEAT007613,ST001_S05,7,13,AVAILABLE,0
SEAT007614,ST001_S05,7,14,AVAILABLE,0
SEAT007615,ST001_S05,7,15,AVAILABLE,0
SEAT007616,ST001_S05,7,16,AVAILABLE,0
SEAT007617,ST001_S05,7,17,AVAILABLE,0
SEAT007618,ST001_S05,7,18,AVAILABLE,0
SEAT007619,ST001_S05,7,19,AVAILABLE,0
SEAT007620,ST001_S05,7,20,AVAILABLE,0
SEAT007621,ST001_S05,7,21,AVAILABLE,0
SEAT007622,ST001_S05,7,22,AVAILABLE,0
SEAT007623,ST001_S05,7,23,AVAILABLE,0
SEAT007624,ST001_S05,7,24,AVAILABLE,0
SEAT007625,ST001_S05,7,25,AVAILABLE,0
SEAT007626,ST001_S05,7,26,AVAILABLE,0
SEAT007627,ST001_S05,7,27,AVAILABLE,0
SEAT007628,ST001_S05,7,28,AVAILABLE,0
SEAT007629,ST001_S05,7,29,AVAILABLE,0
SEAT007630,ST001_S05,7,30,AVAILABLE,0
SEAT007631,ST001_S05,7,31,AVAILABLE,0
SEAT007632,ST001_S05,7,32,AVAILABLE,0
SEAT007633,ST001_S05,7,33,AVAILABLE,0
SEAT007634,ST001_S05,7,34,AVAILABLE,0
SEAT007635,ST001_S05,7,35,AVAILABLE,0
SEAT007636,ST001_S05,7,36,AVAILABLE,0
SEAT007637,ST001_S05,7,37,AVAILABLE,0
SEAT007638,ST001_S05,7,38,AVAILABLE,0
SEAT007639,ST001_S05,7,39,AVAILABLE,0
SEAT007640,ST001_S05,7,40,AVAILABLE,0
SEAT007641,ST001_S05,7,41,AVAILABLE,0
SEAT007642,ST001_S05,7,42,AVAILABLE,0
SEAT007643,ST001_S05,7,43,AVAILABLE,0
SEAT007644,ST001_S05,7,44,AVAILABLE,0
SEAT007645,ST001_S05,7,45,AVAILABLE,0
SEAT007646,ST001_S05,7,46,AVAILABLE,0
SEAT007647,ST001_S05,7,47,AVAILABLE,0
SEAT007648,ST001_S05,7,48,AVAILABLE,0
SEAT007649,ST001_S05,7,49,AVAILABLE,0
SEAT007650,ST001_S05,7,50,AVAILABLE,0
SEAT007651,ST001_S05,7,51,AVAILABLE,0
SEAT007652,ST001_S05,7,52,AVAILABLE,0
SEAT007653,ST001_S05,7,53,AVAILABLE,0
SEAT007654,ST001_S05,7,54,AVAILABLE,0
SEAT007655,ST001_S05,7,55,AVAILABLE,0
SEAT007656,ST001_S05,7,56,AVAILABLE,0
SEAT007657,ST001_S05,7,57,AVAILABLE,0
SEAT007658,ST001_S05,7,58,AVAILABLE,0
SEAT007659,ST001_S05,7,59,AVAILABLE,0
SEAT007660,ST001_S05,7,60,AVAILABLE,0
SEAT007661,ST001_S05,7,61,AVAILABLE,0
SEAT007662,ST001_S05,7,62,AVAILABLE,0
SEAT007663,ST001_S05,7,63,AVAILABLE,0
SEAT007664,ST001_S05,7,64,AVAILABLE,0
SEAT007665,ST001_S05,7,65,AVAILABLE,0
SEAT007666,ST001_S05,7,66,AVAILABLE,0
SEAT007667,ST001_S05,7,67,AVAILABLE,0
SEAT007668,ST001_S05,7,68,AVAILABLE,0
SEAT007669,ST001_S05,7,69,AVAILABLE,0
SEAT007670,ST001_S05,7,70,AVAILABLE,0
SEAT007671,ST001_S05,7,71,AVAILABLE,0
SEAT007672,ST001_S05,7,72,AVAILABLE,0
SEAT007673,ST001_S05,7,73,AVAILABLE,0
SEAT007674,ST001_S05,7,74,AVAILABLE,0
SEAT007675,ST001_S05,7,75,AVAILABLE,0
SEAT007676,ST001_S05,7,76,AVAILABLE,0
SEAT007677,ST001_S05,7,77,AVAILABLE,0
SEAT007678,ST001_S05,7,78,AVAILABLE,0
SEAT007679,ST001_S05,7,79,AVAILABLE,0
SEAT007680,ST001_S05,7,80,AVAILABLE,0
SEAT007681,ST001_S05,7,81,AVAILABLE,0
SEAT007682,ST001_S05,7,82,AVAILABLE,0
SEAT007683,ST001_S05,7,83,AVAILABLE,0
SEAT007684,ST001_S05,7,84,AVAILABLE,0
SEAT007685,ST001_S05,7,85,AVAILABLE,0
SEAT007686,ST001_S05,7,86,AVAILABLE,0
SEAT007687,ST001_S05,7,87,AVAILABLE,0
SEAT007688,ST001_S05,7,88,AVAILABLE,0
SEAT007689,ST001_S05,7,89,AVAILABLE,0
SEAT007690,ST001_S05,7,90,AVAILABLE,0
SEAT007691,ST001_S05,7,91,AVAILABLE,0
SEAT007692,ST001_S05,7,92,AVAILABLE,0
SEAT007693,ST001_S05,7,93,AVAILABLE,0
SEAT007694,ST001_S05,7,94,AVAILABLE,0
SEAT007695,ST001_S05,7,95,AVAILABLE,0
SEAT007696,ST001_S05,7,96,AVAILABLE,0
SEAT007697,ST001_S05,7,97,AVAILABLE,0
SEAT007698,ST001_S05,7,98,AVAILABLE,0
SEAT007699,ST001_S05,7,99,AVAILABLE,0
SEAT007700,ST001_S05,7,100,AVAILABLE,0
SEAT007701,ST001_S05,8,1,AVAILABLE,0
SEAT007702,ST001_S05,8,2,AVAILABLE,0
SEAT007703,ST001_S05,8,3,AVAILABLE,0
SEAT007704,ST001_S05,8,4,AVAILABLE,0
SEAT007705,ST001_S05,8,5,AVAILABLE,0
SEAT007706,ST001_S05,8,6,AVAILABLE,0
SEAT007707,ST001_S05,8,7,AVAILABLE,0
SEAT007708,ST001_S05,8,8,AVAILABLE,0
SEAT007709,ST001_S05,8,9,AVAILABLE,0
SEAT007710,ST001_S05,8,10,AVAILABLE,0
SEAT007711,ST001_S05,8,11,AVAILABLE,0
SEAT007712,ST001_S05,8,12,AVAILABLE,0
SEAT007713,ST001_S05,8,13,AVAILABLE,0
SEAT007714,ST001_S05,8,14,AVAILABLE,0
SEAT007715,ST001_S05,8,15,AVAILABLE,0
SEAT007716,ST001_S05,8,16,AVAILABLE,0
SEAT007717,ST001_S05,8,17,AVAILABLE,0
SEAT007718,ST001_S05,8,18,AVAILABLE,0
SEAT007719,ST001_S05,8,19,AVAILABLE,0
SEAT007720,ST001_S05,8,20,AVAILABLE,0
SEAT007721,ST001_S05,8,21,AVAILABLE,0
SEAT007722,ST001_S05,8,22,AVAILABLE,0
SEAT007723,ST001_S05,8,23,AVAILABLE,0
SEAT007724,ST001_S05,8,24,AVAILABLE,0
SEAT007725,ST001_S05,8,25,AVAILABLE,0
SEAT007726,ST001_S05,8,26,AVAILABLE,0
SEAT007727,ST001_S05,8,27,AVAILABLE,0
SEAT007728,ST001_S05,8,28,AVAILABLE,0
SEAT007729,ST001_S05,8,29,AVAILABLE,0
SEAT007730,ST001_S05,8,30,AVAILABLE,0
SEAT007731,ST001_S05,8,31,AVAILABLE,0
SEAT007732,ST001_S05,8,32,AVAILABLE,0
SEAT007733,ST001_S05,8,33,AVAILABLE,0
SEAT007734,ST001_S05,8,34,AVAILABLE,0
SEAT007735,ST001_S05,8,35,AVAILABLE,0
SEAT007736,ST001_S05,8,36,AVAILABLE,0
SEAT007737,ST001_S05,8,37,AVAILABLE,0
SEAT007738,ST001_S05,8,38,AVAILABLE,0
SEAT007739,ST001_S05,8,39,AVAILABLE,0
SEAT007740,ST001_S05,8,40,AVAILABLE,0
SEAT007741,ST001_S05,8,41,AVAILABLE,0
SEAT007742,ST001_S05,8,42,AVAILABLE,0
SEAT007743,ST001_S05,8,43,AVAILABLE,0
SEAT007744,ST001_S05,8,44,AVAILABLE,0
SEAT007745,ST001_S05,8,45,AVAILABLE,0
SEAT007746,ST001_S05,8,46,AVAILABLE,0
SEAT007747,ST001_S05,8,47,AVAILABLE,0
SEAT007748,ST001_S05,8,48,AVAILABLE,0
SEAT007749,ST001_S05,8,49,AVAILABLE,0
SEAT007750,ST001_S05,8,50,AVAILABLE,0
SEAT007751,ST001_S05,8,51,AVAILABLE,0
SEAT007752,ST001_S05,8,52,AVAILABLE,0
SEAT007753,ST001_S05,8,53,AVAILABLE,0
SEAT007754,ST001_S05,8,54,AVAILABLE,0
SEAT007755,ST001_S05,8,55,AVAILABLE,0
SEAT007756,ST001_S05,8,56,AVAILABLE,0
SEAT007757,ST001_S05,8,57,AVAILABLE,0
SEAT007758,ST001_S05,8,58,AVAILABLE,0
SEAT007759,ST001_S05,8,59,AVAILABLE,0
SEAT007760,ST001_S05,8,60,AVAILABLE,0
SEAT007761,ST001_S05,8,61,AVAILABLE,0
SEAT007762,ST001_S05,8,62,AVAILABLE,0
SEAT007763,ST001_S05,8,63,AVAILABLE,0
SEAT007764,ST001_S05,8,64,AVAILABLE,0
SEAT007765,ST001_S05,8,65,AVAILABLE,0
SEAT007766,ST001_S05,8,66,AVAILABLE,0
SEAT007767,ST001_S05,8,67,AVAILABLE,0
SEAT007768,ST001_S05,8,68,AVAILABLE,0
SEAT007769,ST001_S05,8,69,AVAILABLE,0
SEAT007770,ST001_S05,8,70,AVAILABLE,0
SEAT007771,ST001_S05,8,71,AVAILABLE,0
SEAT007772,ST001_S05,8,72,AVAILABLE,0
SEAT007773,ST001_S05,8,73,AVAILABLE,0
SEAT007774,ST001_S05,8,74,AVAILABLE,0
SEAT007775,ST001_S05,8,75,AVAILABLE,0
SEAT007776,ST001_S05,8,76,AVAILABLE,0
SEAT007777,ST001_S05,8,77,AVAILABLE,0
SEAT007778,ST001_S05,8,78,AVAILABLE,0
SEAT007779,ST001_S05,8,79,AVAILABLE,0
SEAT007780,ST001_S05,8,80,AVAILABLE,0
SEAT007781,ST001_S05,8,81,AVAILABLE,0
SEAT007782,ST001_S05,8,82,AVAILABLE,0
SEAT007783,ST001_S05,8,83,AVAILABLE,0
SEAT007784,ST001_S05,8,84,AVAILABLE,0
SEAT007785,ST001_S05,8,85,AVAILABLE,0
SEAT007786,ST001_S05,8,86,AVAILABLE,0
SEAT007787,ST001_S05,8,87,AVAILABLE,0
SEAT007788,ST001_S05,8,88,AVAILABLE,0
SEAT007789,ST001_S05,8,89,AVAILABLE,0
SEAT007790,ST001_S05,8,90,AVAILABLE,0
SEAT007791,ST001_S05,8,91,AVAILABLE,0
SEAT007792,ST001_S05,8,92,AVAILABLE,0
SEAT007793,ST001_S05,8,93,AVAILABLE,0
SEAT007794,ST001_S05,8,94,AVAILABLE,0
SEAT007795,ST001_S05,8,95,AVAILABLE,0
SEAT007796,ST001_S05,8,96,AVAILABLE,0
SEAT007797,ST001_S05,8,97,AVAILABLE,0
SEAT007798,ST001_S05,8,98,AVAILABLE,0
SEAT007799,ST001_S05,8,99,AVAILABLE,0
SEAT007800,ST001_S05,8,100,AVAILABLE,0
SEAT007801,ST001_S05,9,1,AVAILABLE,0
SEAT007802,ST001_S05,9,2,AVAILABLE,0
SEAT007803,ST001_S05,9,3,AVAILABLE,0
SEAT007804,ST001_S05,9,4,AVAILABLE,0
SEAT007805,ST001_S05,9,5,AVAILABLE,0
SEAT007806,ST001_S05,9,6,AVAILABLE,0
SEAT007807,ST001_S05,9,7,AVAILABLE,0
SEAT007808,ST001_S05,9,8,AVAILABLE,0
SEAT007809,ST001_S05,9,9,AVAILABLE,0
SEAT007810,ST001_S05,9,10,AVAILABLE,0
SEAT007811,ST001_S05,9,11,AVAILABLE,0
SEAT007812,ST001_S05,9,12,AVAILABLE,0
SEAT007813,ST001_S05,9,13,AVAILABLE,0
SEAT007814,ST001_S05,9,14,AVAILABLE,0
SEAT007815,ST001_S05,9,15,AVAILABLE,0
SEAT007816,ST001_S05,9,16,AVAILABLE,0
SEAT007817,ST001_S05,9,17,AVAILABLE,0
SEAT007818,ST001_S05,9,18,AVAILABLE,0
SEAT007819,ST001_S05,9,19,AVAILABLE,0
SEAT007820,ST001_S05,9,20,AVAILABLE,0
SEAT007821,ST001_S05,9,21,AVAILABLE,0
SEAT007822,ST001_S05,9,22,AVAILABLE,0
SEAT007823,ST001_S05,9,23,AVAILABLE,0
SEAT007824,ST001_S05,9,24,AVAILABLE,0
SEAT007825,ST001_S05,9,25,AVAILABLE,0
SEAT007826,ST001_S05,9,26,AVAILABLE,0
SEAT007827,ST001_S05,9,27,AVAILABLE,0
SEAT007828,ST001_S05,9,28,AVAILABLE,0
SEAT007829,ST001_S05,9,29,AVAILABLE,0
SEAT007830,ST001_S05,9,30,AVAILABLE,0
SEAT007831,ST001_S05,9,31,AVAILABLE,0
SEAT007832,ST001_S05,9,32,AVAILABLE,0
SEAT007833,ST001_S05,9,33,AVAILABLE,0
SEAT007834,ST001_S05,9,34,AVAILABLE,0
SEAT007835,ST001_S05,9,35,AVAILABLE,0
SEAT007836,ST001_S05,9,36,AVAILABLE,0
SEAT007837,ST001_S05,9,37,AVAILABLE,0
SEAT007838,ST001_S05,9,38,AVAILABLE,0
SEAT007839,ST001_S05,9,39,AVAILABLE,0
SEAT007840,ST001_S05,9,40,AVAILABLE,0
SEAT007841,ST001_S05,9,41,AVAILABLE,0
SEAT007842,ST001_S05,9,42,AVAILABLE,0
SEAT007843,ST001_S05,9,43,AVAILABLE,0
SEAT007844,ST001_S05,9,44,AVAILABLE,0
SEAT007845,ST001_S05,9,45,AVAILABLE,0
SEAT007846,ST001_S05,9,46,AVAILABLE,0
SEAT007847,ST001_S05,9,47,AVAILABLE,0
SEAT007848,ST001_S05,9,48,AVAILABLE,0
SEAT007849,ST001_S05,9,49,AVAILABLE,0
SEAT007850,ST001_S05,9,50,AVAILABLE,0
SEAT007851,ST001_S05,9,51,AVAILABLE,0
SEAT007852,ST001_S05,9,52,AVAILABLE,0
SEAT007853,ST001_S05,9,53,AVAILABLE,0
SEAT007854,ST001_S05,9,54,AVAILABLE,0
SEAT007855,ST001_S05,9,55,AVAILABLE,0
SEAT007856,ST001_S05,9,56,AVAILABLE,0
SEAT007857,ST001_S05,9,57,AVAILABLE,0
SEAT007858,ST001_S05,9,58,AVAILABLE,0
SEAT007859,ST001_S05,9,59,AVAILABLE,0
SEAT007860,ST001_S05,9,60,AVAILABLE,0
SEAT007861,ST001_S05,9,61,AVAILABLE,0
SEAT007862,ST001_S05,9,62,AVAILABLE,0
SEAT007863,ST001_S05,9,63,AVAILABLE,0
SEAT007864,ST001_S05,9,64,AVAILABLE,0
SEAT007865,ST001_S05,9,65,AVAILABLE,0
SEAT007866,ST001_S05,9,66,AVAILABLE,0
SEAT007867,ST001_S05,9,67,AVAILABLE,0
SEAT007868,ST001_S05,9,68,AVAILABLE,0
SEAT007869,ST001_S05,9,69,AVAILABLE,0
SEAT007870,ST001_S05,9,70,AVAILABLE,0
SEAT007871,ST001_S05,9,71,AVAILABLE,0
SEAT007872,ST001_S05,9,72,AVAILABLE,0
SEAT007873,ST001_S05,9,73,AVAILABLE,0
SEAT007874,ST001_S05,9,74,AVAILABLE,0
SEAT007875,ST001_S05,9,75,AVAILABLE,0
SEAT007876,ST001_S05,9,76,AVAILABLE,0
SEAT007877,ST001_S05,9,77,AVAILABLE,0
SEAT007878,ST001_S05,9,78,AVAILABLE,0
SEAT007879,ST001_S05,9,79,AVAILABLE,0
SEAT007880,ST001_S05,9,80,AVAILABLE,0
SEAT007881,ST001_S05,9,81,AVAILABLE,0
SEAT007882,ST001_S05,9,82,AVAILABLE,0
SEAT007883,ST001_S05,9,83,AVAILABLE,0
SEAT007884,ST001_S05,9,84,AVAILABLE,0
SEAT007885,ST001_S05,9,85,AVAILABLE,0
SEAT007886,ST001_S05,9,86,AVAILABLE,0
SEAT007887,ST001_S05,9,87,AVAILABLE,0
SEAT007888,ST001_S05,9,88,AVAILABLE,0
SEAT007889,ST001_S05,9,89,AVAILABLE,0
SEAT007890,ST001_S05,9,90,AVAILABLE,0
SEAT007891,ST001_S05,9,91,AVAILABLE,0
SEAT007892,ST001_S05,9,92,AVAILABLE,0
SEAT007893,ST001_S05,9,93,AVAILABLE,0
SEAT007894,ST001_S05,9,94,AVAILABLE,0
SEAT007895,ST001_S05,9,95,AVAILABLE,0
SEAT007896,ST001_S05,9,96,AVAILABLE,0
SEAT007897,ST001_S05,9,97,AVAILABLE,0
SEAT007898,ST001_S05,9,98,AVAILABLE,0
SEAT007899,ST001_S05,9,99,AVAILABLE,0
SEAT007900,ST001_S05,9,100,AVAILABLE,0
SEAT007901,ST001_S05,10,1,AVAILABLE,0
SEAT007902,ST001_S05,10,2,AVAILABLE,0
SEAT007903,ST001_S05,10,3,AVAILABLE,0
SEAT007904,ST001_S05,10,4,AVAILABLE,0
SEAT007905,ST001_S05,10,5,AVAILABLE,0
SEAT007906,ST001_S05,10,6,AVAILABLE,0
SEAT007907,ST001_S05,10,7,AVAILABLE,0
SEAT007908,ST001_S05,10,8,AVAILABLE,0
SEAT007909,ST001_S05,10,9,AVAILABLE,0
SEAT007910,ST001_S05,10,10,AVAILABLE,0
SEAT007911,ST001_S05,10,11,AVAILABLE,0
SEAT007912,ST001_S05,10,12,AVAILABLE,0
SEAT007913,ST001_S05,10,13,AVAILABLE,0
SEAT007914,ST001_S05,10,14,AVAILABLE,0
SEAT007915,ST001_S05,10,15,AVAILABLE,0
SEAT007916,ST001_S05,10,16,AVAILABLE,0
SEAT007917,ST001_S05,10,17,AVAILABLE,0
SEAT007918,ST001_S05,10,18,AVAILABLE,0
SEAT007919,ST001_S05,10,19,AVAILABLE,0
SEAT007920,ST001_S05,10,20,AVAILABLE,0
SEAT007921,ST001_S05,10,21,AVAILABLE,0
SEAT007922,ST001_S05,10,22,AVAILABLE,0
SEAT007923,ST001_S05,10,23,AVAILABLE,0
SEAT007924,ST001_S05,10,24,AVAILABLE,0
SEAT007925,ST001_S05,10,25,AVAILABLE,0
SEAT007926,ST001_S05,10,26,AVAILABLE,0
SEAT007927,ST001_S05,10,27,AVAILABLE,0
SEAT007928,ST001_S05,10,28,AVAILABLE,0
SEAT007929,ST001_S05,10,29,AVAILABLE,0
SEAT007930,ST001_S05,10,30,AVAILABLE,0
SEAT007931,ST001_S05,10,31,AVAILABLE,0
SEAT007932,ST001_S05,10,32,AVAILABLE,0
SEAT007933,ST001_S05,10,33,AVAILABLE,0
SEAT007934,ST001_S05,10,34,AVAILABLE,0
SEAT007935,ST001_S05,10,35,AVAILABLE,0
SEAT007936,ST001_S05,10,36,AVAILABLE,0
SEAT007937,ST001_S05,10,37,AVAILABLE,0
SEAT007938,ST001_S05,10,38,AVAILABLE,0
SEAT007939,ST001_S05,10,39,AVAILABLE,0
SEAT007940,ST001_S05,10,40,AVAILABLE,0
SEAT007941,ST001_S05,10,41,AVAILABLE,0
SEAT007942,ST001_S05,10,42,AVAILABLE,0
SEAT007943,ST001_S05,10,43,AVAILABLE,0
SEAT007944,ST001_S05,10,44,AVAILABLE,0
SEAT007945,ST001_S05,10,45,AVAILABLE,0
SEAT007946,ST001_S05,10,46,AVAILABLE,0
SEAT007947,ST001_S05,10,47,AVAILABLE,0
SEAT007948,ST001_S05,10,48,AVAILABLE,0
SEAT007949,ST001_S05,10,49,AVAILABLE,0
SEAT007950,ST001_S05,10,50,AVAILABLE,0
SEAT007951,ST001_S05,10,51,AVAILABLE,0
SEAT007952,ST001_S05,10,52,AVAILABLE,0
SEAT007953,ST001_S05,10,53,AVAILABLE,0
SEAT007954,ST001_S05,10,54,AVAILABLE,0
SEAT007955,ST001_S05,10,55,AVAILABLE,0
SEAT007956,ST001_S05,10,56,AVAILABLE,0
SEAT007957,ST001_S05,10,57,AVAILABLE,0
SEAT007958,ST001_S05,10,58,AVAILABLE,0
SEAT007959,ST001_S05,10,59,AVAILABLE,0
SEAT007960,ST001_S05,10,60,AVAILABLE,0
SEAT007961,ST001_S05,10,61,AVAILABLE,0
SEAT007962,ST001_S05,10,62,AVAILABLE,0
SEAT007963,ST001_S05,10,63,AVAILABLE,0
SEAT007964,ST001_S05,10,64,AVAILABLE,0
SEAT007965,ST001_S05,10,65,AVAILABLE,0
SEAT007966,ST001_S05,10,66,AVAILABLE,0
SEAT007967,ST001_S05,10,67,AVAILABLE,0
SEAT007968,ST001_S05,10,68,AVAILABLE,0
SEAT007969,ST001_S05,10,69,AVAILABLE,0
SEAT007970,ST001_S05,10,70,AVAILABLE,0
SEAT007971,ST001_S05,10,71,AVAILABLE,0
SEAT007972,ST001_S05,10,72,AVAILABLE,0
SEAT007973,ST001_S05,10,73,AVAILABLE,0
SEAT007974,ST001_S05,10,74,AVAILABLE,0
SEAT007975,ST001_S05,10,75,AVAILABLE,0
SEAT007976,ST001_S05,10,76,AVAILABLE,0
SEAT007977,ST001_S05,10,77,AVAILABLE,0
SEAT007978,ST001_S05,10,78,AVAILABLE,0
SEAT007979,ST001_S05,10,79,AVAILABLE,0
SEAT007980,ST001_S05,10,80,AVAILABLE,0
SEAT007981,ST001_S05,10,81,AVAILABLE,0
SEAT007982,ST001_S05,10,82,AVAILABLE,0
SEAT007983,ST001_S05,10,83,AVAILABLE,0
SEAT007984,ST001_S05,10,84,AVAILABLE,0
SEAT007985,ST001_S05,10,85,AVAILABLE,0
SEAT007986,ST001_S05,10,86,AVAILABLE,0
SEAT007987,ST001_S05,10,87,AVAILABLE,0
SEAT007988,ST001_S05,10,88,AVAILABLE,0
SEAT007989,ST001_S05,10,89,AVAILABLE,0
SEAT007990,ST001_S05,10,90,AVAILABLE,0
SEAT007991,ST001_S05,10,91,AVAILABLE,0
SEAT007992,ST001_S05,10,92,AVAILABLE,0
SEAT007993,ST001_S05,10,93,AVAILABLE,0
SEAT007994,ST001_S05,10,94,AVAILABLE,0
SEAT007995,ST001_S05,10,95,AVAILABLE,0
SEAT007996,ST001_S05,10,96,AVAILABLE,0
SEAT007997,ST001_S05,10,97,AVAILABLE,0
SEAT007998,ST001_S05,10,98,AVAILABLE,0
SEAT007999,ST001_S05,10,99,AVAILABLE,0
SEAT008000,ST001_S05,10,100,AVAILABLE,0
SEAT008001,ST001_S05,11,1,AVAILABLE,0
SEAT008002,ST001_S05,11,2,AVAILABLE,0
SEAT008003,ST001_S05,11,3,AVAILABLE,0
SEAT008004,ST001_S05,11,4,AVAILABLE,0
SEAT008005,ST001_S05,11,5,AVAILABLE,0
SEAT008006,ST001_S05,11,6,AVAILABLE,0
SEAT008007,ST001_S05,11,7,AVAILABLE,0
SEAT008008,ST001_S05,11,8,AVAILABLE,0
SEAT008009,ST001_S05,11,9,AVAILABLE,0
SEAT008010,ST001_S05,11,10,AVAILABLE,0
SEAT008011,ST001_S05,11,11,AVAILABLE,0
SEAT008012,ST001_S05,11,12,AVAILABLE,0
SEAT008013,ST001_S05,11,13,AVAILABLE,0
SEAT008014,ST001_S05,11,14,AVAILABLE,0
SEAT008015,ST001_S05,11,15,AVAILABLE,0
SEAT008016,ST001_S05,11,16,AVAILABLE,0
SEAT008017,ST001_S05,11,17,AVAILABLE,0
SEAT008018,ST001_S05,11,18,AVAILABLE,0
SEAT008019,ST001_S05,11,19,AVAILABLE,0
SEAT008020,ST001_S05,11,20,AVAILABLE,0
SEAT008021,ST001_S05,11,21,AVAILABLE,0
SEAT008022,ST001_S05,11,22,AVAILABLE,0
SEAT008023,ST001_S05,11,23,AVAILABLE,0
SEAT008024,ST001_S05,11,24,AVAILABLE,0
SEAT008025,ST001_S05,11,25,AVAILABLE,0
SEAT008026,ST001_S05,11,26,AVAILABLE,0
SEAT008027,ST001_S05,11,27,AVAILABLE,0
SEAT008028,ST001_S05,11,28,AVAILABLE,0
SEAT008029,ST001_S05,11,29,AVAILABLE,0
SEAT008030,ST001_S05,11,30,AVAILABLE,0
SEAT008031,ST001_S05,11,31,AVAILABLE,0
SEAT008032,ST001_S05,11,32,AVAILABLE,0
SEAT008033,ST001_S05,11,33,AVAILABLE,0
SEAT008034,ST001_S05,11,34,AVAILABLE,0
SEAT008035,ST001_S05,11,35,AVAILABLE,0
SEAT008036,ST001_S05,11,36,AVAILABLE,0
SEAT008037,ST001_S05,11,37,AVAILABLE,0
SEAT008038,ST001_S05,11,38,AVAILABLE,0
SEAT008039,ST001_S05,11,39,AVAILABLE,0
SEAT008040,ST001_S05,11,40,AVAILABLE,0
SEAT008041,ST001_S05,11,41,AVAILABLE,0
SEAT008042,ST001_S05,11,42,AVAILABLE,0
SEAT008043,ST001_S05,11,43,AVAILABLE,0
SEAT008044,ST001_S05,11,44,AVAILABLE,0
SEAT008045,ST001_S05,11,45,AVAILABLE,0
SEAT008046,ST001_S05,11,46,AVAILABLE,0
SEAT008047,ST001_S05,11,47,AVAILABLE,0
SEAT008048,ST001_S05,11,48,AVAILABLE,0
SEAT008049,ST001_S05,11,49,AVAILABLE,0
SEAT008050,ST001_S05,11,50,AVAILABLE,0
SEAT008051,ST001_S05,11,51,AVAILABLE,0
SEAT008052,ST001_S05,11,52,AVAILABLE,0
SEAT008053,ST001_S05,11,53,AVAILABLE,0
SEAT008054,ST001_S05,11,54,AVAILABLE,0
SEAT008055,ST001_S05,11,55,AVAILABLE,0
SEAT008056,ST001_S05,11,56,AVAILABLE,0
SEAT008057,ST001_S05,11,57,AVAILABLE,0
SEAT008058,ST001_S05,11,58,AVAILABLE,0
SEAT008059,ST001_S05,11,59,AVAILABLE,0
SEAT008060,ST001_S05,11,60,AVAILABLE,0
SEAT008061,ST001_S05,11,61,AVAILABLE,0
SEAT008062,ST001_S05,11,62,AVAILABLE,0
SEAT008063,ST001_S05,11,63,AVAILABLE,0
SEAT008064,ST001_S05,11,64,AVAILABLE,0
SEAT008065,ST001_S05,11,65,AVAILABLE,0
SEAT008066,ST001_S05,11,66,AVAILABLE,0
SEAT008067,ST001_S05,11,67,AVAILABLE,0
SEAT008068,ST001_S05,11,68,AVAILABLE,0
SEAT008069,ST001_S05,11,69,AVAILABLE,0
SEAT008070,ST001_S05,11,70,AVAILABLE,0
SEAT008071,ST001_S05,11,71,AVAILABLE,0
SEAT008072,ST001_S05,11,72,AVAILABLE,0
SEAT008073,ST001_S05,11,73,AVAILABLE,0
SEAT008074,ST001_S05,11,74,AVAILABLE,0
SEAT008075,ST001_S05,11,75,AVAILABLE,0
SEAT008076,ST001_S05,11,76,AVAILABLE,0
SEAT008077,ST001_S05,11,77,AVAILABLE,0
SEAT008078,ST001_S05,11,78,AVAILABLE,0
SEAT008079,ST001_S05,11,79,AVAILABLE,0
SEAT008080,ST001_S05,11,80,AVAILABLE,0
SEAT008081,ST001_S05,11,81,AVAILABLE,0
SEAT008082,ST001_S05,11,82,AVAILABLE,0
SEAT008083,ST001_S05,11,83,AVAILABLE,0
SEAT008084,ST001_S05,11,84,AVAILABLE,0
SEAT008085,ST001_S05,11,85,AVAILABLE,0
SEAT008086,ST001_S05,11,86,AVAILABLE,0
SEAT008087,ST001_S05,11,87,AVAILABLE,0
SEAT008088,ST001_S05,11,88,AVAILABLE,0
SEAT008089,ST001_S05,11,89,AVAILABLE,0
SEAT008090,ST001_S05,11,90,AVAILABLE,0
SEAT008091,ST001_S05,11,91,AVAILABLE,0
SEAT008092,ST001_S05,11,92,AVAILABLE,0
SEAT008093,ST001_S05,11,93,AVAILABLE,0
SEAT008094,ST001_S05,11,94,AVAILABLE,0
SEAT008095,ST001_S05,11,95,AVAILABLE,0
SEAT008096,ST001_S05,11,96,AVAILABLE,0
SEAT008097,ST001_S05,11,97,AVAILABLE,0
SEAT008098,ST001_S05,11,98,AVAILABLE,0
SEAT008099,ST001_S05,11,99,AVAILABLE,0
SEAT008100,ST001_S05,11,100,AVAILABLE,0
SEAT008101,ST001_S05,12,1,AVAILABLE,0
SEAT008102,ST001_S05,12,2,AVAILABLE,0
SEAT008103,ST001_S05,12,3,AVAILABLE,0
SEAT008104,ST001_S05,12,4,AVAILABLE,0
SEAT008105,ST001_S05,12,5,AVAILABLE,0
SEAT008106,ST001_S05,12,6,AVAILABLE,0
SEAT008107,ST001_S05,12,7,AVAILABLE,0
SEAT008108,ST001_S05,12,8,AVAILABLE,0
SEAT008109,ST001_S05,12,9,AVAILABLE,0
SEAT008110,ST001_S05,12,10,AVAILABLE,0
SEAT008111,ST001_S05,12,11,AVAILABLE,0
SEAT008112,ST001_S05,12,12,AVAILABLE,0
SEAT008113,ST001_S05,12,13,AVAILABLE,0
SEAT008114,ST001_S05,12,14,AVAILABLE,0
SEAT008115,ST001_S05,12,15,AVAILABLE,0
SEAT008116,ST001_S05,12,16,AVAILABLE,0
SEAT008117,ST001_S05,12,17,AVAILABLE,0
SEAT008118,ST001_S05,12,18,AVAILABLE,0
SEAT008119,ST001_S05,12,19,AVAILABLE,0
SEAT008120,ST001_S05,12,20,AVAILABLE,0
SEAT008121,ST001_S05,12,21,AVAILABLE,0
SEAT008122,ST001_S05,12,22,AVAILABLE,0
SEAT008123,ST001_S05,12,23,AVAILABLE,0
SEAT008124,ST001_S05,12,24,AVAILABLE,0
SEAT008125,ST001_S05,12,25,AVAILABLE,0
SEAT008126,ST001_S05,12,26,AVAILABLE,0
SEAT008127,ST001_S05,12,27,AVAILABLE,0
SEAT008128,ST001_S05,12,28,AVAILABLE,0
SEAT008129,ST001_S05,12,29,AVAILABLE,0
SEAT008130,ST001_S05,12,30,AVAILABLE,0
SEAT008131,ST001_S05,12,31,AVAILABLE,0
SEAT008132,ST001_S05,12,32,AVAILABLE,0
SEAT008133,ST001_S05,12,33,AVAILABLE,0
SEAT008134,ST001_S05,12,34,AVAILABLE,0
SEAT008135,ST001_S05,12,35,AVAILABLE,0
SEAT008136,ST001_S05,12,36,AVAILABLE,0
SEAT008137,ST001_S05,12,37,AVAILABLE,0
SEAT008138,ST001_S05,12,38,AVAILABLE,0
SEAT008139,ST001_S05,12,39,AVAILABLE,0
SEAT008140,ST001_S05,12,40,AVAILABLE,0
SEAT008141,ST001_S05,12,41,AVAILABLE,0
SEAT008142,ST001_S05,12,42,AVAILABLE,0
SEAT008143,ST001_S05,12,43,AVAILABLE,0
SEAT008144,ST001_S05,12,44,AVAILABLE,0
SEAT008145,ST001_S05,12,45,AVAILABLE,0
SEAT008146,ST001_S05,12,46,AVAILABLE,0
SEAT008147,ST001_S05,12,47,AVAILABLE,0
SEAT008148,ST001_S05,12,48,AVAILABLE,0
SEAT008149,ST001_S05,12,49,AVAILABLE,0
SEAT008150,ST001_S05,12,50,AVAILABLE,0
SEAT008151,ST001_S05,12,51,AVAILABLE,0
SEAT008152,ST001_S05,12,52,AVAILABLE,0
SEAT008153,ST001_S05,12,53,AVAILABLE,0
SEAT008154,ST001_S05,12,54,AVAILABLE,0
SEAT008155,ST001_S05,12,55,AVAILABLE,0
SEAT008156,ST001_S05,12,56,AVAILABLE,0
SEAT008157,ST001_S05,12,57,AVAILABLE,0
SEAT008158,ST001_S05,12,58,AVAILABLE,0
SEAT008159,ST001_S05,12,59,AVAILABLE,0
SEAT008160,ST001_S05,12,60,AVAILABLE,0
SEAT008161,ST001_S05,12,61,AVAILABLE,0
SEAT008162,ST001_S05,12,62,AVAILABLE,0
SEAT008163,ST001_S05,12,63,AVAILABLE,0
SEAT008164,ST001_S05,12,64,AVAILABLE,0
SEAT008165,ST001_S05,12,65,AVAILABLE,0
SEAT008166,ST001_S05,12,66,AVAILABLE,0
SEAT008167,ST001_S05,12,67,AVAILABLE,0
SEAT008168,ST001_S05,12,68,AVAILABLE,0
SEAT008169,ST001_S05,12,69,AVAILABLE,0
SEAT008170,ST001_S05,12,70,AVAILABLE,0
SEAT008171,ST001_S05,12,71,AVAILABLE,0
SEAT008172,ST001_S05,12,72,AVAILABLE,0
SEAT008173,ST001_S05,12,73,AVAILABLE,0
SEAT008174,ST001_S05,12,74,AVAILABLE,0
SEAT008175,ST001_S05,12,75,AVAILABLE,0
SEAT008176,ST001_S05,12,76,AVAILABLE,0
SEAT008177,ST001_S05,12,77,AVAILABLE,0
SEAT008178,ST001_S05,12,78,AVAILABLE,0
SEAT008179,ST001_S05,12,79,AVAILABLE,0
SEAT008180,ST001_S05,12,80,AVAILABLE,0
SEAT008181,ST001_S05,12,81,AVAILABLE,0
SEAT008182,ST001_S05,12,82,AVAILABLE,0
SEAT008183,ST001_S05,12,83,AVAILABLE,0
SEAT008184,ST001_S05,12,84,AVAILABLE,0
SEAT008185,ST001_S05,12,85,AVAILABLE,0
SEAT008186,ST001_S05,12,86,AVAILABLE,0
SEAT008187,ST001_S05,12,87,AVAILABLE,0
SEAT008188,ST001_S05,12,88,AVAILABLE,0
SEAT008189,ST001_S05,12,89,AVAILABLE,0
SEAT008190,ST001_S05,12,90,AVAILABLE,0
SEAT008191,ST001_S05,12,91,AVAILABLE,0
SEAT008192,ST001_S05,12,92,AVAILABLE,0
SEAT008193,ST001_S05,12,93,AVAILABLE,0
SEAT008194,ST001_S05,12,94,AVAILABLE,0
SEAT008195,ST001_S05,12,95,AVAILABLE,0
SEAT008196,ST001_S05,12,96,AVAILABLE,0
SEAT008197,ST001_S05,12,97,AVAILABLE,0
SEAT008198,ST001_S05,12,98,AVAILABLE,0
SEAT008199,ST001_S05,12,99,AVAILABLE,0
SEAT008200,ST001_S05,12,100,AVAILABLE,0
SEAT008201,ST001_S05,13,1,AVAILABLE,0
SEAT008202,ST001_S05,13,2,AVAILABLE,0
SEAT008203,ST001_S05,13,3,AVAILABLE,0
SEAT008204,ST001_S05,13,4,AVAILABLE,0
SEAT008205,ST001_S05,13,5,AVAILABLE,0
SEAT008206,ST001_S05,13,6,AVAILABLE,0
SEAT008207,ST001_S05,13,7,AVAILABLE,0
SEAT008208,ST001_S05,13,8,AVAILABLE,0
SEAT008209,ST001_S05,13,9,AVAILABLE,0
SEAT008210,ST001_S05,13,10,AVAILABLE,0
SEAT008211,ST001_S05,13,11,AVAILABLE,0
SEAT008212,ST001_S05,13,12,AVAILABLE,0
SEAT008213,ST001_S05,13,13,AVAILABLE,0
SEAT008214,ST001_S05,13,14,AVAILABLE,0
SEAT008215,ST001_S05,13,15,AVAILABLE,0
SEAT008216,ST001_S05,13,16,AVAILABLE,0
SEAT008217,ST001_S05,13,17,AVAILABLE,0
SEAT008218,ST001_S05,13,18,AVAILABLE,0
SEAT008219,ST001_S05,13,19,AVAILABLE,0
SEAT008220,ST001_S05,13,20,AVAILABLE,0
SEAT008221,ST001_S05,13,21,AVAILABLE,0
SEAT008222,ST001_S05,13,22,AVAILABLE,0
SEAT008223,ST001_S05,13,23,AVAILABLE,0
SEAT008224,ST001_S05,13,24,AVAILABLE,0
SEAT008225,ST001_S05,13,25,AVAILABLE,0
SEAT008226,ST001_S05,13,26,AVAILABLE,0
SEAT008227,ST001_S05,13,27,AVAILABLE,0
SEAT008228,ST001_S05,13,28,AVAILABLE,0
SEAT008229,ST001_S05,13,29,AVAILABLE,0
SEAT008230,ST001_S05,13,30,AVAILABLE,0
SEAT008231,ST001_S05,13,31,AVAILABLE,0
SEAT008232,ST001_S05,13,32,AVAILABLE,0
SEAT008233,ST001_S05,13,33,AVAILABLE,0
SEAT008234,ST001_S05,13,34,AVAILABLE,0
SEAT008235,ST001_S05,13,35,AVAILABLE,0
SEAT008236,ST001_S05,13,36,AVAILABLE,0
SEAT008237,ST001_S05,13,37,AVAILABLE,0
SEAT008238,ST001_S05,13,38,AVAILABLE,0
SEAT008239,ST001_S05,13,39,AVAILABLE,0
SEAT008240,ST001_S05,13,40,AVAILABLE,0
SEAT008241,ST001_S05,13,41,AVAILABLE,0
SEAT008242,ST001_S05,13,42,AVAILABLE,0
SEAT008243,ST001_S05,13,43,AVAILABLE,0
SEAT008244,ST001_S05,13,44,AVAILABLE,0
SEAT008245,ST001_S05,13,45,AVAILABLE,0
SEAT008246,ST001_S05,13,46,AVAILABLE,0
SEAT008247,ST001_S05,13,47,AVAILABLE,0
SEAT008248,ST001_S05,13,48,AVAILABLE,0
SEAT008249,ST001_S05,13,49,AVAILABLE,0
SEAT008250,ST001_S05,13,50,AVAILABLE,0
SEAT008251,ST001_S05,13,51,AVAILABLE,0
SEAT008252,ST001_S05,13,52,AVAILABLE,0
SEAT008253,ST001_S05,13,53,AVAILABLE,0
SEAT008254,ST001_S05,13,54,AVAILABLE,0
SEAT008255,ST001_S05,13,55,AVAILABLE,0
SEAT008256,ST001_S05,13,56,AVAILABLE,0
SEAT008257,ST001_S05,13,57,AVAILABLE,0
SEAT008258,ST001_S05,13,58,AVAILABLE,0
SEAT008259,ST001_S05,13,59,AVAILABLE,0
SEAT008260,ST001_S05,13,60,AVAILABLE,0
SEAT008261,ST001_S05,13,61,AVAILABLE,0
SEAT008262,ST001_S05,13,62,AVAILABLE,0
SEAT008263,ST001_S05,13,63,AVAILABLE,0
SEAT008264,ST001_S05,13,64,AVAILABLE,0
SEAT008265,ST001_S05,13,65,AVAILABLE,0
SEAT008266,ST001_S05,13,66,AVAILABLE,0
SEAT008267,ST001_S05,13,67,AVAILABLE,0
SEAT008268,ST001_S05,13,68,AVAILABLE,0
SEAT008269,ST001_S05,13,69,AVAILABLE,0
SEAT008270,ST001_S05,13,70,AVAILABLE,0
SEAT008271,ST001_S05,13,71,AVAILABLE,0
SEAT008272,ST001_S05,13,72,AVAILABLE,0
SEAT008273,ST001_S05,13,73,AVAILABLE,0
SEAT008274,ST001_S05,13,74,AVAILABLE,0
SEAT008275,ST001_S05,13,75,AVAILABLE,0
SEAT008276,ST001_S05,13,76,AVAILABLE,0
SEAT008277,ST001_S05,13,77,AVAILABLE,0
SEAT008278,ST001_S05,13,78,AVAILABLE,0
SEAT008279,ST001_S05,13,79,AVAILABLE,0
SEAT008280,ST001_S05,13,80,AVAILABLE,0
SEAT008281,ST001_S05,13,81,AVAILABLE,0
SEAT008282,ST001_S05,13,82,AVAILABLE,0
SEAT008283,ST001_S05,13,83,AVAILABLE,0
SEAT008284,ST001_S05,13,84,AVAILABLE,0
SEAT008285,ST001_S05,13,85,AVAILABLE,0
SEAT008286,ST001_S05,13,86,AVAILABLE,0
SEAT008287,ST001_S05,13,87,AVAILABLE,0
SEAT008288,ST001_S05,13,88,AVAILABLE,0
SEAT008289,ST001_S05,13,89,AVAILABLE,0
SEAT008290,ST001_S05,13,90,AVAILABLE,0
SEAT008291,ST001_S05,13,91,AVAILABLE,0
SEAT008292,ST001_S05,13,92,AVAILABLE,0
SEAT008293,ST001_S05,13,93,AVAILABLE,0
SEAT008294,ST001_S05,13,94,AVAILABLE,0
SEAT008295,ST001_S05,13,95,AVAILABLE,0
SEAT008296,ST001_S05,13,96,AVAILABLE,0
SEAT008297,ST001_S05,13,97,AVAILABLE,0
SEAT008298,ST001_S05,13,98,AVAILABLE,0
SEAT008299,ST001_S05,13,99,AVAILABLE,0
SEAT008300,ST001_S05,13,100,AVAILABLE,0
SEAT008301,ST001_S05,14,1,AVAILABLE,0
SEAT008302,ST001_S05,14,2,AVAILABLE,0
SEAT008303,ST001_S05,14,3,AVAILABLE,0
SEAT008304,ST001_S05,14,4,AVAILABLE,0
SEAT008305,ST001_S05,14,5,AVAILABLE,0
SEAT008306,ST001_S05,14,6,AVAILABLE,0
SEAT008307,ST001_S05,14,7,AVAILABLE,0
SEAT008308,ST001_S05,14,8,AVAILABLE,0
SEAT008309,ST001_S05,14,9,AVAILABLE,0
SEAT008310,ST001_S05,14,10,AVAILABLE,0
SEAT008311,ST001_S05,14,11,AVAILABLE,0
SEAT008312,ST001_S05,14,12,AVAILABLE,0
SEAT008313,ST001_S05,14,13,AVAILABLE,0
SEAT008314,ST001_S05,14,14,AVAILABLE,0
SEAT008315,ST001_S05,14,15,AVAILABLE,0
SEAT008316,ST001_S05,14,16,AVAILABLE,0
SEAT008317,ST001_S05,14,17,AVAILABLE,0
SEAT008318,ST001_S05,14,18,AVAILABLE,0
SEAT008319,ST001_S05,14,19,AVAILABLE,0
SEAT008320,ST001_S05,14,20,AVAILABLE,0
SEAT008321,ST001_S05,14,21,AVAILABLE,0
SEAT008322,ST001_S05,14,22,AVAILABLE,0
SEAT008323,ST001_S05,14,23,AVAILABLE,0
SEAT008324,ST001_S05,14,24,AVAILABLE,0
SEAT008325,ST001_S05,14,25,AVAILABLE,0
SEAT008326,ST001_S05,14,26,AVAILABLE,0
SEAT008327,ST001_S05,14,27,AVAILABLE,0
SEAT008328,ST001_S05,14,28,AVAILABLE,0
SEAT008329,ST001_S05,14,29,AVAILABLE,0
SEAT008330,ST001_S05,14,30,AVAILABLE,0
SEAT008331,ST001_S05,14,31,AVAILABLE,0
SEAT008332,ST001_S05,14,32,AVAILABLE,0
SEAT008333,ST001_S05,14,33,AVAILABLE,0
SEAT008334,ST001_S05,14,34,AVAILABLE,0
SEAT008335,ST001_S05,14,35,AVAILABLE,0
SEAT008336,ST001_S05,14,36,AVAILABLE,0
SEAT008337,ST001_S05,14,37,AVAILABLE,0
SEAT008338,ST001_S05,14,38,AVAILABLE,0
SEAT008339,ST001_S05,14,39,AVAILABLE,0
SEAT008340,ST001_S05,14,40,AVAILABLE,0
SEAT008341,ST001_S05,14,41,AVAILABLE,0
SEAT008342,ST001_S05,14,42,AVAILABLE,0
SEAT008343,ST001_S05,14,43,AVAILABLE,0
SEAT008344,ST001_S05,14,44,AVAILABLE,0
SEAT008345,ST001_S05,14,45,AVAILABLE,0
SEAT008346,ST001_S05,14,46,AVAILABLE,0
SEAT008347,ST001_S05,14,47,AVAILABLE,0
SEAT008348,ST001_S05,14,48,AVAILABLE,0
SEAT008349,ST001_S05,14,49,AVAILABLE,0
SEAT008350,ST001_S05,14,50,AVAILABLE,0
SEAT008351,ST001_S05,14,51,AVAILABLE,0
SEAT008352,ST001_S05,14,52,AVAILABLE,0
SEAT008353,ST001_S05,14,53,AVAILABLE,0
SEAT008354,ST001_S05,14,54,AVAILABLE,0
SEAT008355,ST001_S05,14,55,AVAILABLE,0
SEAT008356,ST001_S05,14,56,AVAILABLE,0
SEAT008357,ST001_S05,14,57,AVAILABLE,0
SEAT008358,ST001_S05,14,58,AVAILABLE,0
SEAT008359,ST001_S05,14,59,AVAILABLE,0
SEAT008360,ST001_S05,14,60,AVAILABLE,0
SEAT008361,ST001_S05,14,61,AVAILABLE,0
SEAT008362,ST001_S05,14,62,AVAILABLE,0
SEAT008363,ST001_S05,14,63,AVAILABLE,0
SEAT008364,ST001_S05,14,64,AVAILABLE,0
SEAT008365,ST001_S05,14,65,AVAILABLE,0
SEAT008366,ST001_S05,14,66,AVAILABLE,0
SEAT008367,ST001_S05,14,67,AVAILABLE,0
SEAT008368,ST001_S05,14,68,AVAILABLE,0
SEAT008369,ST001_S05,14,69,AVAILABLE,0
SEAT008370,ST001_S05,14,70,AVAILABLE,0
SEAT008371,ST001_S05,14,71,AVAILABLE,0
SEAT008372,ST001_S05,14,72,AVAILABLE,0
SEAT008373,ST001_S05,14,73,AVAILABLE,0
SEAT008374,ST001_S05,14,74,AVAILABLE,0
SEAT008375,ST001_S05,14,75,AVAILABLE,0
SEAT008376,ST001_S05,14,76,AVAILABLE,0
SEAT008377,ST001_S05,14,77,AVAILABLE,0
SEAT008378,ST001_S05,14,78,AVAILABLE,0
SEAT008379,ST001_S05,14,79,AVAILABLE,0
SEAT008380,ST001_S05,14,80,AVAILABLE,0
SEAT008381,ST001_S05,14,81,AVAILABLE,0
SEAT008382,ST001_S05,14,82,AVAILABLE,0
SEAT008383,ST001_S05,14,83,AVAILABLE,0
SEAT008384,ST001_S05,14,84,AVAILABLE,0
SEAT008385,ST001_S05,14,85,AVAILABLE,0
SEAT008386,ST001_S05,14,86,AVAILABLE,0
SEAT008387,ST001_S05,14,87,AVAILABLE,0
SEAT008388,ST001_S05,14,88,AVAILABLE,0
SEAT008389,ST001_S05,14,89,AVAILABLE,0
SEAT008390,ST001_S05,14,90,AVAILABLE,0
SEAT008391,ST001_S05,14,91,AVAILABLE,0
SEAT008392,ST001_S05,14,92,AVAILABLE,0
SEAT008393,ST001_S05,14,93,AVAILABLE,0
SEAT008394,ST001_S05,14,94,AVAILABLE,0
SEAT008395,ST001_S05,14,95,AVAILABLE,0
SEAT008396,ST001_S05,14,96,AVAILABLE,0
SEAT008397,ST001_S05,14,97,AVAILABLE,0
SEAT008398,ST001_S05,14,98,AVAILABLE,0
SEAT008399,ST001_S05,14,99,AVAILABLE,0
SEAT008400,ST001_S05,14,100,AVAILABLE,0
SEAT008401,ST001_S05,15,1,AVAILABLE,0
SEAT008402,ST001_S05,15,2,AVAILABLE,0
SEAT008403,ST001_S05,15,3,AVAILABLE,0
SEAT008404,ST001_S05,15,4,AVAILABLE,0
SEAT008405,ST001_S05,15,5,AVAILABLE,0
SEAT008406,ST001_S05,15,6,AVAILABLE,0
SEAT008407,ST001_S05,15,7,AVAILABLE,0
SEAT008408,ST001_S05,15,8,AVAILABLE,0
SEAT008409,ST001_S05,15,9,AVAILABLE,0
SEAT008410,ST001_S05,15,10,AVAILABLE,0
SEAT008411,ST001_S05,15,11,AVAILABLE,0
SEAT008412,ST001_S05,15,12,AVAILABLE,0
SEAT008413,ST001_S05,15,13,AVAILABLE,0
SEAT008414,ST001_S05,15,14,AVAILABLE,0
SEAT008415,ST001_S05,15,15,AVAILABLE,0
SEAT008416,ST001_S05,15,16,AVAILABLE,0
SEAT008417,ST001_S05,15,17,AVAILABLE,0
SEAT008418,ST001_S05,15,18,AVAILABLE,0
SEAT008419,ST001_S05,15,19,AVAILABLE,0
SEAT008420,ST001_S05,15,20,AVAILABLE,0
SEAT008421,ST001_S05,15,21,AVAILABLE,0
SEAT008422,ST001_S05,15,22,AVAILABLE,0
SEAT008423,ST001_S05,15,23,AVAILABLE,0
SEAT008424,ST001_S05,15,24,AVAILABLE,0
SEAT008425,ST001_S05,15,25,AVAILABLE,0
SEAT008426,ST001_S05,15,26,AVAILABLE,0
SEAT008427,ST001_S05,15,27,AVAILABLE,0
SEAT008428,ST001_S05,15,28,AVAILABLE,0
SEAT008429,ST001_S05,15,29,AVAILABLE,0
SEAT008430,ST001_S05,15,30,AVAILABLE,0
SEAT008431,ST001_S05,15,31,AVAILABLE,0
SEAT008432,ST001_S05,15,32,AVAILABLE,0
SEAT008433,ST001_S05,15,33,AVAILABLE,0
SEAT008434,ST001_S05,15,34,AVAILABLE,0
SEAT008435,ST001_S05,15,35,AVAILABLE,0
SEAT008436,ST001_S05,15,36,AVAILABLE,0
SEAT008437,ST001_S05,15,37,AVAILABLE,0
SEAT008438,ST001_S05,15,38,AVAILABLE,0
SEAT008439,ST001_S05,15,39,AVAILABLE,0
SEAT008440,ST001_S05,15,40,AVAILABLE,0
SEAT008441,ST001_S05,15,41,AVAILABLE,0
SEAT008442,ST001_S05,15,42,AVAILABLE,0
SEAT008443,ST001_S05,15,43,AVAILABLE,0
SEAT008444,ST001_S05,15,44,AVAILABLE,0
SEAT008445,ST001_S05,15,45,AVAILABLE,0
SEAT008446,ST001_S05,15,46,AVAILABLE,0
SEAT008447,ST001_S05,15,47,AVAILABLE,0
SEAT008448,ST001_S05,15,48,AVAILABLE,0
SEAT008449,ST001_S05,15,49,AVAILABLE,0
SEAT008450,ST001_S05,15,50,AVAILABLE,0
SEAT008451,ST001_S05,15,51,AVAILABLE,0
SEAT008452,ST001_S05,15,52,AVAILABLE,0
SEAT008453,ST001_S05,15,53,AVAILABLE,0
SEAT008454,ST001_S05,15,54,AVAILABLE,0
SEAT008455,ST001_S05,15,55,AVAILABLE,0
SEAT008456,ST001_S05,15,56,AVAILABLE,0
SEAT008457,ST001_S05,15,57,AVAILABLE,0
SEAT008458,ST001_S05,15,58,AVAILABLE,0
SEAT008459,ST001_S05,15,59,AVAILABLE,0
SEAT008460,ST001_S05,15,60,AVAILABLE,0
SEAT008461,ST001_S05,15,61,AVAILABLE,0
SEAT008462,ST001_S05,15,62,AVAILABLE,0
SEAT008463,ST001_S05,15,63,AVAILABLE,0
SEAT008464,ST001_S05,15,64,AVAILABLE,0
SEAT008465,ST001_S05,15,65,AVAILABLE,0
SEAT008466,ST001_S05,15,66,AVAILABLE,0
SEAT008467,ST001_S05,15,67,AVAILABLE,0
SEAT008468,ST001_S05,15,68,AVAILABLE,0
SEAT008469,ST001_S05,15,69,AVAILABLE,0
SEAT008470,ST001_S05,15,70,AVAILABLE,0
SEAT008471,ST001_S05,15,71,AVAILABLE,0
SEAT008472,ST001_S05,15,72,AVAILABLE,0
SEAT008473,ST001_S05,15,73,AVAILABLE,0
SEAT008474,ST001_S05,15,74,AVAILABLE,0
SEAT008475,ST001_S05,15,75,AVAILABLE,0
SEAT008476,ST001_S05,15,76,AVAILABLE,0
SEAT008477,ST001_S05,15,77,AVAILABLE,0
SEAT008478,ST001_S05,15,78,AVAILABLE,0
SEAT008479,ST001_S05,15,79,AVAILABLE,0
SEAT008480,ST001_S05,15,80,AVAILABLE,0
SEAT008481,ST001_S05,15,81,AVAILABLE,0
SEAT008482,ST001_S05,15,82,AVAILABLE,0
SEAT008483,ST001_S05,15,83,AVAILABLE,0
SEAT008484,ST001_S05,15,84,AVAILABLE,0
SEAT008485,ST001_S05,15,85,AVAILABLE,0
SEAT008486,ST001_S05,15,86,AVAILABLE,0
SEAT008487,ST001_S05,15,87,AVAILABLE,0
SEAT008488,ST001_S05,15,88,AVAILABLE,0
SEAT008489,ST001_S05,15,89,AVAILABLE,0
SEAT008490,ST001_S05,15,90,AVAILABLE,0
SEAT008491,ST001_S05,15,91,AVAILABLE,0
SEAT008492,ST001_S05,15,92,AVAILABLE,0
SEAT008493,ST001_S05,15,93,AVAILABLE,0
SEAT008494,ST001_S05,15,94,AVAILABLE,0
SEAT008495,ST001_S05,15,95,AVAILABLE,0
SEAT008496,ST001_S05,15,96,AVAILABLE,0
SEAT008497,ST001_S05,15,97,AVAILABLE,0
SEAT008498,ST001_S05,15,98,AVAILABLE,0
SEAT008499,ST001_S05,15,99,AVAILABLE,0
SEAT008500,ST001_S05,15,100,AVAILABLE,0
SEAT008501,ST001_S05,16,1,AVAILABLE,0
SEAT008502,ST001_S05,16,2,AVAILABLE,0
SEAT008503,ST001_S05,16,3,AVAILABLE,0
SEAT008504,ST001_S05,16,4,AVAILABLE,0
SEAT008505,ST001_S05,16,5,AVAILABLE,0
SEAT008506,ST001_S05,16,6,AVAILABLE,0
SEAT008507,ST001_S05,16,7,AVAILABLE,0
SEAT008508,ST001_S05,16,8,AVAILABLE,0
SEAT008509,ST001_S05,16,9,AVAILABLE,0
SEAT008510,ST001_S05,16,10,AVAILABLE,0
SEAT008511,ST001_S05,16,11,AVAILABLE,0
SEAT008512,ST001_S05,16,12,AVAILABLE,0
SEAT008513,ST001_S05,16,13,AVAILABLE,0
SEAT008514,ST001_S05,16,14,AVAILABLE,0
SEAT008515,ST001_S05,16,15,AVAILABLE,0
SEAT008516,ST001_S05,16,16,AVAILABLE,0
SEAT008517,ST001_S05,16,17,AVAILABLE,0
SEAT008518,ST001_S05,16,18,AVAILABLE,0
SEAT008519,ST001_S05,16,19,AVAILABLE,0
SEAT008520,ST001_S05,16,20,AVAILABLE,0
SEAT008521,ST001_S05,16,21,AVAILABLE,0
SEAT008522,ST001_S05,16,22,AVAILABLE,0
SEAT008523,ST001_S05,16,23,AVAILABLE,0
SEAT008524,ST001_S05,16,24,AVAILABLE,0
SEAT008525,ST001_S05,16,25,AVAILABLE,0
SEAT008526,ST001_S05,16,26,AVAILABLE,0
SEAT008527,ST001_S05,16,27,AVAILABLE,0
SEAT008528,ST001_S05,16,28,AVAILABLE,0
SEAT008529,ST001_S05,16,29,AVAILABLE,0
SEAT008530,ST001_S05,16,30,AVAILABLE,0
SEAT008531,ST001_S05,16,31,AVAILABLE,0
SEAT008532,ST001_S05,16,32,AVAILABLE,0
SEAT008533,ST001_S05,16,33,AVAILABLE,0
SEAT008534,ST001_S05,16,34,AVAILABLE,0
SEAT008535,ST001_S05,16,35,AVAILABLE,0
SEAT008536,ST001_S05,16,36,AVAILABLE,0
SEAT008537,ST001_S05,16,37,AVAILABLE,0
SEAT008538,ST001_S05,16,38,AVAILABLE,0
SEAT008539,ST001_S05,16,39,AVAILABLE,0
SEAT008540,ST001_S05,16,40,AVAILABLE,0
SEAT008541,ST001_S05,16,41,AVAILABLE,0
SEAT008542,ST001_S05,16,42,AVAILABLE,0
SEAT008543,ST001_S05,16,43,AVAILABLE,0
SEAT008544,ST001_S05,16,44,AVAILABLE,0
SEAT008545,ST001_S05,16,45,AVAILABLE,0
SEAT008546,ST001_S05,16,46,AVAILABLE,0
SEAT008547,ST001_S05,16,47,AVAILABLE,0
SEAT008548,ST001_S05,16,48,AVAILABLE,0
SEAT008549,ST001_S05,16,49,AVAILABLE,0
SEAT008550,ST001_S05,16,50,AVAILABLE,0
SEAT008551,ST001_S05,16,51,AVAILABLE,0
SEAT008552,ST001_S05,16,52,AVAILABLE,0
SEAT008553,ST001_S05,16,53,AVAILABLE,0
SEAT008554,ST001_S05,16,54,AVAILABLE,0
SEAT008555,ST001_S05,16,55,AVAILABLE,0
SEAT008556,ST001_S05,16,56,AVAILABLE,0
SEAT008557,ST001_S05,16,57,AVAILABLE,0
SEAT008558,ST001_S05,16,58,AVAILABLE,0
SEAT008559,ST001_S05,16,59,AVAILABLE,0
SEAT008560,ST001_S05,16,60,AVAILABLE,0
SEAT008561,ST001_S05,16,61,AVAILABLE,0
SEAT008562,ST001_S05,16,62,AVAILABLE,0
SEAT008563,ST001_S05,16,63,AVAILABLE,0
SEAT008564,ST001_S05,16,64,AVAILABLE,0
SEAT008565,ST001_S05,16,65,AVAILABLE,0
SEAT008566,ST001_S05,16,66,AVAILABLE,0
SEAT008567,ST001_S05,16,67,AVAILABLE,0
SEAT008568,ST001_S05,16,68,AVAILABLE,0
SEAT008569,ST001_S05,16,69,AVAILABLE,0
SEAT008570,ST001_S05,16,70,AVAILABLE,0
SEAT008571,ST001_S05,16,71,AVAILABLE,0
SEAT008572,ST001_S05,16,72,AVAILABLE,0
SEAT008573,ST001_S05,16,73,AVAILABLE,0
SEAT008574,ST001_S05,16,74,AVAILABLE,0
SEAT008575,ST001_S05,16,75,AVAILABLE,0
SEAT008576,ST001_S05,16,76,AVAILABLE,0
SEAT008577,ST001_S05,16,77,AVAILABLE,0
SEAT008578,ST001_S05,16,78,AVAILABLE,0
SEAT008579,ST001_S05,16,79,AVAILABLE,0
SEAT008580,ST001_S05,16,80,AVAILABLE,0
SEAT008581,ST001_S05,16,81,AVAILABLE,0
SEAT008582,ST001_S05,16,82,AVAILABLE,0
SEAT008583,ST001_S05,16,83,AVAILABLE,0
SEAT008584,ST001_S05,16,84,AVAILABLE,0
SEAT008585,ST001_S05,16,85,AVAILABLE,0
SEAT008586,ST001_S05,16,86,AVAILABLE,0
SEAT008587,ST001_S05,16,87,AVAILABLE,0
SEAT008588,ST001_S05,16,88,AVAILABLE,0
SEAT008589,ST001_S05,16,89,AVAILABLE,0
SEAT008590,ST001_S05,16,90,AVAILABLE,0
SEAT008591,ST001_S05,16,91,AVAILABLE,0
SEAT008592,ST001_S05,16,92,AVAILABLE,0
SEAT008593,ST001_S05,16,93,AVAILABLE,0
SEAT008594,ST001_S05,16,94,AVAILABLE,0
SEAT008595,ST001_S05,16,95,AVAILABLE,0
SEAT008596,ST001_S05,16,96,AVAILABLE,0
SEAT008597,ST001_S05,16,97,AVAILABLE,0
SEAT008598,ST001_S05,16,98,AVAILABLE,0
SEAT008599,ST001_S05,16,99,AVAILABLE,0
SEAT008600,ST001_S05,16,100,AVAILABLE,0
SEAT008601,ST001_S05,17,1,AVAILABLE,0
SEAT008602,ST001_S05,17,2,AVAILABLE,0
SEAT008603,ST001_S05,17,3,AVAILABLE,0
SEAT008604,ST001_S05,17,4,AVAILABLE,0
SEAT008605,ST001_S05,17,5,AVAILABLE,0
SEAT008606,ST001_S05,17,6,AVAILABLE,0
SEAT008607,ST001_S05,17,7,AVAILABLE,0
SEAT008608,ST001_S05,17,8,AVAILABLE,0
SEAT008609,ST001_S05,17,9,AVAILABLE,0
SEAT008610,ST001_S05,17,10,AVAILABLE,0
SEAT008611,ST001_S05,17,11,AVAILABLE,0
SEAT008612,ST001_S05,17,12,AVAILABLE,0
SEAT008613,ST001_S05,17,13,AVAILABLE,0
SEAT008614,ST001_S05,17,14,AVAILABLE,0
SEAT008615,ST001_S05,17,15,AVAILABLE,0
SEAT008616,ST001_S05,17,16,AVAILABLE,0
SEAT008617,ST001_S05,17,17,AVAILABLE,0
SEAT008618,ST001_S05,17,18,AVAILABLE,0
SEAT008619,ST001_S05,17,19,AVAILABLE,0
SEAT008620,ST001_S05,17,20,AVAILABLE,0
SEAT008621,ST001_S05,17,21,AVAILABLE,0
SEAT008622,ST001_S05,17,22,AVAILABLE,0
SEAT008623,ST001_S05,17,23,AVAILABLE,0
SEAT008624,ST001_S05,17,24,AVAILABLE,0
SEAT008625,ST001_S05,17,25,AVAILABLE,0
SEAT008626,ST001_S05,17,26,AVAILABLE,0
SEAT008627,ST001_S05,17,27,AVAILABLE,0
SEAT008628,ST001_S05,17,28,AVAILABLE,0
SEAT008629,ST001_S05,17,29,AVAILABLE,0
SEAT008630,ST001_S05,17,30,AVAILABLE,0
SEAT008631,ST001_S05,17,31,AVAILABLE,0
SEAT008632,ST001_S05,17,32,AVAILABLE,0
SEAT008633,ST001_S05,17,33,AVAILABLE,0
SEAT008634,ST001_S05,17,34,AVAILABLE,0
SEAT008635,ST001_S05,17,35,AVAILABLE,0
SEAT008636,ST001_S05,17,36,AVAILABLE,0
SEAT008637,ST001_S05,17,37,AVAILABLE,0
SEAT008638,ST001_S05,17,38,AVAILABLE,0
SEAT008639,ST001_S05,17,39,AVAILABLE,0
SEAT008640,ST001_S05,17,40,AVAILABLE,0
SEAT008641,ST001_S05,17,41,AVAILABLE,0
SEAT008642,ST001_S05,17,42,AVAILABLE,0
SEAT008643,ST001_S05,17,43,AVAILABLE,0
SEAT008644,ST001_S05,17,44,AVAILABLE,0
SEAT008645,ST001_S05,17,45,AVAILABLE,0
SEAT008646,ST001_S05,17,46,AVAILABLE,0
SEAT008647,ST001_S05,17,47,AVAILABLE,0
SEAT008648,ST001_S05,17,48,AVAILABLE,0
SEAT008649,ST001_S05,17,49,AVAILABLE,0
SEAT008650,ST001_S05,17,50,AVAILABLE,0
SEAT008651,ST001_S05,17,51,AVAILABLE,0
SEAT008652,ST001_S05,17,52,AVAILABLE,0
SEAT008653,ST001_S05,17,53,AVAILABLE,0
SEAT008654,ST001_S05,17,54,AVAILABLE,0
SEAT008655,ST001_S05,17,55,AVAILABLE,0
SEAT008656,ST001_S05,17,56,AVAILABLE,0
SEAT008657,ST001_S05,17,57,AVAILABLE,0
SEAT008658,ST001_S05,17,58,AVAILABLE,0
SEAT008659,ST001_S05,17,59,AVAILABLE,0
SEAT008660,ST001_S05,17,60,AVAILABLE,0
SEAT008661,ST001_S05,17,61,AVAILABLE,0
SEAT008662,ST001_S05,17,62,AVAILABLE,0
SEAT008663,ST001_S05,17,63,AVAILABLE,0
SEAT008664,ST001_S05,17,64,AVAILABLE,0
SEAT008665,ST001_S05,17,65,AVAILABLE,0
SEAT008666,ST001_S05,17,66,AVAILABLE,0
SEAT008667,ST001_S05,17,67,AVAILABLE,0
SEAT008668,ST001_S05,17,68,AVAILABLE,0
SEAT008669,ST001_S05,17,69,AVAILABLE,0
SEAT008670,ST001_S05,17,70,AVAILABLE,0
SEAT008671,ST001_S05,17,71,AVAILABLE,0
SEAT008672,ST001_S05,17,72,AVAILABLE,0
SEAT008673,ST001_S05,17,73,AVAILABLE,0
SEAT008674,ST001_S05,17,74,AVAILABLE,0
SEAT008675,ST001_S05,17,75,AVAILABLE,0
SEAT008676,ST001_S05,17,76,AVAILABLE,0
SEAT008677,ST001_S05,17,77,AVAILABLE,0
SEAT008678,ST001_S05,17,78,AVAILABLE,0
SEAT008679,ST001_S05,17,79,AVAILABLE,0
SEAT008680,ST001_S05,17,80,AVAILABLE,0
SEAT008681,ST001_S05,17,81,AVAILABLE,0
SEAT008682,ST001_S05,17,82,AVAILABLE,0
SEAT008683,ST001_S05,17,83,AVAILABLE,0
SEAT008684,ST001_S05,17,84,AVAILABLE,0
SEAT008685,ST001_S05,17,85,AVAILABLE,0
SEAT008686,ST001_S05,17,86,AVAILABLE,0
SEAT008687,ST001_S05,17,87,AVAILABLE,0
SEAT008688,ST001_S05,17,88,AVAILABLE,0
SEAT008689,ST001_S05,17,89,AVAILABLE,0
SEAT008690,ST001_S05,17,90,AVAILABLE,0
SEAT008691,ST001_S05,17,91,AVAILABLE,0
SEAT008692,ST001_S05,17,92,AVAILABLE,0
SEAT008693,ST001_S05,17,93,AVAILABLE,0
SEAT008694,ST001_S05,17,94,AVAILABLE,0
SEAT008695,ST001_S05,17,95,AVAILABLE,0
SEAT008696,ST001_S05,17,96,AVAILABLE,0
SEAT008697,ST001_S05,17,97,AVAILABLE,0
SEAT008698,ST001_S05,17,98,AVAILABLE,0
SEAT008699,ST001_S05,17,99,AVAILABLE,0
SEAT008700,ST001_S05,17,100,AVAILABLE,0
SEAT008701,ST001_S05,18,1,AVAILABLE,0
SEAT008702,ST001_S05,18,2,AVAILABLE,0
SEAT008703,ST001_S05,18,3,AVAILABLE,0
SEAT008704,ST001_S05,18,4,AVAILABLE,0
SEAT008705,ST001_S05,18,5,AVAILABLE,0
SEAT008706,ST001_S05,18,6,AVAILABLE,0
SEAT008707,ST001_S05,18,7,AVAILABLE,0
SEAT008708,ST001_S05,18,8,AVAILABLE,0
SEAT008709,ST001_S05,18,9,AVAILABLE,0
SEAT008710,ST001_S05,18,10,AVAILABLE,0
SEAT008711,ST001_S05,18,11,AVAILABLE,0
SEAT008712,ST001_S05,18,12,AVAILABLE,0
SEAT008713,ST001_S05,18,13,AVAILABLE,0
SEAT008714,ST001_S05,18,14,AVAILABLE,0
SEAT008715,ST001_S05,18,15,AVAILABLE,0
SEAT008716,ST001_S05,18,16,AVAILABLE,0
SEAT008717,ST001_S05,18,17,AVAILABLE,0
SEAT008718,ST001_S05,18,18,AVAILABLE,0
SEAT008719,ST001_S05,18,19,AVAILABLE,0
SEAT008720,ST001_S05,18,20,AVAILABLE,0
SEAT008721,ST001_S05,18,21,AVAILABLE,0
SEAT008722,ST001_S05,18,22,AVAILABLE,0
SEAT008723,ST001_S05,18,23,AVAILABLE,0
SEAT008724,ST001_S05,18,24,AVAILABLE,0
SEAT008725,ST001_S05,18,25,AVAILABLE,0
SEAT008726,ST001_S05,18,26,AVAILABLE,0
SEAT008727,ST001_S05,18,27,AVAILABLE,0
SEAT008728,ST001_S05,18,28,AVAILABLE,0
SEAT008729,ST001_S05,18,29,AVAILABLE,0
SEAT008730,ST001_S05,18,30,AVAILABLE,0
SEAT008731,ST001_S05,18,31,AVAILABLE,0
SEAT008732,ST001_S05,18,32,AVAILABLE,0
SEAT008733,ST001_S05,18,33,AVAILABLE,0
SEAT008734,ST001_S05,18,34,AVAILABLE,0
SEAT008735,ST001_S05,18,35,AVAILABLE,0
SEAT008736,ST001_S05,18,36,AVAILABLE,0
SEAT008737,ST001_S05,18,37,AVAILABLE,0
SEAT008738,ST001_S05,18,38,AVAILABLE,0
SEAT008739,ST001_S05,18,39,AVAILABLE,0
SEAT008740,ST001_S05,18,40,AVAILABLE,0
SEAT008741,ST001_S05,18,41,AVAILABLE,0
SEAT008742,ST001_S05,18,42,AVAILABLE,0
SEAT008743,ST001_S05,18,43,AVAILABLE,0
SEAT008744,ST001_S05,18,44,AVAILABLE,0
SEAT008745,ST001_S05,18,45,AVAILABLE,0
SEAT008746,ST001_S05,18,46,AVAILABLE,0
SEAT008747,ST001_S05,18,47,AVAILABLE,0
SEAT008748,ST001_S05,18,48,AVAILABLE,0
SEAT008749,ST001_S05,18,49,AVAILABLE,0
SEAT008750,ST001_S05,18,50,AVAILABLE,0
SEAT008751,ST001_S05,18,51,AVAILABLE,0
SEAT008752,ST001_S05,18,52,AVAILABLE,0
SEAT008753,ST001_S05,18,53,AVAILABLE,0
SEAT008754,ST001_S05,18,54,AVAILABLE,0
SEAT008755,ST001_S05,18,55,AVAILABLE,0
SEAT008756,ST001_S05,18,56,AVAILABLE,0
SEAT008757,ST001_S05,18,57,AVAILABLE,0
SEAT008758,ST001_S05,18,58,AVAILABLE,0
SEAT008759,ST001_S05,18,59,AVAILABLE,0
SEAT008760,ST001_S05,18,60,AVAILABLE,0
SEAT008761,ST001_S05,18,61,AVAILABLE,0
SEAT008762,ST001_S05,18,62,AVAILABLE,0
SEAT008763,ST001_S05,18,63,AVAILABLE,0
SEAT008764,ST001_S05,18,64,AVAILABLE,0
SEAT008765,ST001_S05,18,65,AVAILABLE,0
SEAT008766,ST001_S05,18,66,AVAILABLE,0
SEAT008767,ST001_S05,18,67,AVAILABLE,0
SEAT008768,ST001_S05,18,68,AVAILABLE,0
SEAT008769,ST001_S05,18,69,AVAILABLE,0
SEAT008770,ST001_S05,18,70,AVAILABLE,0
SEAT008771,ST001_S05,18,71,AVAILABLE,0
SEAT008772,ST001_S05,18,72,AVAILABLE,0
SEAT008773,ST001_S05,18,73,AVAILABLE,0
SEAT008774,ST001_S05,18,74,AVAILABLE,0
SEAT008775,ST001_S05,18,75,AVAILABLE,0
SEAT008776,ST001_S05,18,76,AVAILABLE,0
SEAT008777,ST001_S05,18,77,AVAILABLE,0
SEAT008778,ST001_S05,18,78,AVAILABLE,0
SEAT008779,ST001_S05,18,79,AVAILABLE,0
SEAT008780,ST001_S05,18,80,AVAILABLE,0
SEAT008781,ST001_S05,18,81,AVAILABLE,0
SEAT008782,ST001_S05,18,82,AVAILABLE,0
SEAT008783,ST001_S05,18,83,AVAILABLE,0
SEAT008784,ST001_S05,18,84,AVAILABLE,0
SEAT008785,ST001_S05,18,85,AVAILABLE,0
SEAT008786,ST001_S05,18,86,AVAILABLE,0
SEAT008787,ST001_S05,18,87,AVAILABLE,0
SEAT008788,ST001_S05,18,88,AVAILABLE,0
SEAT008789,ST001_S05,18,89,AVAILABLE,0
SEAT008790,ST001_S05,18,90,AVAILABLE,0
SEAT008791,ST001_S05,18,91,AVAILABLE,0
SEAT008792,ST001_S05,18,92,AVAILABLE,0
SEAT008793,ST001_S05,18,93,AVAILABLE,0
SEAT008794,ST001_S05,18,94,AVAILABLE,0
SEAT008795,ST001_S05,18,95,AVAILABLE,0
SEAT008796,ST001_S05,18,96,AVAILABLE,0
SEAT008797,ST001_S05,18,97,AVAILABLE,0
SEAT008798,ST001_S05,18,98,AVAILABLE,0
SEAT008799,ST001_S05,18,99,AVAILABLE,0
SEAT008800,ST001_S05,18,100,AVAILABLE,0
SEAT008801,ST001_S05,19,1,AVAILABLE,0
SEAT008802,ST001_S05,19,2,AVAILABLE,0
SEAT008803,ST001_S05,19,3,AVAILABLE,0
SEAT008804,ST001_S05,19,4,AVAILABLE,0
SEAT008805,ST001_S05,19,5,AVAILABLE,0
SEAT008806,ST001_S05,19,6,AVAILABLE,0
SEAT008807,ST001_S05,19,7,AVAILABLE,0
SEAT008808,ST001_S05,19,8,AVAILABLE,0
SEAT008809,ST001_S05,19,9,AVAILABLE,0
SEAT008810,ST001_S05,19,10,AVAILABLE,0
SEAT008811,ST001_S05,19,11,AVAILABLE,0
SEAT008812,ST001_S05,19,12,AVAILABLE,0
SEAT008813,ST001_S05,19,13,AVAILABLE,0
SEAT008814,ST001_S05,19,14,AVAILABLE,0
SEAT008815,ST001_S05,19,15,AVAILABLE,0
SEAT008816,ST001_S05,19,16,AVAILABLE,0
SEAT008817,ST001_S05,19,17,AVAILABLE,0
SEAT008818,ST001_S05,19,18,AVAILABLE,0
SEAT008819,ST001_S05,19,19,AVAILABLE,0
SEAT008820,ST001_S05,19,20,AVAILABLE,0
SEAT008821,ST001_S05,19,21,AVAILABLE,0
SEAT008822,ST001_S05,19,22,AVAILABLE,0
SEAT008823,ST001_S05,19,23,AVAILABLE,0
SEAT008824,ST001_S05,19,24,AVAILABLE,0
SEAT008825,ST001_S05,19,25,AVAILABLE,0
SEAT008826,ST001_S05,19,26,AVAILABLE,0
SEAT008827,ST001_S05,19,27,AVAILABLE,0
SEAT008828,ST001_S05,19,28,AVAILABLE,0
SEAT008829,ST001_S05,19,29,AVAILABLE,0
SEAT008830,ST001_S05,19,30,AVAILABLE,0
SEAT008831,ST001_S05,19,31,AVAILABLE,0
SEAT008832,ST001_S05,19,32,AVAILABLE,0
SEAT008833,ST001_S05,19,33,AVAILABLE,0
SEAT008834,ST001_S05,19,34,AVAILABLE,0
SEAT008835,ST001_S05,19,35,AVAILABLE,0
SEAT008836,ST001_S05,19,36,AVAILABLE,0
SEAT008837,ST001_S05,19,37,AVAILABLE,0
SEAT008838,ST001_S05,19,38,AVAILABLE,0
SEAT008839,ST001_S05,19,39,AVAILABLE,0
SEAT008840,ST001_S05,19,40,AVAILABLE,0
SEAT008841,ST001_S05,19,41,AVAILABLE,0
SEAT008842,ST001_S05,19,42,AVAILABLE,0
SEAT008843,ST001_S05,19,43,AVAILABLE,0
SEAT008844,ST001_S05,19,44,AVAILABLE,0
SEAT008845,ST001_S05,19,45,AVAILABLE,0
SEAT008846,ST001_S05,19,46,AVAILABLE,0
SEAT008847,ST001_S05,19,47,AVAILABLE,0
SEAT008848,ST001_S05,19,48,AVAILABLE,0
SEAT008849,ST001_S05,19,49,AVAILABLE,0
SEAT008850,ST001_S05,19,50,AVAILABLE,0
SEAT008851,ST001_S05,19,51,AVAILABLE,0
SEAT008852,ST001_S05,19,52,AVAILABLE,0
SEAT008853,ST001_S05,19,53,AVAILABLE,0
SEAT008854,ST001_S05,19,54,AVAILABLE,0
SEAT008855,ST001_S05,19,55,AVAILABLE,0
SEAT008856,ST001_S05,19,56,AVAILABLE,0
SEAT008857,ST001_S05,19,57,AVAILABLE,0
SEAT008858,ST001_S05,19,58,AVAILABLE,0
SEAT008859,ST001_S05,19,59,AVAILABLE,0
SEAT008860,ST001_S05,19,60,AVAILABLE,0
SEAT008861,ST001_S05,19,61,AVAILABLE,0
SEAT008862,ST001_S05,19,62,AVAILABLE,0
SEAT008863,ST001_S05,19,63,AVAILABLE,0
SEAT008864,ST001_S05,19,64,AVAILABLE,0
SEAT008865,ST001_S05,19,65,AVAILABLE,0
SEAT008866,ST001_S05,19,66,AVAILABLE,0
SEAT008867,ST001_S05,19,67,AVAILABLE,0
SEAT008868,ST001_S05,19,68,AVAILABLE,0
SEAT008869,ST001_S05,19,69,AVAILABLE,0
SEAT008870,ST001_S05,19,70,AVAILABLE,0
SEAT008871,ST001_S05,19,71,AVAILABLE,0
SEAT008872,ST001_S05,19,72,AVAILABLE,0
SEAT008873,ST001_S05,19,73,AVAILABLE,0
SEAT008874,ST001_S05,19,74,AVAILABLE,0
SEAT008875,ST001_S05,19,75,AVAILABLE,0
SEAT008876,ST001_S05,19,76,AVAILABLE,0
SEAT008877,ST001_S05,19,77,AVAILABLE,0
SEAT008878,ST001_S05,19,78,AVAILABLE,0
SEAT008879,ST001_S05,19,79,AVAILABLE,0
SEAT008880,ST001_S05,19,80,AVAILABLE,0
SEAT008881,ST001_S05,19,81,AVAILABLE,0
SEAT008882,ST001_S05,19,82,AVAILABLE,0
SEAT008883,ST001_S05,19,83,AVAILABLE,0
SEAT008884,ST001_S05,19,84,AVAILABLE,0
SEAT008885,ST001_S05,19,85,AVAILABLE,0
SEAT008886,ST001_S05,19,86,AVAILABLE,0
SEAT008887,ST001_S05,19,87,AVAILABLE,0
SEAT008888,ST001_S05,19,88,AVAILABLE,0
SEAT008889,ST001_S05,19,89,AVAILABLE,0
SEAT008890,ST001_S05,19,90,AVAILABLE,0
SEAT008891,ST001_S05,19,91,AVAILABLE,0
SEAT008892,ST001_S05,19,92,AVAILABLE,0
SEAT008893,ST001_S05,19,93,AVAILABLE,0
SEAT008894,ST001_S05,19,94,AVAILABLE,0
SEAT008895,ST001_S05,19,95,AVAILABLE,0
SEAT008896,ST001_S05,19,96,AVAILABLE,0
SEAT008897,ST001_S05,19,97,AVAILABLE,0
SEAT008898,ST001_S05,19,98,AVAILABLE,0
SEAT008899,ST001_S05,19,99,AVAILABLE,0
SEAT008900,ST001_S05,19,100,AVAILABLE,0
SEAT008901,ST001_S05,20,1,AVAILABLE,0
SEAT008902,ST001_S05,20,2,AVAILABLE,0
SEAT008903,ST001_S05,20,3,AVAILABLE,0
SEAT008904,ST001_S05,20,4,AVAILABLE,0
SEAT008905,ST001_S05,20,5,AVAILABLE,0
SEAT008906,ST001_S05,20,6,AVAILABLE,0
SEAT008907,ST001_S05,20,7,AVAILABLE,0
SEAT008908,ST001_S05,20,8,AVAILABLE,0
SEAT008909,ST001_S05,20,9,AVAILABLE,0
SEAT008910,ST001_S05,20,10,AVAILABLE,0
SEAT008911,ST001_S05,20,11,AVAILABLE,0
SEAT008912,ST001_S05,20,12,AVAILABLE,0
SEAT008913,ST001_S05,20,13,AVAILABLE,0
SEAT008914,ST001_S05,20,14,AVAILABLE,0
SEAT008915,ST001_S05,20,15,AVAILABLE,0
SEAT008916,ST001_S05,20,16,AVAILABLE,0
SEAT008917,ST001_S05,20,17,AVAILABLE,0
SEAT008918,ST001_S05,20,18,AVAILABLE,0
SEAT008919,ST001_S05,20,19,AVAILABLE,0
SEAT008920,ST001_S05,20,20,AVAILABLE,0
SEAT008921,ST001_S05,20,21,AVAILABLE,0
SEAT008922,ST001_S05,20,22,AVAILABLE,0
SEAT008923,ST001_S05,20,23,AVAILABLE,0
SEAT008924,ST001_S05,20,24,AVAILABLE,0
SEAT008925,ST001_S05,20,25,AVAILABLE,0
SEAT008926,ST001_S05,20,26,AVAILABLE,0
SEAT008927,ST001_S05,20,27,AVAILABLE,0
SEAT008928,ST001_S05,20,28,AVAILABLE,0
SEAT008929,ST001_S05,20,29,AVAILABLE,0
SEAT008930,ST001_S05,20,30,AVAILABLE,0
SEAT008931,ST001_S05,20,31,AVAILABLE,0
SEAT008932,ST001_S05,20,32,AVAILABLE,0
SEAT008933,ST001_S05,20,33,AVAILABLE,0
SEAT008934,ST001_S05,20,34,AVAILABLE,0
SEAT008935,ST001_S05,20,35,AVAILABLE,0
SEAT008936,ST001_S05,20,36,AVAILABLE,0
SEAT008937,ST001_S05,20,37,AVAILABLE,0
SEAT008938,ST001_S05,20,38,AVAILABLE,0
SEAT008939,ST001_S05,20,39,AVAILABLE,0
SEAT008940,ST001_S05,20,40,AVAILABLE,0
SEAT008941,ST001_S05,20,41,AVAILABLE,0
SEAT008942,ST001_S05,20,42,AVAILABLE,0
SEAT008943,ST001_S05,20,43,AVAILABLE,0
SEAT008944,ST001_S05,20,44,AVAILABLE,0
SEAT008945,ST001_S05,20,45,AVAILABLE,0
SEAT008946,ST001_S05,20,46,AVAILABLE,0
SEAT008947,ST001_S05,20,47,AVAILABLE,0
SEAT008948,ST001_S05,20,48,AVAILABLE,0
SEAT008949,ST001_S05,20,49,AVAILABLE,0
SEAT008950,ST001_S05,20,50,AVAILABLE,0
SEAT008951,ST001_S05,20,51,AVAILABLE,0
SEAT008952,ST001_S05,20,52,AVAILABLE,0
SEAT008953,ST001_S05,20,53,AVAILABLE,0
SEAT008954,ST001_S05,20,54,AVAILABLE,0
SEAT008955,ST001_S05,20,55,AVAILABLE,0
SEAT008956,ST001_S05,20,56,AVAILABLE,0
SEAT008957,ST001_S05,20,57,AVAILABLE,0
SEAT008958,ST001_S05,20,58,AVAILABLE,0
SEAT008959,ST001_S05,20,59,AVAILABLE,0
SEAT008960,ST001_S05,20,60,AVAILABLE,0
SEAT008961,ST001_S05,20,61,AVAILABLE,0
SEAT008962,ST001_S05,20,62,AVAILABLE,0
SEAT008963,ST001_S05,20,63,AVAILABLE,0
SEAT008964,ST001_S05,20,64,AVAILABLE,0
SEAT008965,ST001_S05,20,65,AVAILABLE,0
SEAT008966,ST001_S05,20,66,AVAILABLE,0
SEAT008967,ST001_S05,20,67,AVAILABLE,0
SEAT008968,ST001_S05,20,68,AVAILABLE,0
SEAT008969,ST001_S05,20,69,AVAILABLE,0
SEAT008970,ST001_S05,20,70,AVAILABLE,0
SEAT008971,ST001_S05,20,71,AVAILABLE,0
SEAT008972,ST001_S05,20,72,AVAILABLE,0
SEAT008973,ST001_S05,20,73,AVAILABLE,0
SEAT008974,ST001_S05,20,74,AVAILABLE,0
SEAT008975,ST001_S05,20,75,AVAILABLE,0
SEAT008976,ST001_S05,20,76,AVAILABLE,0
SEAT008977,ST001_S05,20,77,AVAILABLE,0
SEAT008978,ST001_S05,20,78,AVAILABLE,0
SEAT008979,ST001_S05,20,79,AVAILABLE,0
SEAT008980,ST001_S05,20,80,AVAILABLE,0
SEAT008981,ST001_S05,20,81,AVAILABLE,0
SEAT008982,ST001_S05,20,82,AVAILABLE,0
SEAT008983,ST001_S05,20,83,AVAILABLE,0
SEAT008984,ST001_S05,20,84,AVAILABLE,0
SEAT008985,ST001_S05,20,85,AVAILABLE,0
SEAT008986,ST001_S05,20,86,AVAILABLE,0
SEAT008987,ST001_S05,20,87,AVAILABLE,0
SEAT008988,ST001_S05,20,88,AVAILABLE,0
SEAT008989,ST001_S05,20,89,AVAILABLE,0
SEAT008990,ST001_S05,20,90,AVAILABLE,0
SEAT008991,ST001_S05,20,91,AVAILABLE,0
SEAT008992,ST001_S05,20,92,AVAILABLE,0
SEAT008993,ST001_S05,20,93,AVAILABLE,0
SEAT008994,ST001_S05,20,94,AVAILABLE,0
SEAT008995,ST001_S05,20,95,AVAILABLE,0
SEAT008996,ST001_S05,20,96,AVAILABLE,0
SEAT008997,ST001_S05,20,97,AVAILABLE,0
SEAT008998,ST001_S05,20,98,AVAILABLE,0
SEAT008999,ST001_S05,20,99,AVAILABLE,0
SEAT009000,ST001_S05,20,100,AVAILABLE,0
SEAT009001,ST001_S05,21,1,AVAILABLE,0
SEAT009002,ST001_S05,21,2,AVAILABLE,0
SEAT009003,ST001_S05,21,3,AVAILABLE,0
SEAT009004,ST001_S05,21,4,AVAILABLE,0
SEAT009005,ST001_S05,21,5,AVAILABLE,0
SEAT009006,ST001_S05,21,6,AVAILABLE,0
SEAT009007,ST001_S05,21,7,AVAILABLE,0
SEAT009008,ST001_S05,21,8,AVAILABLE,0
SEAT009009,ST001_S05,21,9,AVAILABLE,0
SEAT009010,ST001_S05,21,10,AVAILABLE,0
SEAT009011,ST001_S05,21,11,AVAILABLE,0
SEAT009012,ST001_S05,21,12,AVAILABLE,0
SEAT009013,ST001_S05,21,13,AVAILABLE,0
SEAT009014,ST001_S05,21,14,AVAILABLE,0
SEAT009015,ST001_S05,21,15,AVAILABLE,0
SEAT009016,ST001_S05,21,16,AVAILABLE,0
SEAT009017,ST001_S05,21,17,AVAILABLE,0
SEAT009018,ST001_S05,21,18,AVAILABLE,0
SEAT009019,ST001_S05,21,19,AVAILABLE,0
SEAT009020,ST001_S05,21,20,AVAILABLE,0
SEAT009021,ST001_S05,21,21,AVAILABLE,0
SEAT009022,ST001_S05,21,22,AVAILABLE,0
SEAT009023,ST001_S05,21,23,AVAILABLE,0
SEAT009024,ST001_S05,21,24,AVAILABLE,0
SEAT009025,ST001_S05,21,25,AVAILABLE,0
SEAT009026,ST001_S05,21,26,AVAILABLE,0
SEAT009027,ST001_S05,21,27,AVAILABLE,0
SEAT009028,ST001_S05,21,28,AVAILABLE,0
SEAT009029,ST001_S05,21,29,AVAILABLE,0
SEAT009030,ST001_S05,21,30,AVAILABLE,0
SEAT009031,ST001_S05,21,31,AVAILABLE,0
SEAT009032,ST001_S05,21,32,AVAILABLE,0
SEAT009033,ST001_S05,21,33,AVAILABLE,0
SEAT009034,ST001_S05,21,34,AVAILABLE,0
SEAT009035,ST001_S05,21,35,AVAILABLE,0
SEAT009036,ST001_S05,21,36,AVAILABLE,0
SEAT009037,ST001_S05,21,37,AVAILABLE,0
SEAT009038,ST001_S05,21,38,AVAILABLE,0
SEAT009039,ST001_S05,21,39,AVAILABLE,0
SEAT009040,ST001_S05,21,40,AVAILABLE,0
SEAT009041,ST001_S05,21,41,AVAILABLE,0
SEAT009042,ST001_S05,21,42,AVAILABLE,0
SEAT009043,ST001_S05,21,43,AVAILABLE,0
SEAT009044,ST001_S05,21,44,AVAILABLE,0
SEAT009045,ST001_S05,21,45,AVAILABLE,0
SEAT009046,ST001_S05,21,46,AVAILABLE,0
SEAT009047,ST001_S05,21,47,AVAILABLE,0
SEAT009048,ST001_S05,21,48,AVAILABLE,0
SEAT009049,ST001_S05,21,49,AVAILABLE,0
SEAT009050,ST001_S05,21,50,AVAILABLE,0
SEAT009051,ST001_S05,21,51,AVAILABLE,0
SEAT009052,ST001_S05,21,52,AVAILABLE,0
SEAT009053,ST001_S05,21,53,AVAILABLE,0
SEAT009054,ST001_S05,21,54,AVAILABLE,0
SEAT009055,ST001_S05,21,55,AVAILABLE,0
SEAT009056,ST001_S05,21,56,AVAILABLE,0
SEAT009057,ST001_S05,21,57,AVAILABLE,0
SEAT009058,ST001_S05,21,58,AVAILABLE,0
SEAT009059,ST001_S05,21,59,AVAILABLE,0
SEAT009060,ST001_S05,21,60,AVAILABLE,0
SEAT009061,ST001_S05,21,61,AVAILABLE,0
SEAT009062,ST001_S05,21,62,AVAILABLE,0
SEAT009063,ST001_S05,21,63,AVAILABLE,0
SEAT009064,ST001_S05,21,64,AVAILABLE,0
SEAT009065,ST001_S05,21,65,AVAILABLE,0
SEAT009066,ST001_S05,21,66,AVAILABLE,0
SEAT009067,ST001_S05,21,67,AVAILABLE,0
SEAT009068,ST001_S05,21,68,AVAILABLE,0
SEAT009069,ST001_S05,21,69,AVAILABLE,0
SEAT009070,ST001_S05,21,70,AVAILABLE,0
SEAT009071,ST001_S05,21,71,AVAILABLE,0
SEAT009072,ST001_S05,21,72,AVAILABLE,0
SEAT009073,ST001_S05,21,73,AVAILABLE,0
SEAT009074,ST001_S05,21,74,AVAILABLE,0
SEAT009075,ST001_S05,21,75,AVAILABLE,0
SEAT009076,ST001_S05,21,76,AVAILABLE,0
SEAT009077,ST001_S05,21,77,AVAILABLE,0
SEAT009078,ST001_S05,21,78,AVAILABLE,0
SEAT009079,ST001_S05,21,79,AVAILABLE,0
SEAT009080,ST001_S05,21,80,AVAILABLE,0
SEAT009081,ST001_S05,21,81,AVAILABLE,0
SEAT009082,ST001_S05,21,82,AVAILABLE,0
SEAT009083,ST001_S05,21,83,AVAILABLE,0
SEAT009084,ST001_S05,21,84,AVAILABLE,0
SEAT009085,ST001_S05,21,85,AVAILABLE,0
SEAT009086,ST001_S05,21,86,AVAILABLE,0
SEAT009087,ST001_S05,21,87,AVAILABLE,0
SEAT009088,ST001_S05,21,88,AVAILABLE,0
SEAT009089,ST001_S05,21,89,AVAILABLE,0
SEAT009090,ST001_S05,21,90,AVAILABLE,0
SEAT009091,ST001_S05,21,91,AVAILABLE,0
SEAT009092,ST001_S05,21,92,AVAILABLE,0
SEAT009093,ST001_S05,21,93,AVAILABLE,0
SEAT009094,ST001_S05,21,94,AVAILABLE,0
SEAT009095,ST001_S05,21,95,AVAILABLE,0
SEAT009096,ST001_S05,21,96,AVAILABLE,0
SEAT009097,ST001_S05,21,97,AVAILABLE,0
SEAT009098,ST001_S05,21,98,AVAILABLE,0
SEAT009099,ST001_S05,21,99,AVAILABLE,0
SEAT009100,ST001_S05,21,100,AVAILABLE,0
SEAT009101,ST001_S05,22,1,AVAILABLE,0
SEAT009102,ST001_S05,22,2,AVAILABLE,0
SEAT009103,ST001_S05,22,3,AVAILABLE,0
SEAT009104,ST001_S05,22,4,AVAILABLE,0
SEAT009105,ST001_S05,22,5,AVAILABLE,0
SEAT009106,ST001_S05,22,6,AVAILABLE,0
SEAT009107,ST001_S05,22,7,AVAILABLE,0
SEAT009108,ST001_S05,22,8,AVAILABLE,0
SEAT009109,ST001_S05,22,9,AVAILABLE,0
SEAT009110,ST001_S05,22,10,AVAILABLE,0
SEAT009111,ST001_S05,22,11,AVAILABLE,0
SEAT009112,ST001_S05,22,12,AVAILABLE,0
SEAT009113,ST001_S05,22,13,AVAILABLE,0
SEAT009114,ST001_S05,22,14,AVAILABLE,0
SEAT009115,ST001_S05,22,15,AVAILABLE,0
SEAT009116,ST001_S05,22,16,AVAILABLE,0
SEAT009117,ST001_S05,22,17,AVAILABLE,0
SEAT009118,ST001_S05,22,18,AVAILABLE,0
SEAT009119,ST001_S05,22,19,AVAILABLE,0
SEAT009120,ST001_S05,22,20,AVAILABLE,0
SEAT009121,ST001_S05,22,21,AVAILABLE,0
SEAT009122,ST001_S05,22,22,AVAILABLE,0
SEAT009123,ST001_S05,22,23,AVAILABLE,0
SEAT009124,ST001_S05,22,24,AVAILABLE,0
SEAT009125,ST001_S05,22,25,AVAILABLE,0
SEAT009126,ST001_S05,22,26,AVAILABLE,0
SEAT009127,ST001_S05,22,27,AVAILABLE,0
SEAT009128,ST001_S05,22,28,AVAILABLE,0
SEAT009129,ST001_S05,22,29,AVAILABLE,0
SEAT009130,ST001_S05,22,30,AVAILABLE,0
SEAT009131,ST001_S05,22,31,AVAILABLE,0
SEAT009132,ST001_S05,22,32,AVAILABLE,0
SEAT009133,ST001_S05,22,33,AVAILABLE,0
SEAT009134,ST001_S05,22,34,AVAILABLE,0
SEAT009135,ST001_S05,22,35,AVAILABLE,0
SEAT009136,ST001_S05,22,36,AVAILABLE,0
SEAT009137,ST001_S05,22,37,AVAILABLE,0
SEAT009138,ST001_S05,22,38,AVAILABLE,0
SEAT009139,ST001_S05,22,39,AVAILABLE,0
SEAT009140,ST001_S05,22,40,AVAILABLE,0
SEAT009141,ST001_S05,22,41,AVAILABLE,0
SEAT009142,ST001_S05,22,42,AVAILABLE,0
SEAT009143,ST001_S05,22,43,AVAILABLE,0
SEAT009144,ST001_S05,22,44,AVAILABLE,0
SEAT009145,ST001_S05,22,45,AVAILABLE,0
SEAT009146,ST001_S05,22,46,AVAILABLE,0
SEAT009147,ST001_S05,22,47,AVAILABLE,0
SEAT009148,ST001_S05,22,48,AVAILABLE,0
SEAT009149,ST001_S05,22,49,AVAILABLE,0
SEAT009150,ST001_S05,22,50,AVAILABLE,0
SEAT009151,ST001_S05,22,51,AVAILABLE,0
SEAT009152,ST001_S05,22,52,AVAILABLE,0
SEAT009153,ST001_S05,22,53,AVAILABLE,0
SEAT009154,ST001_S05,22,54,AVAILABLE,0
SEAT009155,ST001_S05,22,55,AVAILABLE,0
SEAT009156,ST001_S05,22,56,AVAILABLE,0
SEAT009157,ST001_S05,22,57,AVAILABLE,0
SEAT009158,ST001_S05,22,58,AVAILABLE,0
SEAT009159,ST001_S05,22,59,AVAILABLE,0
SEAT009160,ST001_S05,22,60,AVAILABLE,0
SEAT009161,ST001_S05,22,61,AVAILABLE,0
SEAT009162,ST001_S05,22,62,AVAILABLE,0
SEAT009163,ST001_S05,22,63,AVAILABLE,0
SEAT009164,ST001_S05,22,64,AVAILABLE,0
SEAT009165,ST001_S05,22,65,AVAILABLE,0
SEAT009166,ST001_S05,22,66,AVAILABLE,0
SEAT009167,ST001_S05,22,67,AVAILABLE,0
SEAT009168,ST001_S05,22,68,AVAILABLE,0
SEAT009169,ST001_S05,22,69,AVAILABLE,0
SEAT009170,ST001_S05,22,70,AVAILABLE,0
SEAT009171,ST001_S05,22,71,AVAILABLE,0
SEAT009172,ST001_S05,22,72,AVAILABLE,0
SEAT009173,ST001_S05,22,73,AVAILABLE,0
SEAT009174,ST001_S05,22,74,AVAILABLE,0
SEAT009175,ST001_S05,22,75,AVAILABLE,0
SEAT009176,ST001_S05,22,76,AVAILABLE,0
SEAT009177,ST001_S05,22,77,AVAILABLE,0
SEAT009178,ST001_S05,22,78,AVAILABLE,0
SEAT009179,ST001_S05,22,79,AVAILABLE,0
SEAT009180,ST001_S05,22,80,AVAILABLE,0
SEAT009181,ST001_S05,22,81,AVAILABLE,0
SEAT009182,ST001_S05,22,82,AVAILABLE,0
SEAT009183,ST001_S05,22,83,AVAILABLE,0
SEAT009184,ST001_S05,22,84,AVAILABLE,0
SEAT009185,ST001_S05,22,85,AVAILABLE,0
SEAT009186,ST001_S05,22,86,AVAILABLE,0
SEAT009187,ST001_S05,22,87,AVAILABLE,0
SEAT009188,ST001_S05,22,88,AVAILABLE,0
SEAT009189,ST001_S05,22,89,AVAILABLE,0
SEAT009190,ST001_S05,22,90,AVAILABLE,0
SEAT009191,ST001_S05,22,91,AVAILABLE,0
SEAT009192,ST001_S05,22,92,AVAILABLE,0
SEAT009193,ST001_S05,22,93,AVAILABLE,0
SEAT009194,ST001_S05,22,94,AVAILABLE,0
SEAT009195,ST001_S05,22,95,AVAILABLE,0
SEAT009196,ST001_S05,22,96,AVAILABLE,0
SEAT009197,ST001_S05,22,97,AVAILABLE,0
SEAT009198,ST001_S05,22,98,AVAILABLE,0
SEAT009199,ST001_S05,22,99,AVAILABLE,0
SEAT009200,ST001_S05,22,100,AVAILABLE,0
SEAT009201,ST001_S05,23,1,AVAILABLE,0
SEAT009202,ST001_S05,23,2,AVAILABLE,0
SEAT009203,ST001_S05,23,3,AVAILABLE,0
SEAT009204,ST001_S05,23,4,AVAILABLE,0
SEAT009205,ST001_S05,23,5,AVAILABLE,0
SEAT009206,ST001_S05,23,6,AVAILABLE,0
SEAT009207,ST001_S05,23,7,AVAILABLE,0
SEAT009208,ST001_S05,23,8,AVAILABLE,0
SEAT009209,ST001_S05,23,9,AVAILABLE,0
SEAT009210,ST001_S05,23,10,AVAILABLE,0
SEAT009211,ST001_S05,23,11,AVAILABLE,0
SEAT009212,ST001_S05,23,12,AVAILABLE,0
SEAT009213,ST001_S05,23,13,AVAILABLE,0
SEAT009214,ST001_S05,23,14,AVAILABLE,0
SEAT009215,ST001_S05,23,15,AVAILABLE,0
SEAT009216,ST001_S05,23,16,AVAILABLE,0
SEAT009217,ST001_S05,23,17,AVAILABLE,0
SEAT009218,ST001_S05,23,18,AVAILABLE,0
SEAT009219,ST001_S05,23,19,AVAILABLE,0
SEAT009220,ST001_S05,23,20,AVAILABLE,0
SEAT009221,ST001_S05,23,21,AVAILABLE,0
SEAT009222,ST001_S05,23,22,AVAILABLE,0
SEAT009223,ST001_S05,23,23,AVAILABLE,0
SEAT009224,ST001_S05,23,24,AVAILABLE,0
SEAT009225,ST001_S05,23,25,AVAILABLE,0
SEAT009226,ST001_S05,23,26,AVAILABLE,0
SEAT009227,ST001_S05,23,27,AVAILABLE,0
SEAT009228,ST001_S05,23,28,AVAILABLE,0
SEAT009229,ST001_S05,23,29,AVAILABLE,0
SEAT009230,ST001_S05,23,30,AVAILABLE,0
SEAT009231,ST001_S05,23,31,AVAILABLE,0
SEAT009232,ST001_S05,23,32,AVAILABLE,0
SEAT009233,ST001_S05,23,33,AVAILABLE,0
SEAT009234,ST001_S05,23,34,AVAILABLE,0
SEAT009235,ST001_S05,23,35,AVAILABLE,0
SEAT009236,ST001_S05,23,36,AVAILABLE,0
SEAT009237,ST001_S05,23,37,AVAILABLE,0
SEAT009238,ST001_S05,23,38,AVAILABLE,0
SEAT009239,ST001_S05,23,39,AVAILABLE,0
SEAT009240,ST001_S05,23,40,AVAILABLE,0
SEAT009241,ST001_S05,23,41,AVAILABLE,0
SEAT009242,ST001_S05,23,42,AVAILABLE,0
SEAT009243,ST001_S05,23,43,AVAILABLE,0
SEAT009244,ST001_S05,23,44,AVAILABLE,0
SEAT009245,ST001_S05,23,45,AVAILABLE,0
SEAT009246,ST001_S05,23,46,AVAILABLE,0
SEAT009247,ST001_S05,23,47,AVAILABLE,0
SEAT009248,ST001_S05,23,48,AVAILABLE,0
SEAT009249,ST001_S05,23,49,AVAILABLE,0
SEAT009250,ST001_S05,23,50,AVAILABLE,0
SEAT009251,ST001_S05,23,51,AVAILABLE,0
SEAT009252,ST001_S05,23,52,AVAILABLE,0
SEAT009253,ST001_S05,23,53,AVAILABLE,0
SEAT009254,ST001_S05,23,54,AVAILABLE,0
SEAT009255,ST001_S05,23,55,AVAILABLE,0
SEAT009256,ST001_S05,23,56,AVAILABLE,0
SEAT009257,ST001_S05,23,57,AVAILABLE,0
SEAT009258,ST001_S05,23,58,AVAILABLE,0
SEAT009259,ST001_S05,23,59,AVAILABLE,0
SEAT009260,ST001_S05,23,60,AVAILABLE,0
SEAT009261,ST001_S05,23,61,AVAILABLE,0
SEAT009262,ST001_S05,23,62,AVAILABLE,0
SEAT009263,ST001_S05,23,63,AVAILABLE,0
SEAT009264,ST001_S05,23,64,AVAILABLE,0
SEAT009265,ST001_S05,23,65,AVAILABLE,0
SEAT009266,ST001_S05,23,66,AVAILABLE,0
SEAT009267,ST001_S05,23,67,AVAILABLE,0
SEAT009268,ST001_S05,23,68,AVAILABLE,0
SEAT009269,ST001_S05,23,69,AVAILABLE,0
SEAT009270,ST001_S05,23,70,AVAILABLE,0
SEAT009271,ST001_S05,23,71,AVAILABLE,0
SEAT009272,ST001_S05,23,72,AVAILABLE,0
SEAT009273,ST001_S05,23,73,AVAILABLE,0
SEAT009274,ST001_S05,23,74,AVAILABLE,0
SEAT009275,ST001_S05,23,75,AVAILABLE,0
SEAT009276,ST001_S05,23,76,AVAILABLE,0
SEAT009277,ST001_S05,23,77,AVAILABLE,0
SEAT009278,ST001_S05,23,78,AVAILABLE,0
SEAT009279,ST001_S05,23,79,AVAILABLE,0
SEAT009280,ST001_S05,23,80,AVAILABLE,0
SEAT009281,ST001_S05,23,81,AVAILABLE,0
SEAT009282,ST001_S05,23,82,AVAILABLE,0
SEAT009283,ST001_S05,23,83,AVAILABLE,0
SEAT009284,ST001_S05,23,84,AVAILABLE,0
SEAT009285,ST001_S05,23,85,AVAILABLE,0
SEAT009286,ST001_S05,23,86,AVAILABLE,0
SEAT009287,ST001_S05,23,87,AVAILABLE,0
SEAT009288,ST001_S05,23,88,AVAILABLE,0
SEAT009289,ST001_S05,23,89,AVAILABLE,0
SEAT009290,ST001_S05,23,90,AVAILABLE,0
SEAT009291,ST001_S05,23,91,AVAILABLE,0
SEAT009292,ST001_S05,23,92,AVAILABLE,0
SEAT009293,ST001_S05,23,93,AVAILABLE,0
SEAT009294,ST001_S05,23,94,AVAILABLE,0
SEAT009295,ST001_S05,23,95,AVAILABLE,0
SEAT009296,ST001_S05,23,96,AVAILABLE,0
SEAT009297,ST001_S05,23,97,AVAILABLE,0
SEAT009298,ST001_S05,23,98,AVAILABLE,0
SEAT009299,ST001_S05,23,99,AVAILABLE,0
SEAT009300,ST001_S05,23,100,AVAILABLE,0
SEAT009301,ST001_S05,24,1,AVAILABLE,0
SEAT009302,ST001_S05,24,2,AVAILABLE,0
SEAT009303,ST001_S05,24,3,AVAILABLE,0
SEAT009304,ST001_S05,24,4,AVAILABLE,0
SEAT009305,ST001_S05,24,5,AVAILABLE,0
SEAT009306,ST001_S05,24,6,AVAILABLE,0
SEAT009307,ST001_S05,24,7,AVAILABLE,0
SEAT009308,ST001_S05,24,8,AVAILABLE,0
SEAT009309,ST001_S05,24,9,AVAILABLE,0
SEAT009310,ST001_S05,24,10,AVAILABLE,0
SEAT009311,ST001_S05,24,11,AVAILABLE,0
SEAT009312,ST001_S05,24,12,AVAILABLE,0
SEAT009313,ST001_S05,24,13,AVAILABLE,0
SEAT009314,ST001_S05,24,14,AVAILABLE,0
SEAT009315,ST001_S05,24,15,AVAILABLE,0
SEAT009316,ST001_S05,24,16,AVAILABLE,0
SEAT009317,ST001_S05,24,17,AVAILABLE,0
SEAT009318,ST001_S05,24,18,AVAILABLE,0
SEAT009319,ST001_S05,24,19,AVAILABLE,0
SEAT009320,ST001_S05,24,20,AVAILABLE,0
SEAT009321,ST001_S05,24,21,AVAILABLE,0
SEAT009322,ST001_S05,24,22,AVAILABLE,0
SEAT009323,ST001_S05,24,23,AVAILABLE,0
SEAT009324,ST001_S05,24,24,AVAILABLE,0
SEAT009325,ST001_S05,24,25,AVAILABLE,0
SEAT009326,ST001_S05,24,26,AVAILABLE,0
SEAT009327,ST001_S05,24,27,AVAILABLE,0
SEAT009328,ST001_S05,24,28,AVAILABLE,0
SEAT009329,ST001_S05,24,29,AVAILABLE,0
SEAT009330,ST001_S05,24,30,AVAILABLE,0
SEAT009331,ST001_S05,24,31,AVAILABLE,0
SEAT009332,ST001_S05,24,32,AVAILABLE,0
SEAT009333,ST001_S05,24,33,AVAILABLE,0
SEAT009334,ST001_S05,24,34,AVAILABLE,0
SEAT009335,ST001_S05,24,35,AVAILABLE,0
SEAT009336,ST001_S05,24,36,AVAILABLE,0
SEAT009337,ST001_S05,24,37,AVAILABLE,0
SEAT009338,ST001_S05,24,38,AVAILABLE,0
SEAT009339,ST001_S05,24,39,AVAILABLE,0
SEAT009340,ST001_S05,24,40,AVAILABLE,0
SEAT009341,ST001_S05,24,41,AVAILABLE,0
SEAT009342,ST001_S05,24,42,AVAILABLE,0
SEAT009343,ST001_S05,24,43,AVAILABLE,0
SEAT009344,ST001_S05,24,44,AVAILABLE,0
SEAT009345,ST001_S05,24,45,AVAILABLE,0
SEAT009346,ST001_S05,24,46,AVAILABLE,0
SEAT009347,ST001_S05,24,47,AVAILABLE,0
SEAT009348,ST001_S05,24,48,AVAILABLE,0
SEAT009349,ST001_S05,24,49,AVAILABLE,0
SEAT009350,ST001_S05,24,50,AVAILABLE,0
SEAT009351,ST001_S05,24,51,AVAILABLE,0
SEAT009352,ST001_S05,24,52,AVAILABLE,0
SEAT009353,ST001_S05,24,53,AVAILABLE,0
SEAT009354,ST001_S05,24,54,AVAILABLE,0
SEAT009355,ST001_S05,24,55,AVAILABLE,0
SEAT009356,ST001_S05,24,56,AVAILABLE,0
SEAT009357,ST001_S05,24,57,AVAILABLE,0
SEAT009358,ST001_S05,24,58,AVAILABLE,0
SEAT009359,ST001_S05,24,59,AVAILABLE,0
SEAT009360,ST001_S05,24,60,AVAILABLE,0
SEAT009361,ST001_S05,24,61,AVAILABLE,0
SEAT009362,ST001_S05,24,62,AVAILABLE,0
SEAT009363,ST001_S05,24,63,AVAILABLE,0
SEAT009364,ST001_S05,24,64,AVAILABLE,0
SEAT009365,ST001_S05,24,65,AVAILABLE,0
SEAT009366,ST001_S05,24,66,AVAILABLE,0
SEAT009367,ST001_S05,24,67,AVAILABLE,0
SEAT009368,ST001_S05,24,68,AVAILABLE,0
SEAT009369,ST001_S05,24,69,AVAILABLE,0
SEAT009370,ST001_S05,24,70,AVAILABLE,0
SEAT009371,ST001_S05,24,71,AVAILABLE,0
SEAT009372,ST001_S05,24,72,AVAILABLE,0
SEAT009373,ST001_S05,24,73,AVAILABLE,0
SEAT009374,ST001_S05,24,74,AVAILABLE,0
SEAT009375,ST001_S05,24,75,AVAILABLE,0
SEAT009376,ST001_S05,24,76,AVAILABLE,0
SEAT009377,ST001_S05,24,77,AVAILABLE,0
SEAT009378,ST001_S05,24,78,AVAILABLE,0
SEAT009379,ST001_S05,24,79,AVAILABLE,0
SEAT009380,ST001_S05,24,80,AVAILABLE,0
SEAT009381,ST001_S05,24,81,AVAILABLE,0
SEAT009382,ST001_S05,24,82,AVAILABLE,0
SEAT009383,ST001_S05,24,83,AVAILABLE,0
SEAT009384,ST001_S05,24,84,AVAILABLE,0
SEAT009385,ST001_S05,24,85,AVAILABLE,0
SEAT009386,ST001_S05,24,86,AVAILABLE,0
SEAT009387,ST001_S05,24,87,AVAILABLE,0
SEAT009388,ST001_S05,24,88,AVAILABLE,0
SEAT009389,ST001_S05,24,89,AVAILABLE,0
SEAT009390,ST001_S05,24,90,AVAILABLE,0
SEAT009391,ST001_S05,24,91,AVAILABLE,0
SEAT009392,ST001_S05,24,92,AVAILABLE,0
SEAT009393,ST001_S05,24,93,AVAILABLE,0
SEAT009394,ST001_S05,24,94,AVAILABLE,0
SEAT009395,ST001_S05,24,95,AVAILABLE,0
SEAT009396,ST001_S05,24,96,AVAILABLE,0
SEAT009397,ST001_S05,24,97,AVAILABLE,0
SEAT009398,ST001_S05,24,98,AVAILABLE,0
SEAT009399,ST001_S05,24,99,AVAILABLE,0
SEAT009400,ST001_S05,24,100,AVAILABLE,0
SEAT009401,ST001_S05,25,1,AVAILABLE,0
SEAT009402,ST001_S05,25,2,AVAILABLE,0
SEAT009403,ST001_S05,25,3,AVAILABLE,0
SEAT009404,ST001_S05,25,4,AVAILABLE,0
SEAT009405,ST001_S05,25,5,AVAILABLE,0
SEAT009406,ST001_S05,25,6,AVAILABLE,0
SEAT009407,ST001_S05,25,7,AVAILABLE,0
SEAT009408,ST001_S05,25,8,AVAILABLE,0
SEAT009409,ST001_S05,25,9,AVAILABLE,0
SEAT009410,ST001_S05,25,10,AVAILABLE,0
SEAT009411,ST001_S05,25,11,AVAILABLE,0
SEAT009412,ST001_S05,25,12,AVAILABLE,0
SEAT009413,ST001_S05,25,13,AVAILABLE,0
SEAT009414,ST001_S05,25,14,AVAILABLE,0
SEAT009415,ST001_S05,25,15,AVAILABLE,0
SEAT009416,ST001_S05,25,16,AVAILABLE,0
SEAT009417,ST001_S05,25,17,AVAILABLE,0
SEAT009418,ST001_S05,25,18,AVAILABLE,0
SEAT009419,ST001_S05,25,19,AVAILABLE,0
SEAT009420,ST001_S05,25,20,AVAILABLE,0
SEAT009421,ST001_S05,25,21,AVAILABLE,0
SEAT009422,ST001_S05,25,22,AVAILABLE,0
SEAT009423,ST001_S05,25,23,AVAILABLE,0
SEAT009424,ST001_S05,25,24,AVAILABLE,0
SEAT009425,ST001_S05,25,25,AVAILABLE,0
SEAT009426,ST001_S05,25,26,AVAILABLE,0
SEAT009427,ST001_S05,25,27,AVAILABLE,0
SEAT009428,ST001_S05,25,28,AVAILABLE,0
SEAT009429,ST001_S05,25,29,AVAILABLE,0
SEAT009430,ST001_S05,25,30,AVAILABLE,0
SEAT009431,ST001_S05,25,31,AVAILABLE,0
SEAT009432,ST001_S05,25,32,AVAILABLE,0
SEAT009433,ST001_S05,25,33,AVAILABLE,0
SEAT009434,ST001_S05,25,34,AVAILABLE,0
SEAT009435,ST001_S05,25,35,AVAILABLE,0
SEAT009436,ST001_S05,25,36,AVAILABLE,0
SEAT009437,ST001_S05,25,37,AVAILABLE,0
SEAT009438,ST001_S05,25,38,AVAILABLE,0
SEAT009439,ST001_S05,25,39,AVAILABLE,0
SEAT009440,ST001_S05,25,40,AVAILABLE,0
SEAT009441,ST001_S05,25,41,AVAILABLE,0
SEAT009442,ST001_S05,25,42,AVAILABLE,0
SEAT009443,ST001_S05,25,43,AVAILABLE,0
SEAT009444,ST001_S05,25,44,AVAILABLE,0
SEAT009445,ST001_S05,25,45,AVAILABLE,0
SEAT009446,ST001_S05,25,46,AVAILABLE,0
SEAT009447,ST001_S05,25,47,AVAILABLE,0
SEAT009448,ST001_S05,25,48,AVAILABLE,0
SEAT009449,ST001_S05,25,49,AVAILABLE,0
SEAT009450,ST001_S05,25,50,AVAILABLE,0
SEAT009451,ST001_S05,25,51,AVAILABLE,0
SEAT009452,ST001_S05,25,52,AVAILABLE,0
SEAT009453,ST001_S05,25,53,AVAILABLE,0
SEAT009454,ST001_S05,25,54,AVAILABLE,0
SEAT009455,ST001_S05,25,55,AVAILABLE,0
SEAT009456,ST001_S05,25,56,AVAILABLE,0
SEAT009457,ST001_S05,25,57,AVAILABLE,0
SEAT009458,ST001_S05,25,58,AVAILABLE,0
SEAT009459,ST001_S05,25,59,AVAILABLE,0
SEAT009460,ST001_S05,25,60,AVAILABLE,0
SEAT009461,ST001_S05,25,61,AVAILABLE,0
SEAT009462,ST001_S05,25,62,AVAILABLE,0
SEAT009463,ST001_S05,25,63,AVAILABLE,0
SEAT009464,ST001_S05,25,64,AVAILABLE,0
SEAT009465,ST001_S05,25,65,AVAILABLE,0
SEAT009466,ST001_S05,25,66,AVAILABLE,0
SEAT009467,ST001_S05,25,67,AVAILABLE,0
SEAT009468,ST001_S05,25,68,AVAILABLE,0
SEAT009469,ST001_S05,25,69,AVAILABLE,0
SEAT009470,ST001_S05,25,70,AVAILABLE,0
SEAT009471,ST001_S05,25,71,AVAILABLE,0
SEAT009472,ST001_S05,25,72,AVAILABLE,0
SEAT009473,ST001_S05,25,73,AVAILABLE,0
SEAT009474,ST001_S05,25,74,AVAILABLE,0
SEAT009475,ST001_S05,25,75,AVAILABLE,0
SEAT009476,ST001_S05,25,76,AVAILABLE,0
SEAT009477,ST001_S05,25,77,AVAILABLE,0
SEAT009478,ST001_S05,25,78,AVAILABLE,0
SEAT009479,ST001_S05,25,79,AVAILABLE,0
SEAT009480,ST001_S05,25,80,AVAILABLE,0
SEAT009481,ST001_S05,25,81,AVAILABLE,0
SEAT009482,ST001_S05,25,82,AVAILABLE,0
SEAT009483,ST001_S05,25,83,AVAILABLE,0
SEAT009484,ST001_S05,25,84,AVAILABLE,0
SEAT009485,ST001_S05,25,85,AVAILABLE,0
SEAT009486,ST001_S05,25,86,AVAILABLE,0
SEAT009487,ST001_S05,25,87,AVAILABLE,0
SEAT009488,ST001_S05,25,88,AVAILABLE,0
SEAT009489,ST001_S05,25,89,AVAILABLE,0
SEAT009490,ST001_S05,25,90,AVAILABLE,0
SEAT009491,ST001_S05,25,91,AVAILABLE,0
SEAT009492,ST001_S05,25,92,AVAILABLE,0
SEAT009493,ST001_S05,25,93,AVAILABLE,0
SEAT009494,ST001_S05,25,94,AVAILABLE,0
SEAT009495,ST001_S05,25,95,AVAILABLE,0
SEAT009496,ST001_S05,25,96,AVAILABLE,0
SEAT009497,ST001_S05,25,97,AVAILABLE,0
SEAT009498,ST001_S05,25,98,AVAILABLE,0
SEAT009499,ST001_S05,25,99,AVAILABLE,0
SEAT009500,ST001_S05,25,100,AVAILABLE,0
SEAT009501,ST001_S05,26,1,AVAILABLE,0
SEAT009502,ST001_S05,26,2,AVAILABLE,0
SEAT009503,ST001_S05,26,3,AVAILABLE,0
SEAT009504,ST001_S05,26,4,AVAILABLE,0
SEAT009505,ST001_S05,26,5,AVAILABLE,0
SEAT009506,ST001_S05,26,6,AVAILABLE,0
SEAT009507,ST001_S05,26,7,AVAILABLE,0
SEAT009508,ST001_S05,26,8,AVAILABLE,0
SEAT009509,ST001_S05,26,9,AVAILABLE,0
SEAT009510,ST001_S05,26,10,AVAILABLE,0
SEAT009511,ST001_S05,26,11,AVAILABLE,0
SEAT009512,ST001_S05,26,12,AVAILABLE,0
SEAT009513,ST001_S05,26,13,AVAILABLE,0
SEAT009514,ST001_S05,26,14,AVAILABLE,0
SEAT009515,ST001_S05,26,15,AVAILABLE,0
SEAT009516,ST001_S05,26,16,AVAILABLE,0
SEAT009517,ST001_S05,26,17,AVAILABLE,0
SEAT009518,ST001_S05,26,18,AVAILABLE,0
SEAT009519,ST001_S05,26,19,AVAILABLE,0
SEAT009520,ST001_S05,26,20,AVAILABLE,0
SEAT009521,ST001_S05,26,21,AVAILABLE,0
SEAT009522,ST001_S05,26,22,AVAILABLE,0
SEAT009523,ST001_S05,26,23,AVAILABLE,0
SEAT009524,ST001_S05,26,24,AVAILABLE,0
SEAT009525,ST001_S05,26,25,AVAILABLE,0
SEAT009526,ST001_S05,26,26,AVAILABLE,0
SEAT009527,ST001_S05,26,27,AVAILABLE,0
SEAT009528,ST001_S05,26,28,AVAILABLE,0
SEAT009529,ST001_S05,26,29,AVAILABLE,0
SEAT009530,ST001_S05,26,30,AVAILABLE,0
SEAT009531,ST001_S05,26,31,AVAILABLE,0
SEAT009532,ST001_S05,26,32,AVAILABLE,0
SEAT009533,ST001_S05,26,33,AVAILABLE,0
SEAT009534,ST001_S05,26,34,AVAILABLE,0
SEAT009535,ST001_S05,26,35,AVAILABLE,0
SEAT009536,ST001_S05,26,36,AVAILABLE,0
SEAT009537,ST001_S05,26,37,AVAILABLE,0
SEAT009538,ST001_S05,26,38,AVAILABLE,0
SEAT009539,ST001_S05,26,39,AVAILABLE,0
SEAT009540,ST001_S05,26,40,AVAILABLE,0
SEAT009541,ST001_S05,26,41,AVAILABLE,0
SEAT009542,ST001_S05,26,42,AVAILABLE,0
SEAT009543,ST001_S05,26,43,AVAILABLE,0
SEAT009544,ST001_S05,26,44,AVAILABLE,0
SEAT009545,ST001_S05,26,45,AVAILABLE,0
SEAT009546,ST001_S05,26,46,AVAILABLE,0
SEAT009547,ST001_S05,26,47,AVAILABLE,0
SEAT009548,ST001_S05,26,48,AVAILABLE,0
SEAT009549,ST001_S05,26,49,AVAILABLE,0
SEAT009550,ST001_S05,26,50,AVAILABLE,0
SEAT009551,ST001_S05,26,51,AVAILABLE,0
SEAT009552,ST001_S05,26,52,AVAILABLE,0
SEAT009553,ST001_S05,26,53,AVAILABLE,0
SEAT009554,ST001_S05,26,54,AVAILABLE,0
SEAT009555,ST001_S05,26,55,AVAILABLE,0
SEAT009556,ST001_S05,26,56,AVAILABLE,0
SEAT009557,ST001_S05,26,57,AVAILABLE,0
SEAT009558,ST001_S05,26,58,AVAILABLE,0
SEAT009559,ST001_S05,26,59,AVAILABLE,0
SEAT009560,ST001_S05,26,60,AVAILABLE,0
SEAT009561,ST001_S05,26,61,AVAILABLE,0
SEAT009562,ST001_S05,26,62,AVAILABLE,0
SEAT009563,ST001_S05,26,63,AVAILABLE,0
SEAT009564,ST001_S05,26,64,AVAILABLE,0
SEAT009565,ST001_S05,26,65,AVAILABLE,0
SEAT009566,ST001_S05,26,66,AVAILABLE,0
SEAT009567,ST001_S05,26,67,AVAILABLE,0
SEAT009568,ST001_S05,26,68,AVAILABLE,0
SEAT009569,ST001_S05,26,69,AVAILABLE,0
SEAT009570,ST001_S05,26,70,AVAILABLE,0
SEAT009571,ST001_S05,26,71,AVAILABLE,0
SEAT009572,ST001_S05,26,72,AVAILABLE,0
SEAT009573,ST001_S05,26,73,AVAILABLE,0
SEAT009574,ST001_S05,26,74,AVAILABLE,0
SEAT009575,ST001_S05,26,75,AVAILABLE,0
SEAT009576,ST001_S05,26,76,AVAILABLE,0
SEAT009577,ST001_S05,26,77,AVAILABLE,0
SEAT009578,ST001_S05,26,78,AVAILABLE,0
SEAT009579,ST001_S05,26,79,AVAILABLE,0
SEAT009580,ST001_S05,26,80,AVAILABLE,0
SEAT009581,ST001_S05,26,81,AVAILABLE,0
SEAT009582,ST001_S05,26,82,AVAILABLE,0
SEAT009583,ST001_S05,26,83,AVAILABLE,0
SEAT009584,ST001_S05,26,84,AVAILABLE,0
SEAT009585,ST001_S05,26,85,AVAILABLE,0
SEAT009586,ST001_S05,26,86,AVAILABLE,0
SEAT009587,ST001_S05,26,87,AVAILABLE,0
SEAT009588,ST001_S05,26,88,AVAILABLE,0
SEAT009589,ST001_S05,26,89,AVAILABLE,0
SEAT009590,ST001_S05,26,90,AVAILABLE,0
SEAT009591,ST001_S05,26,91,AVAILABLE,0
SEAT009592,ST001_S05,26,92,AVAILABLE,0
SEAT009593,ST001_S05,26,93,AVAILABLE,0
SEAT009594,ST001_S05,26,94,AVAILABLE,0
SEAT009595,ST001_S05,26,95,AVAILABLE,0
SEAT009596,ST001_S05,26,96,AVAILABLE,0
SEAT009597,ST001_S05,26,97,AVAILABLE,0
SEAT009598,ST001_S05,26,98,AVAILABLE,0
SEAT009599,ST001_S05,26,99,AVAILABLE,0
SEAT009600,ST001_S05,26,100,AVAILABLE,0
SEAT009601,ST001_S05,27,1,AVAILABLE,0
SEAT009602,ST001_S05,27,2,AVAILABLE,0
SEAT009603,ST001_S05,27,3,AVAILABLE,0
SEAT009604,ST001_S05,27,4,AVAILABLE,0
SEAT009605,ST001_S05,27,5,AVAILABLE,0
SEAT009606,ST001_S05,27,6,AVAILABLE,0
SEAT009607,ST001_S05,27,7,AVAILABLE,0
SEAT009608,ST001_S05,27,8,AVAILABLE,0
SEAT009609,ST001_S05,27,9,AVAILABLE,0
SEAT009610,ST001_S05,27,10,AVAILABLE,0
SEAT009611,ST001_S05,27,11,AVAILABLE,0
SEAT009612,ST001_S05,27,12,AVAILABLE,0
SEAT009613,ST001_S05,27,13,AVAILABLE,0
SEAT009614,ST001_S05,27,14,AVAILABLE,0
SEAT009615,ST001_S05,27,15,AVAILABLE,0
SEAT009616,ST001_S05,27,16,AVAILABLE,0
SEAT009617,ST001_S05,27,17,AVAILABLE,0
SEAT009618,ST001_S05,27,18,AVAILABLE,0
SEAT009619,ST001_S05,27,19,AVAILABLE,0
SEAT009620,ST001_S05,27,20,AVAILABLE,0
SEAT009621,ST001_S05,27,21,AVAILABLE,0
SEAT009622,ST001_S05,27,22,AVAILABLE,0
SEAT009623,ST001_S05,27,23,AVAILABLE,0
SEAT009624,ST001_S05,27,24,AVAILABLE,0
SEAT009625,ST001_S05,27,25,AVAILABLE,0
SEAT009626,ST001_S05,27,26,AVAILABLE,0
SEAT009627,ST001_S05,27,27,AVAILABLE,0
SEAT009628,ST001_S05,27,28,AVAILABLE,0
SEAT009629,ST001_S05,27,29,AVAILABLE,0
SEAT009630,ST001_S05,27,30,AVAILABLE,0
SEAT009631,ST001_S05,27,31,AVAILABLE,0
SEAT009632,ST001_S05,27,32,AVAILABLE,0
SEAT009633,ST001_S05,27,33,AVAILABLE,0
SEAT009634,ST001_S05,27,34,AVAILABLE,0
SEAT009635,ST001_S05,27,35,AVAILABLE,0
SEAT009636,ST001_S05,27,36,AVAILABLE,0
SEAT009637,ST001_S05,27,37,AVAILABLE,0
SEAT009638,ST001_S05,27,38,AVAILABLE,0
SEAT009639,ST001_S05,27,39,AVAILABLE,0
SEAT009640,ST001_S05,27,40,AVAILABLE,0
SEAT009641,ST001_S05,27,41,AVAILABLE,0
SEAT009642,ST001_S05,27,42,AVAILABLE,0
SEAT009643,ST001_S05,27,43,AVAILABLE,0
SEAT009644,ST001_S05,27,44,AVAILABLE,0
SEAT009645,ST001_S05,27,45,AVAILABLE,0
SEAT009646,ST001_S05,27,46,AVAILABLE,0
SEAT009647,ST001_S05,27,47,AVAILABLE,0
SEAT009648,ST001_S05,27,48,AVAILABLE,0
SEAT009649,ST001_S05,27,49,AVAILABLE,0
SEAT009650,ST001_S05,27,50,AVAILABLE,0
SEAT009651,ST001_S05,27,51,AVAILABLE,0
SEAT009652,ST001_S05,27,52,AVAILABLE,0
SEAT009653,ST001_S05,27,53,AVAILABLE,0
SEAT009654,ST001_S05,27,54,AVAILABLE,0
SEAT009655,ST001_S05,27,55,AVAILABLE,0
SEAT009656,ST001_S05,27,56,AVAILABLE,0
SEAT009657,ST001_S05,27,57,AVAILABLE,0
SEAT009658,ST001_S05,27,58,AVAILABLE,0
SEAT009659,ST001_S05,27,59,AVAILABLE,0
SEAT009660,ST001_S05,27,60,AVAILABLE,0
SEAT009661,ST001_S05,27,61,AVAILABLE,0
SEAT009662,ST001_S05,27,62,AVAILABLE,0
SEAT009663,ST001_S05,27,63,AVAILABLE,0
SEAT009664,ST001_S05,27,64,AVAILABLE,0
SEAT009665,ST001_S05,27,65,AVAILABLE,0
SEAT009666,ST001_S05,27,66,AVAILABLE,0
SEAT009667,ST001_S05,27,67,AVAILABLE,0
SEAT009668,ST001_S05,27,68,AVAILABLE,0
SEAT009669,ST001_S05,27,69,AVAILABLE,0
SEAT009670,ST001_S05,27,70,AVAILABLE,0
SEAT009671,ST001_S05,27,71,AVAILABLE,0
SEAT009672,ST001_S05,27,72,AVAILABLE,0
SEAT009673,ST001_S05,27,73,AVAILABLE,0
SEAT009674,ST001_S05,27,74,AVAILABLE,0
SEAT009675,ST001_S05,27,75,AVAILABLE,0
SEAT009676,ST001_S05,27,76,AVAILABLE,0
SEAT009677,ST001_S05,27,77,AVAILABLE,0
SEAT009678,ST001_S05,27,78,AVAILABLE,0
SEAT009679,ST001_S05,27,79,AVAILABLE,0
SEAT009680,ST001_S05,27,80,AVAILABLE,0
SEAT009681,ST001_S05,27,81,AVAILABLE,0
SEAT009682,ST001_S05,27,82,AVAILABLE,0
SEAT009683,ST001_S05,27,83,AVAILABLE,0
SEAT009684,ST001_S05,27,84,AVAILABLE,0
SEAT009685,ST001_S05,27,85,AVAILABLE,0
SEAT009686,ST001_S05,27,86,AVAILABLE,0
SEAT009687,ST001_S05,27,87,AVAILABLE,0
SEAT009688,ST001_S05,27,88,AVAILABLE,0
SEAT009689,ST001_S05,27,89,AVAILABLE,0
SEAT009690,ST001_S05,27,90,AVAILABLE,0
SEAT009691,ST001_S05,27,91,AVAILABLE,0
SEAT009692,ST001_S05,27,92,AVAILABLE,0
SEAT009693,ST001_S05,27,93,AVAILABLE,0
SEAT009694,ST001_S05,27,94,AVAILABLE,0
SEAT009695,ST001_S05,27,95,AVAILABLE,0
SEAT009696,ST001_S05,27,96,AVAILABLE,0
SEAT009697,ST001_S05,27,97,AVAILABLE,0
SEAT009698,ST001_S05,27,98,AVAILABLE,0
SEAT009699,ST001_S05,27,99,AVAILABLE,0
SEAT009700,ST001_S05,27,100,AVAILABLE,0
SEAT009701,ST001_S05,28,1,AVAILABLE,0
SEAT009702,ST001_S05,28,2,AVAILABLE,0
SEAT009703,ST001_S05,28,3,AVAILABLE,0
SEAT009704,ST001_S05,28,4,AVAILABLE,0
SEAT009705,ST001_S05,28,5,AVAILABLE,0
SEAT009706,ST001_S05,28,6,AVAILABLE,0
SEAT009707,ST001_S05,28,7,AVAILABLE,0
SEAT009708,ST001_S05,28,8,AVAILABLE,0
SEAT009709,ST001_S05,28,9,AVAILABLE,0
SEAT009710,ST001_S05,28,10,AVAILABLE,0
SEAT009711,ST001_S05,28,11,AVAILABLE,0
SEAT009712,ST001_S05,28,12,AVAILABLE,0
SEAT009713,ST001_S05,28,13,AVAILABLE,0
SEAT009714,ST001_S05,28,14,AVAILABLE,0
SEAT009715,ST001_S05,28,15,AVAILABLE,0
SEAT009716,ST001_S05,28,16,AVAILABLE,0
SEAT009717,ST001_S05,28,17,AVAILABLE,0
SEAT009718,ST001_S05,28,18,AVAILABLE,0
SEAT009719,ST001_S05,28,19,AVAILABLE,0
SEAT009720,ST001_S05,28,20,AVAILABLE,0
SEAT009721,ST001_S05,28,21,AVAILABLE,0
SEAT009722,ST001_S05,28,22,AVAILABLE,0
SEAT009723,ST001_S05,28,23,AVAILABLE,0
SEAT009724,ST001_S05,28,24,AVAILABLE,0
SEAT009725,ST001_S05,28,25,AVAILABLE,0
SEAT009726,ST001_S05,28,26,AVAILABLE,0
SEAT009727,ST001_S05,28,27,AVAILABLE,0
SEAT009728,ST001_S05,28,28,AVAILABLE,0
SEAT009729,ST001_S05,28,29,AVAILABLE,0
SEAT009730,ST001_S05,28,30,AVAILABLE,0
SEAT009731,ST001_S05,28,31,AVAILABLE,0
SEAT009732,ST001_S05,28,32,AVAILABLE,0
SEAT009733,ST001_S05,28,33,AVAILABLE,0
SEAT009734,ST001_S05,28,34,AVAILABLE,0
SEAT009735,ST001_S05,28,35,AVAILABLE,0
SEAT009736,ST001_S05,28,36,AVAILABLE,0
SEAT009737,ST001_S05,28,37,AVAILABLE,0
SEAT009738,ST001_S05,28,38,AVAILABLE,0
SEAT009739,ST001_S05,28,39,AVAILABLE,0
SEAT009740,ST001_S05,28,40,AVAILABLE,0
SEAT009741,ST001_S05,28,41,AVAILABLE,0
SEAT009742,ST001_S05,28,42,AVAILABLE,0
SEAT009743,ST001_S05,28,43,AVAILABLE,0
SEAT009744,ST001_S05,28,44,AVAILABLE,0
SEAT009745,ST001_S05,28,45,AVAILABLE,0
SEAT009746,ST001_S05,28,46,AVAILABLE,0
SEAT009747,ST001_S05,28,47,AVAILABLE,0
SEAT009748,ST001_S05,28,48,AVAILABLE,0
SEAT009749,ST001_S05,28,49,AVAILABLE,0
SEAT009750,ST001_S05,28,50,AVAILABLE,0
SEAT009751,ST001_S05,28,51,AVAILABLE,0
SEAT009752,ST001_S05,28,52,AVAILABLE,0
SEAT009753,ST001_S05,28,53,AVAILABLE,0
SEAT009754,ST001_S05,28,54,AVAILABLE,0
SEAT009755,ST001_S05,28,55,AVAILABLE,0
SEAT009756,ST001_S05,28,56,AVAILABLE,0
SEAT009757,ST001_S05,28,57,AVAILABLE,0
SEAT009758,ST001_S05,28,58,AVAILABLE,0
SEAT009759,ST001_S05,28,59,AVAILABLE,0
SEAT009760,ST001_S05,28,60,AVAILABLE,0
SEAT009761,ST001_S05,28,61,AVAILABLE,0
SEAT009762,ST001_S05,28,62,AVAILABLE,0
SEAT009763,ST001_S05,28,63,AVAILABLE,0
SEAT009764,ST001_S05,28,64,AVAILABLE,0
SEAT009765,ST001_S05,28,65,AVAILABLE,0
SEAT009766,ST001_S05,28,66,AVAILABLE,0
SEAT009767,ST001_S05,28,67,AVAILABLE,0
SEAT009768,ST001_S05,28,68,AVAILABLE,0
SEAT009769,ST001_S05,28,69,AVAILABLE,0
SEAT009770,ST001_S05,28,70,AVAILABLE,0
SEAT009771,ST001_S05,28,71,AVAILABLE,0
SEAT009772,ST001_S05,28,72,AVAILABLE,0
SEAT009773,ST001_S05,28,73,AVAILABLE,0
SEAT009774,ST001_S05,28,74,AVAILABLE,0
SEAT009775,ST001_S05,28,75,AVAILABLE,0
SEAT009776,ST001_S05,28,76,AVAILABLE,0
SEAT009777,ST001_S05,28,77,AVAILABLE,0
SEAT009778,ST001_S05,28,78,AVAILABLE,0
SEAT009779,ST001_S05,28,79,AVAILABLE,0
SEAT009780,ST001_S05,28,80,AVAILABLE,0
SEAT009781,ST001_S05,28,81,AVAILABLE,0
SEAT009782,ST001_S05,28,82,AVAILABLE,0
SEAT009783,ST001_S05,28,83,AVAILABLE,0
SEAT009784,ST001_S05,28,84,AVAILABLE,0
SEAT009785,ST001_S05,28,85,AVAILABLE,0
SEAT009786,ST001_S05,28,86,AVAILABLE,0
SEAT009787,ST001_S05,28,87,AVAILABLE,0
SEAT009788,ST001_S05,28,88,AVAILABLE,0
SEAT009789,ST001_S05,28,89,AVAILABLE,0
SEAT009790,ST001_S05,28,90,AVAILABLE,0
SEAT009791,ST001_S05,28,91,AVAILABLE,0
SEAT009792,ST001_S05,28,92,AVAILABLE,0
SEAT009793,ST001_S05,28,93,AVAILABLE,0
SEAT009794,ST001_S05,28,94,AVAILABLE,0
SEAT009795,ST001_S05,28,95,AVAILABLE,0
SEAT009796,ST001_S05,28,96,AVAILABLE,0
SEAT009797,ST001_S05,28,97,AVAILABLE,0
SEAT009798,ST001_S05,28,98,AVAILABLE,0
SEAT009799,ST001_S05,28,99,AVAILABLE,0
SEAT009800,ST001_S05,28,100,AVAILABLE,0
SEAT009801,ST001_S05,29,1,AVAILABLE,0
SEAT009802,ST001_S05,29,2,AVAILABLE,0
SEAT009803,ST001_S05,29,3,AVAILABLE,0
SEAT009804,ST001_S05,29,4,AVAILABLE,0
SEAT009805,ST001_S05,29,5,AVAILABLE,0
SEAT009806,ST001_S05,29,6,AVAILABLE,0
SEAT009807,ST001_S05,29,7,AVAILABLE,0
SEAT009808,ST001_S05,29,8,AVAILABLE,0
SEAT009809,ST001_S05,29,9,AVAILABLE,0
SEAT009810,ST001_S05,29,10,AVAILABLE,0
SEAT009811,ST001_S05,29,11,AVAILABLE,0
SEAT009812,ST001_S05,29,12,AVAILABLE,0
SEAT009813,ST001_S05,29,13,AVAILABLE,0
SEAT009814,ST001_S05,29,14,AVAILABLE,0
SEAT009815,ST001_S05,29,15,AVAILABLE,0
SEAT009816,ST001_S05,29,16,AVAILABLE,0
SEAT009817,ST001_S05,29,17,AVAILABLE,0
SEAT009818,ST001_S05,29,18,AVAILABLE,0
SEAT009819,ST001_S05,29,19,AVAILABLE,0
SEAT009820,ST001_S05,29,20,AVAILABLE,0
SEAT009821,ST001_S05,29,21,AVAILABLE,0
SEAT009822,ST001_S05,29,22,AVAILABLE,0
SEAT009823,ST001_S05,29,23,AVAILABLE,0
SEAT009824,ST001_S05,29,24,AVAILABLE,0
SEAT009825,ST001_S05,29,25,AVAILABLE,0
SEAT009826,ST001_S05,29,26,AVAILABLE,0
SEAT009827,ST001_S05,29,27,AVAILABLE,0
SEAT009828,ST001_S05,29,28,AVAILABLE,0
SEAT009829,ST001_S05,29,29,AVAILABLE,0
SEAT009830,ST001_S05,29,30,AVAILABLE,0
SEAT009831,ST001_S05,29,31,AVAILABLE,0
SEAT009832,ST001_S05,29,32,AVAILABLE,0
SEAT009833,ST001_S05,29,33,AVAILABLE,0
SEAT009834,ST001_S05,29,34,AVAILABLE,0
SEAT009835,ST001_S05,29,35,AVAILABLE,0
SEAT009836,ST001_S05,29,36,AVAILABLE,0
SEAT009837,ST001_S05,29,37,AVAILABLE,0
SEAT009838,ST001_S05,29,38,AVAILABLE,0
SEAT009839,ST001_S05,29,39,AVAILABLE,0
SEAT009840,ST001_S05,29,40,AVAILABLE,0
SEAT009841,ST001_S05,29,41,AVAILABLE,0
SEAT009842,ST001_S05,29,42,AVAILABLE,0
SEAT009843,ST001_S05,29,43,AVAILABLE,0
SEAT009844,ST001_S05,29,44,AVAILABLE,0
SEAT009845,ST001_S05,29,45,AVAILABLE,0
SEAT009846,ST001_S05,29,46,AVAILABLE,0
SEAT009847,ST001_S05,29,47,AVAILABLE,0
SEAT009848,ST001_S05,29,48,AVAILABLE,0
SEAT009849,ST001_S05,29,49,AVAILABLE,0
SEAT009850,ST001_S05,29,50,AVAILABLE,0
SEAT009851,ST001_S05,29,51,AVAILABLE,0
SEAT009852,ST001_S05,29,52,AVAILABLE,0
SEAT009853,ST001_S05,29,53,AVAILABLE,0
SEAT009854,ST001_S05,29,54,AVAILABLE,0
SEAT009855,ST001_S05,29,55,AVAILABLE,0
SEAT009856,ST001_S05,29,56,AVAILABLE,0
SEAT009857,ST001_S05,29,57,AVAILABLE,0
SEAT009858,ST001_S05,29,58,AVAILABLE,0
SEAT009859,ST001_S05,29,59,AVAILABLE,0
SEAT009860,ST001_S05,29,60,AVAILABLE,0
SEAT009861,ST001_S05,29,61,AVAILABLE,0
SEAT009862,ST001_S05,29,62,AVAILABLE,0
SEAT009863,ST001_S05,29,63,AVAILABLE,0
SEAT009864,ST001_S05,29,64,AVAILABLE,0
SEAT009865,ST001_S05,29,65,AVAILABLE,0
SEAT009866,ST001_S05,29,66,AVAILABLE,0
SEAT009867,ST001_S05,29,67,AVAILABLE,0
SEAT009868,ST001_S05,29,68,AVAILABLE,0
SEAT009869,ST001_S05,29,69,AVAILABLE,0
SEAT009870,ST001_S05,29,70,AVAILABLE,0
SEAT009871,ST001_S05,29,71,AVAILABLE,0
SEAT009872,ST001_S05,29,72,AVAILABLE,0
SEAT009873,ST001_S05,29,73,AVAILABLE,0
SEAT009874,ST001_S05,29,74,AVAILABLE,0
SEAT009875,ST001_S05,29,75,AVAILABLE,0
SEAT009876,ST001_S05,29,76,AVAILABLE,0
SEAT009877,ST001_S05,29,77,AVAILABLE,0
SEAT009878,ST001_S05,29,78,AVAILABLE,0
SEAT009879,ST001_S05,29,79,AVAILABLE,0
SEAT009880,ST001_S05,29,80,AVAILABLE,0
SEAT009881,ST001_S05,29,81,AVAILABLE,0
SEAT009882,ST001_S05,29,82,AVAILABLE,0
SEAT009883,ST001_S05,29,83,AVAILABLE,0
SEAT009884,ST001_S05,29,84,AVAILABLE,0
SEAT009885,ST001_S05,29,85,AVAILABLE,0
SEAT009886,ST001_S05,29,86,AVAILABLE,0
SEAT009887,ST001_S05,29,87,AVAILABLE,0
SEAT009888,ST001_S05,29,88,AVAILABLE,0
SEAT009889,ST001_S05,29,89,AVAILABLE,0
SEAT009890,ST001_S05,29,90,AVAILABLE,0
SEAT009891,ST001_S05,29,91,AVAILABLE,0
SEAT009892,ST001_S05,29,92,AVAILABLE,0
SEAT009893,ST001_S05,29,93,AVAILABLE,0
SEAT009894,ST001_S05,29,94,AVAILABLE,0
SEAT009895,ST001_S05,29,95,AVAILABLE,0
SEAT009896,ST001_S05,29,96,AVAILABLE,0
SEAT009897,ST001_S05,29,97,AVAILABLE,0
SEAT009898,ST001_S05,29,98,AVAILABLE,0
SEAT009899,ST001_S05,29,99,AVAILABLE,0
SEAT009900,ST001_S05,29,100,AVAILABLE,0
SEAT009901,ST001_S05,30,1,AVAILABLE,0
SEAT009902,ST001_S05,30,2,AVAILABLE,0
SEAT009903,ST001_S05,30,3,AVAILABLE,0
SEAT009904,ST001_S05,30,4,AVAILABLE,0
SEAT009905,ST001_S05,30,5,AVAILABLE,0
SEAT009906,ST001_S05,30,6,AVAILABLE,0
SEAT009907,ST001_S05,30,7,AVAILABLE,0
SEAT009908,ST001_S05,30,8,AVAILABLE,0
SEAT009909,ST001_S05,30,9,AVAILABLE,0
SEAT009910,ST001_S05,30,10,AVAILABLE,0
SEAT009911,ST001_S05,30,11,AVAILABLE,0
SEAT009912,ST001_S05,30,12,AVAILABLE,0
SEAT009913,ST001_S05,30,13,AVAILABLE,0
SEAT009914,ST001_S05,30,14,AVAILABLE,0
SEAT009915,ST001_S05,30,15,AVAILABLE,0
SEAT009916,ST001_S05,30,16,AVAILABLE,0
SEAT009917,ST001_S05,30,17,AVAILABLE,0
SEAT009918,ST001_S05,30,18,AVAILABLE,0
SEAT009919,ST001_S05,30,19,AVAILABLE,0
SEAT009920,ST001_S05,30,20,AVAILABLE,0
SEAT009921,ST001_S05,30,21,AVAILABLE,0
SEAT009922,ST001_S05,30,22,AVAILABLE,0
SEAT009923,ST001_S05,30,23,AVAILABLE,0
SEAT009924,ST001_S05,30,24,AVAILABLE,0
SEAT009925,ST001_S05,30,25,AVAILABLE,0
SEAT009926,ST001_S05,30,26,AVAILABLE,0
SEAT009927,ST001_S05,30,27,AVAILABLE,0
SEAT009928,ST001_S05,30,28,AVAILABLE,0
SEAT009929,ST001_S05,30,29,AVAILABLE,0
SEAT009930,ST001_S05,30,30,AVAILABLE,0
SEAT009931,ST001_S05,30,31,AVAILABLE,0
SEAT009932,ST001_S05,30,32,AVAILABLE,0
SEAT009933,ST001_S05,30,33,AVAILABLE,0
SEAT009934,ST001_S05,30,34,AVAILABLE,0
SEAT009935,ST001_S05,30,35,AVAILABLE,0
SEAT009936,ST001_S05,30,36,AVAILABLE,0
SEAT009937,ST001_S05,30,37,AVAILABLE,0
SEAT009938,ST001_S05,30,38,AVAILABLE,0
SEAT009939,ST001_S05,30,39,AVAILABLE,0
SEAT009940,ST001_S05,30,40,AVAILABLE,0
SEAT009941,ST001_S05,30,41,AVAILABLE,0
SEAT009942,ST001_S05,30,42,AVAILABLE,0
SEAT009943,ST001_S05,30,43,AVAILABLE,0
SEAT009944,ST001_S05,30,44,AVAILABLE,0
SEAT009945,ST001_S05,30,45,AVAILABLE,0
SEAT009946,ST001_S05,30,46,AVAILABLE,0
SEAT009947,ST001_S05,30,47,AVAILABLE,0
SEAT009948,ST001_S05,30,48,AVAILABLE,0
SEAT009949,ST001_S05,30,49,AVAILABLE,0
SEAT009950,ST001_S05,30,50,AVAILABLE,0
SEAT009951,ST001_S05,30,51,AVAILABLE,0
SEAT009952,ST001_S05,30,52,AVAILABLE,0
SEAT009953,ST001_S05,30,53,AVAILABLE,0
SEAT009954,ST001_S05,30,54,AVAILABLE,0
SEAT009955,ST001_S05,30,55,AVAILABLE,0
SEAT009956,ST001_S05,30,56,AVAILABLE,0
SEAT009957,ST001_S05,30,57,AVAILABLE,0
SEAT009958,ST001_S05,30,58,AVAILABLE,0
SEAT009959,ST001_S05,30,59,AVAILABLE,0
SEAT009960,ST001_S05,30,60,AVAILABLE,0
SEAT009961,ST001_S05,30,61,AVAILABLE,0
SEAT009962,ST001_S05,30,62,AVAILABLE,0
SEAT009963,ST001_S05,30,63,AVAILABLE,0
SEAT009964,ST001_S05,30,64,AVAILABLE,0
SEAT009965,ST001_S05,30,65,AVAILABLE,0
SEAT009966,ST001_S05,30,66,AVAILABLE,0
SEAT009967,ST001_S05,30,67,AVAILABLE,0
SEAT009968,ST001_S05,30,68,AVAILABLE,0
SEAT009969,ST001_S05,30,69,AVAILABLE,0
SEAT009970,ST001_S05,30,70,AVAILABLE,0
SEAT009971,ST001_S05,30,71,AVAILABLE,0
SEAT009972,ST001_S05,30,72,AVAILABLE,0
SEAT009973,ST001_S05,30,73,AVAILABLE,0
SEAT009974,ST001_S05,30,74,AVAILABLE,0
SEAT009975,ST001_S05,30,75,AVAILABLE,0
SEAT009976,ST001_S05,30,76,AVAILABLE,0
SEAT009977,ST001_S05,30,77,AVAILABLE,0
SEAT009978,ST001_S05,30,78,AVAILABLE,0
SEAT009979,ST001_S05,30,79,AVAILABLE,0
SEAT009980,ST001_S05,30,80,AVAILABLE,0
SEAT009981,ST001_S05,30,81,AVAILABLE,0
SEAT009982,ST001_S05,30,82,AVAILABLE,0
SEAT009983,ST001_S05,30,83,AVAILABLE,0
SEAT009984,ST001_S05,30,84,AVAILABLE,0
SEAT009985,ST001_S05,30,85,AVAILABLE,0
SEAT009986,ST001_S05,30,86,AVAILABLE,0
SEAT009987,ST001_S05,30,87,AVAILABLE,0
SEAT009988,ST001_S05,30,88,AVAILABLE,0
SEAT009989,ST001_S05,30,89,AVAILABLE,0
SEAT009990,ST001_S05,30,90,AVAILABLE,0
SEAT009991,ST001_S05,30,91,AVAILABLE,0
SEAT009992,ST001_S05,30,92,AVAILABLE,0
SEAT009993,ST001_S05,30,93,AVAILABLE,0
SEAT009994,ST001_S05,30,94,AVAILABLE,0
SEAT009995,ST001_S05,30,95,AVAILABLE,0
SEAT009996,ST001_S05,30,96,AVAILABLE,0
SEAT009997,ST001_S05,30,97,AVAILABLE,0
SEAT009998,ST001_S05,30,98,AVAILABLE,0
SEAT009999,ST001_S05,30,99,AVAILABLE,0
SEAT010000,ST001_S05,30,100,AVAILABLE,0
